Timestamp               Ty Process[PID:TID]
2026-10-10 09:59:18.336 Df CoreServicesUIAgent[917:64f516] [com.apple.launchservices:uiagent] -[GKQuarantineResolver malwareCheckEnded:result:forURL:]: XProtect finished executable analysis {
    XProtectCaspianContext =     {
        LSDownloadContentTypeKey = "public.zip-archive";
        LSDownloadCorrectedMIMETypeKey = "application/zip";
        LSDownloadDepressRisk = 0;
        LSDownloadDestinationURLKey = "file:///Users/lifeilin/Downloads/Veyra-P0-08-first-open-20261010/VeyraPrototype-0.1.0-macos-arm64.zip";
        LSDownloadRiskCategoryKey = LSRiskCategoryMayContainUnsafeExecutable;
        LSDownloadRiskLevelKey = 3;
        LSDownloadSuggestedFilenameKey = "VeyraPrototype-0.1.0-macos-arm64.zip";
        "context:uti" = "public.zip-archive";
        operation = "operation:lsopen";
    };
    XProtectMalwareType = 0;
}
2026-10-10 09:59:18.959 E  ArchiveService[15199:64f580] [com.apple.libsystem.sandbox:] sandbox_extension_issue_file failed for /.nofollow/Users/lifeilin/Downloads/Veyra-P0-08-first-open-20261010/VeyraPrototype.app: 1 (Operation not permitted)
2026-10-10 09:59:18.999 Df lsd[924:64f50b] [com.apple.appinstallation:TransactionLog] me.veyra.gpui-prototype/Unknown Persona:5:5:1:1:Building bundle record for app
2026-10-10 09:59:18.999 Df lsd[924:64f50b] [com.apple.appinstallation:TransactionLog] me.veyra.gpui-prototype/Unknown Persona:5:5:2:1:Built bundle record for app
2026-10-10 09:59:18.999 Df lsd[924:64f50b] [com.apple.appinstallation:TransactionLog] me.veyra.gpui-prototype/Unknown Persona:5:4:2:1:_LSServerRegisterItemInfo result = 0
2026-10-10 09:59:19.000 Df siriactionsd[964:64f509] [com.apple.shortcuts:Daemon] Firing event: <distributed notification: com.apple.LaunchServices.applicationRegistered, userInfo: [AnyHashable("isPlaceholder"): 0, AnyHashable("bundleIDs"): <__NSSingleObjectArrayI 0x7ce2d6ead0>(
me.veyra.gpui-prototype
)
]>
2026-10-10 09:59:19.002 E  Finder[1272:2b0e] [com.apple.DesktopServices:CopyEngine] TCFURLInfo::TranslateCFError -- status: fnfErr
	 CFError: Error Domain=NSCocoaErrorDomain Code=4 "文件“VeyraPrototype.app”不存在。" UserInfo={NSURL=file:///.file/id=6571367.35334997/}
	 URL: file:///.file/id=6571367.35334997/ ()
	 Backtrace:
(null)
2026-10-10 09:59:19.002 E  Finder[1272:2b0e] [com.apple.DesktopServices:CopyEngine] TCFURLInfo::TranslateCFError -- status: fnfErr
	 CFError: Error Domain=NSCocoaErrorDomain Code=4 "文件“VeyraPrototype.app”不存在。" UserInfo={NSURL=file:///.file/id=6571367.35334997/}
	 URL: file:///.file/id=6571367.35334997/ ()
	 Backtrace:
(null)
2026-10-10 09:59:19.002 E  Finder[1272:2b0e] [com.apple.DesktopServices:CopyEngine] TCFURLInfo::TranslateCFError -- status: fnfErr
	 CFError: Error Domain=NSCocoaErrorDomain Code=4 "文件“VeyraPrototype.app”不存在。" UserInfo={NSURL=file:///.file/id=6571367.35334997/}
	 URL: file:///.file/id=6571367.35334997/ ()
	 Backtrace:
(null)
2026-10-10 09:59:19.006 Df lsd[924:64f584] [com.apple.appinstallation:TransactionLog] me.veyra.gpui-prototype/Unknown Persona:5:5:1:1:Building bundle record for app
2026-10-10 09:59:19.006 Df lsd[924:64f584] [com.apple.appinstallation:TransactionLog] me.veyra.gpui-prototype/Unknown Persona:5:5:2:1:Built bundle record for app
2026-10-10 09:59:19.007 Df lsd[924:64f584] [com.apple.appinstallation:TransactionLog] me.veyra.gpui-prototype/Unknown Persona:5:4:2:1:_LSServerRegisterItemInfo result = 0
2026-10-10 09:59:19.008 Df siriactionsd[964:64f509] [com.apple.shortcuts:Daemon] Firing event: <distributed notification: com.apple.LaunchServices.applicationRegistered, userInfo: [AnyHashable("isPlaceholder"): 0, AnyHashable("bundleIDs"): <__NSSingleObjectArrayI 0x7ce2d6ead0>(
me.veyra.gpui-prototype
)
]>
2026-10-10 09:59:19.015 Df dmd[945:1cbc] Received xpc stream event (distributed notification matching) with name: com.apple.LaunchServices.applicationRegistered user info: {
    bundleIDs =     (
        "me.veyra.gpui-prototype"
    );
    isPlaceholder = 0;
}
2026-10-10 09:59:19.016 Df dmd[945:1cbc] Received xpc stream event (distributed notification matching) with name: com.apple.LaunchServices.applicationRegistered user info: {
    bundleIDs =     (
        "me.veyra.gpui-prototype"
    );
    isPlaceholder = 0;
}
2026-10-10 09:59:19.032 Df lsd[924:64f391] [com.apple.appinstallation:TransactionLog] me.veyra.gpui-prototype/Unknown Persona:5:5:1:1:Building bundle record for app
2026-10-10 09:59:19.032 Df lsd[924:64f391] [com.apple.appinstallation:TransactionLog] me.veyra.gpui-prototype/Unknown Persona:5:5:2:1:Built bundle record for app
2026-10-10 09:59:19.033 Df lsd[924:64f391] [com.apple.appinstallation:TransactionLog] me.veyra.gpui-prototype/Unknown Persona:5:4:2:1:_LSServerRegisterItemInfo result = 0
2026-10-10 09:59:19.034 Df siriactionsd[964:64f5f0] [com.apple.shortcuts:Daemon] Firing event: <distributed notification: com.apple.LaunchServices.applicationRegistered, userInfo: [AnyHashable("isPlaceholder"): 0, AnyHashable("bundleIDs"): <__NSSingleObjectArrayI 0x7ce2d6ead0>(
me.veyra.gpui-prototype
)
]>
2026-10-10 09:59:19.046 Df dmd[945:1cbc] Received xpc stream event (distributed notification matching) with name: com.apple.LaunchServices.applicationRegistered user info: {
    bundleIDs =     (
        "me.veyra.gpui-prototype"
    );
    isPlaceholder = 0;
}
2026-10-10 09:59:19.072 Df lsd[924:64f584] [com.apple.appinstallation:TransactionLog] me.veyra.gpui-prototype/Unknown Persona:5:5:1:1:Building bundle record for app
2026-10-10 09:59:19.072 Df lsd[924:64f584] [com.apple.appinstallation:TransactionLog] me.veyra.gpui-prototype/Unknown Persona:5:5:2:1:Built bundle record for app
2026-10-10 09:59:19.073 Df siriactionsd[964:64de28] [com.apple.shortcuts:Daemon] Firing event: <distributed notification: com.apple.LaunchServices.applicationUnregistered, userInfo: [AnyHashable("isPlaceholder"): 0, AnyHashable("bundleIDs"): <__NSSingleObjectArrayI 0x7ce2d6ead0>(
me.veyra.gpui-prototype
)
]>
2026-10-10 09:59:19.073 Df lsd[924:64f584] [com.apple.appinstallation:TransactionLog] me.veyra.gpui-prototype/Unknown Persona:5:4:2:1:_LSServerRegisterItemInfo result = 0
2026-10-10 09:59:19.074 Df siriactionsd[964:64f593] [com.apple.shortcuts:Daemon] Firing event: <distributed notification: com.apple.LaunchServices.applicationRegistered, userInfo: [AnyHashable("isForcedUpdate"): 1, AnyHashable("isPlaceholder"): 0, AnyHashable("bundleIDs"): <__NSSingleObjectArrayI 0x7ce2d6e060>(
me.veyra.gpui-prototype
)
]>
2026-10-10 09:59:19.079 Df lsd[924:64f5ea] [com.apple.appinstallation:TransactionLog] me.veyra.gpui-prototype/Unknown Persona:5:5:1:1:Building bundle record for app
2026-10-10 09:59:19.079 Df lsd[924:64f5ea] [com.apple.appinstallation:TransactionLog] me.veyra.gpui-prototype/Unknown Persona:5:5:2:1:Built bundle record for app
2026-10-10 09:59:19.079 Df lsd[924:64f5ea] [com.apple.appinstallation:TransactionLog] me.veyra.gpui-prototype/Unknown Persona:5:4:2:1:_LSServerRegisterItemInfo result = 0
2026-10-10 09:59:19.082 Df siriactionsd[964:64de28] [com.apple.shortcuts:Daemon] Firing event: <distributed notification: com.apple.LaunchServices.applicationRegistered, userInfo: [AnyHashable("isForcedUpdate"): 1, AnyHashable("isPlaceholder"): 0, AnyHashable("bundleIDs"): <__NSSingleObjectArrayI 0x7ce2d6e060>(
me.veyra.gpui-prototype
)
]>
2026-10-10 09:59:19.086 Df dmd[945:1cbc] Received xpc stream event (distributed notification matching) with name: com.apple.LaunchServices.applicationRegistered user info: {
    bundleIDs =     (
        "me.veyra.gpui-prototype"
    );
    isForcedUpdate = 1;
    isPlaceholder = 0;
}
2026-10-10 09:59:19.089 Df dmd[945:1cbc] Received xpc stream event (distributed notification matching) with name: com.apple.LaunchServices.applicationRegistered user info: {
    bundleIDs =     (
        "me.veyra.gpui-prototype"
    );
    isForcedUpdate = 1;
    isPlaceholder = 0;
}
2026-10-10 09:59:19.312 Df lsd[619:64f5cd] [com.apple.appinstallation:TransactionLog] me.veyra.gpui-prototype/Unknown Persona:5:5:1:1:Building bundle record for app
2026-10-10 09:59:19.313 Df lsd[619:64f5cd] [com.apple.appinstallation:TransactionLog] me.veyra.gpui-prototype/Unknown Persona:5:5:2:1:Built bundle record for app
2026-10-10 09:59:19.313 Df lsd[619:64f5cd] [com.apple.appinstallation:TransactionLog] me.veyra.gpui-prototype/Unknown Persona:5:4:2:1:_LSServerRegisterItemInfo result = 0
2026-10-10 09:59:19.314 Df nehelper[652:64a524] [com.apple.networkextension:] Received an apps installed notification with bundle IDs (
    "me.veyra.gpui-prototype"
)
2026-10-10 09:59:19.323 Df lsd[619:64f5cd] [com.apple.appinstallation:TransactionLog] me.veyra.gpui-prototype/Unknown Persona:5:5:1:1:Building bundle record for app
2026-10-10 09:59:19.323 Df lsd[619:64f5cd] [com.apple.appinstallation:TransactionLog] me.veyra.gpui-prototype/Unknown Persona:5:5:2:1:Built bundle record for app
2026-10-10 09:59:19.324 Df lsd[619:64f5cd] [com.apple.appinstallation:TransactionLog] me.veyra.gpui-prototype/Unknown Persona:5:4:2:1:_LSServerRegisterItemInfo result = 0
2026-10-10 09:59:19.325 Df nehelper[652:64a524] [com.apple.networkextension:] Received an apps installed notification with bundle IDs (
    "me.veyra.gpui-prototype"
)
2026-10-10 09:59:19.912 Df nehelper[652:64f642] [com.apple.networkextension:] Removing UUIDs for (
    "me.veyra.gpui-prototype"
)
2026-10-10 09:59:19.917 Df nehelper[652:64a524] [com.apple.networkextension:] Handling an apps installed notification with bundle IDs (
    "me.veyra.gpui-prototype"
)
2026-10-10 09:59:19.922 Df nehelper[652:64f667] [com.apple.networkextension:] com.apple.preferences.networkprivacy-CDD3AC0C-9330-4F02-BAC6-2C23D7EE7E09: Populating the cache with 1 UUID(s) for me.veyra.gpui-prototype
2026-10-10 09:59:20.530 Df linkd[936:64f622] [com.apple.appintents:IndexCoordinator] Starting task: Audit: Bundles: me.veyra.gpui-prototype, me.veyra.gpui-prototype, me.veyra.gpui-prototype, me.veyra.gpui-prototype, me.veyra.gpui-prototype
2026-10-10 09:59:20.584 Df linkd[936:64f622] [com.apple.appintents:Indexing] Looking for bundle: me.veyra.gpui-prototype
2026-10-10 09:59:20.584 Df linkd[936:64f622] [com.apple.appintents:Indexing] Looking for bundle: me.veyra.gpui-prototype
2026-10-10 09:59:20.584 Df linkd[936:64f622] [com.apple.appintents:Indexing] Looking for bundle: me.veyra.gpui-prototype
2026-10-10 09:59:20.585 Df linkd[936:64f622] [com.apple.appintents:Indexing] Looking for bundle: me.veyra.gpui-prototype
2026-10-10 09:59:20.585 Df linkd[936:64f622] [com.apple.appintents:Indexing] Looking for bundle: me.veyra.gpui-prototype
2026-10-10 09:59:20.589 Df linkd[936:64f622] [com.apple.appintents:Indexing] Collating specified bundles: me.veyra.gpui-prototype, me.veyra.gpui-prototype, me.veyra.gpui-prototype, me.veyra.gpui-prototype, me.veyra.gpui-prototype
2026-10-10 09:59:20.594 Df linkd[936:64f622] [com.apple.appintents:IndexCoordinator] Finished task: Audit: Bundles: me.veyra.gpui-prototype, me.veyra.gpui-prototype, me.veyra.gpui-prototype, me.veyra.gpui-prototype, me.veyra.gpui-prototype
2026-10-10 09:59:33.706 Df lsd[924:64f50b] [com.apple.appinstallation:TransactionLog] me.veyra.gpui-prototype/Unknown Persona:5:5:1:1:Building bundle record for app
2026-10-10 09:59:33.706 Df lsd[924:64f50b] [com.apple.appinstallation:TransactionLog] me.veyra.gpui-prototype/Unknown Persona:5:5:2:1:Built bundle record for app
2026-10-10 09:59:33.706 Df lsd[924:64f50b] [com.apple.appinstallation:TransactionLog] me.veyra.gpui-prototype/Unknown Persona:5:4:2:1:_LSServerRegisterItemInfo result = 0
2026-10-10 09:59:33.709 Df siriactionsd[964:64f5f1] [com.apple.shortcuts:Daemon] Firing event: <distributed notification: com.apple.LaunchServices.applicationRegistered, userInfo: [AnyHashable("bundleIDs"): <__NSSingleObjectArrayI 0x7ce2d6e6d0>(
me.veyra.gpui-prototype
)
, AnyHashable("isPlaceholder"): 0]>
2026-10-10 09:59:33.711 Df lsd[924:64f50b] [com.apple.securityd:SecWarning] SecTranslocateCreateSecureDirectoryForURL: created /private/var/folders/sq/9tr34l617h5fp65hjxgvly140000gn/T/AppTranslocation/682B5336-3D40-4CAD-8C1C-BC3251D79FB0/d/VeyraPrototype.app
2026-10-10 09:59:33.724 Df dmd[945:1cbc] Received xpc stream event (distributed notification matching) with name: com.apple.LaunchServices.applicationRegistered user info: {
    bundleIDs =     (
        "me.veyra.gpui-prototype"
    );
    isPlaceholder = 0;
}
2026-10-10 09:59:33.726 Df runningboardd[601:64ee60] [com.apple.runningboard:general] Launch request for app<application.me.veyra.gpui-prototype.35334998.35335004(501)>[0] is using uid 501 (divined from auid 501 euid 501)
2026-10-10 09:59:33.726 Df runningboardd[601:64ee60] [com.apple.runningboard:ttl] Acquiring assertion targeting app<application.me.veyra.gpui-prototype.35334998.35335004(501)> from originator [osservice<com.apple.coreservices.uiagent(501)>:917] with description <RBSAssertionDescriptor| "LS launch me.veyra.gpui-prototype" ID:601-917-61827 target:app<application.me.veyra.gpui-prototype.35334998.35335004(501)> attributes:[
	<RBSDomainAttribute| domain:"com.apple.launchservicesd" name:"LaunchRoleUserInteractive" sourceEnvironment:"(null)">
	]>
2026-10-10 09:59:33.726 Df runningboardd[601:64ee60] [com.apple.runningboard:ttl] Assertion 601-917-61827 (target:app<application.me.veyra.gpui-prototype.35334998.35335004(501)>) will be created as active
2026-10-10 09:59:33.726 Df runningboardd[601:64f23a] [com.apple.runningboard:process] Checking PreventLaunch: global:0 exPath:/private/var/folders/sq/9tr34l617h5fp65hjxgvly140000gn/T/AppTranslocation/682B5336-3D40-4CAD-8C1C-BC3251D79FB0/d/VeyraPrototype.app/Contents/MacOS/veyra-gpui-prototype predicates:(null) allow:(null)
2026-10-10 09:59:33.726 Df runningboardd[601:64f23a] [com.apple.runningboard:job] Creating and launching job for: app<application.me.veyra.gpui-prototype.35334998.35335004(501)>
2026-10-10 09:59:33.726 Df runningboardd[601:64f23a] [com.apple.runningboard:general] _mutateContextIfNeeded called for me.veyra.gpui-prototype
2026-10-10 09:59:33.727 Df runningboardd[601:64f23a] [com.apple.runningboard:job] app<application.me.veyra.gpui-prototype.35334998.35335004(501)>: -[RBPersonaManager personaForIdentity:context:personaUID:personaUniqueString:] required 0.000000 ms (wallclock); resolved to {4294967295, (null)}
2026-10-10 09:59:33.728 Df linkd[936:64f624] [com.apple.appintents:IndexCoordinator] Starting task: Audit: Bundles: me.veyra.gpui-prototype
2026-10-10 09:59:33.736 Df amfid[542:649b88] /private/var/folders/sq/9tr34l617h5fp65hjxgvly140000gn/T/AppTranslocation/682B5336-3D40-4CAD-8C1C-BC3251D79FB0/d/VeyraPrototype.app/Contents/MacOS/veyra-gpui-prototype not valid: Error Domain=AppleMobileFileIntegrityError Code=-423 "The file is adhoc signed or signed by an unknown certificate chain" UserInfo={NSURL=file:///private/var/folders/sq/9tr34l617h5fp65hjxgvly140000gn/T/AppTranslocation/682B5336-3D40-4CAD-8C1C-BC3251D79FB0/d/VeyraPrototype.app/Contents/MacOS/veyra-gpui-prototype, NSLocalizedDescription=The file is adhoc signed or signed by an unknown certificate chain}
2026-10-10 09:59:33.737 Df runningboardd[601:64f23a] [com.apple.runningboard:process] [app<application.me.veyra.gpui-prototype.35334998.35335004(501)>:15286] is not RunningBoard jetsam managed.
2026-10-10 09:59:33.737 Df runningboardd[601:64f23a] [com.apple.runningboard:process] [app<application.me.veyra.gpui-prototype.35334998.35335004(501)>:15286] This process will not be managed.
2026-10-10 09:59:33.737 Df runningboardd[601:64f23a] [com.apple.runningboard:ttl] Now tracking process: [app<application.me.veyra.gpui-prototype.35334998.35335004(501)>:15286]
2026-10-10 09:59:33.737 Df runningboardd[601:64f052] [com.apple.runningboard:monitor] Calculated state for app<application.me.veyra.gpui-prototype.35334998.35335004(501)>: running-active (role: UserInteractive) (endowments: <private>)
2026-10-10 09:59:33.737 Df runningboardd[601:64f23a] [com.apple.runningboard:assertion] Using default underlying assertion for app: [app<application.me.veyra.gpui-prototype.35334998.35335004(501)>:15286]
2026-10-10 09:59:33.737 Df runningboardd[601:64f23a] [com.apple.runningboard:ttl] Acquiring assertion targeting [app<application.me.veyra.gpui-prototype.35334998.35335004(501)>:15286] from originator [app<application.me.veyra.gpui-prototype.35334998.35335004(501)>:15286] with description <RBSAssertionDescriptor| "RB Underlying Assertion" ID:601-601-61828 target:15286 attributes:[
	<RBSDomainAttribute| domain:"com.apple.underlying" name:"defaultUnderlyingAppAssertion" sourceEnvironment:"(null)">,
	<RBSAcquisitionCompletionAttribute| policy:AfterApplication>
	]>
2026-10-10 09:59:33.738 Df gamepolicyd[755:64f2c0] [com.apple.runningboard:process] Hit the server for a process handle 1dcfe4c600003bb6 that resolved to: [app<application.me.veyra.gpui-prototype.35334998.35335004(501)>:15286]
2026-10-10 09:59:33.738 Df runningboardd[601:64f23a] [com.apple.runningboard:ttl] Assertion 601-601-61828 (target:[app<application.me.veyra.gpui-prototype.35334998.35335004(501)>:15286]) will be created as active
2026-10-10 09:59:33.738 Df gamepolicyd[755:64f2c0] [com.apple.runningboard:monitor] Received state update for 15286 (app<application.me.veyra.gpui-prototype.35334998.35335004(501)>, running-active-NotVisible
2026-10-10 09:59:33.738 Df runningboardd[601:64f4e7] [com.apple.runningboard:process] [app<application.me.veyra.gpui-prototype.35334998.35335004(501)>:15286] Ignoring jetsam update because this process is not memory-managed
2026-10-10 09:59:33.738 Df runningboardd[601:64f4e7] [com.apple.runningboard:process] [app<application.me.veyra.gpui-prototype.35334998.35335004(501)>:15286] Ignoring suspend because this process is not lifecycle managed
2026-10-10 09:59:33.738 Df runningboardd[601:64f4e7] [com.apple.runningboard:ttl] [app<application.me.veyra.gpui-prototype.35334998.35335004(501)>:15286] Set darwin role to: UserInteractive
2026-10-10 09:59:33.738 Df runningboardd[601:64f4e7] [com.apple.runningboard:process] [app<application.me.veyra.gpui-prototype.35334998.35335004(501)>:15286] Ignoring GPU update because this process is not GPU managed
2026-10-10 09:59:33.738 Df runningboardd[601:64f4e7] [com.apple.runningboard:process] [app<application.me.veyra.gpui-prototype.35334998.35335004(501)>:15286] Ignoring memory limit update because this process is not memory-managed
2026-10-10 09:59:33.738 Df runningboardd[601:64ee60] [com.apple.runningboard:general] [app<application.me.veyra.gpui-prototype.35334998.35335004(501)>:15286] reported to RB as running
2026-10-10 09:59:33.738 Df runningboardd[601:64f23a] [com.apple.runningboard:monitor] Calculated state for app<application.me.veyra.gpui-prototype.35334998.35335004(501)>: running-active (role: UserInteractive) (endowments: <private>)
2026-10-10 09:59:33.738 Df gamepolicyd[755:64f0a2] [com.apple.runningboard:monitor] Received state update for 15286 (app<application.me.veyra.gpui-prototype.35334998.35335004(501)>, running-active-NotVisible
2026-10-10 09:59:33.739 Df runningboardd[601:64f23a] [com.apple.runningboard:ttl] Acquiring assertion targeting [app<application.me.veyra.gpui-prototype.35334998.35335004(501)>:15286] from originator [osservice<com.apple.coreservices.launchservicesd>:567] with description <RBSAssertionDescriptor| "foregroundApp:15286" ID:601-567-61829 target:15286 attributes:[
	<RBSDomainAttribute| domain:"com.apple.launchservicesd" name:"RoleUserInteractiveNonFocal" sourceEnvironment:"(null)">
	]>
2026-10-10 09:59:33.739 Df runningboardd[601:64f23a] [com.apple.runningboard:ttl] Assertion 601-567-61829 (target:[app<application.me.veyra.gpui-prototype.35334998.35335004(501)>:15286]) will be created as active
2026-10-10 09:59:33.739 Df runningboardd[601:64f23a] [com.apple.runningboard:monitor] Calculated state for app<application.me.veyra.gpui-prototype.35334998.35335004(501)>: running-active (role: UserInteractive) (endowments: <private>)
2026-10-10 09:59:33.739 Df runningboardd[601:64f23a] [com.apple.runningboard:ttl] Invalidating assertion 601-917-61827 (target:app<application.me.veyra.gpui-prototype.35334998.35335004(501)>) from originator [osservice<com.apple.coreservices.uiagent(501)>:917]
2026-10-10 09:59:33.739 Df loginwindow[599:12e0] [com.apple.loginwindow.logging:Standard] -[Application _updateInformationInternal] | Got App URL: file:///Users/lifeilin/Downloads/Veyra-P0-08-first-open-20261010/VeyraPrototype.app/
2026-10-10 09:59:33.740 Df lsd[619:64f7ba] [com.apple.launchservices:default] register container file:///private/var/folders/sq/9tr34l617h5fp65hjxgvly140000gn/T/AppTranslocation/682B5336-3D40-4CAD-8C1C-BC3251D79FB0/d/VeyraPrototype.app/
2026-10-10 09:59:33.740 Df runningboardd[601:64f4e7] [com.apple.runningboard:process] [app<application.me.veyra.gpui-prototype.35334998.35335004(501)>:15286] Ignoring jetsam update because this process is not memory-managed
2026-10-10 09:59:33.740 Df runningboardd[601:64f4e7] [com.apple.runningboard:process] [app<application.me.veyra.gpui-prototype.35334998.35335004(501)>:15286] Ignoring suspend because this process is not lifecycle managed
2026-10-10 09:59:33.740 Df runningboardd[601:64f4e7] [com.apple.runningboard:process] [app<application.me.veyra.gpui-prototype.35334998.35335004(501)>:15286] Ignoring GPU update because this process is not GPU managed
2026-10-10 09:59:33.740 Df runningboardd[601:64f4e7] [com.apple.runningboard:process] [app<application.me.veyra.gpui-prototype.35334998.35335004(501)>:15286] Ignoring memory limit update because this process is not memory-managed
2026-10-10 09:59:33.740 Df runningboardd[601:64f4e7] [com.apple.runningboard:process] [app<application.me.veyra.gpui-prototype.35334998.35335004(501)>:15286] Ignoring jetsam update because this process is not memory-managed
2026-10-10 09:59:33.740 Df runningboardd[601:64f4e7] [com.apple.runningboard:process] [app<application.me.veyra.gpui-prototype.35334998.35335004(501)>:15286] Ignoring suspend because this process is not lifecycle managed
2026-10-10 09:59:33.740 Df runningboardd[601:64f4e7] [com.apple.runningboard:process] [app<application.me.veyra.gpui-prototype.35334998.35335004(501)>:15286] Ignoring GPU update because this process is not GPU managed
2026-10-10 09:59:33.740 Df runningboardd[601:64f4e7] [com.apple.runningboard:process] [app<application.me.veyra.gpui-prototype.35334998.35335004(501)>:15286] Ignoring memory limit update because this process is not memory-managed
2026-10-10 09:59:33.740 Df runningboardd[601:64f239] [com.apple.runningboard:assertion] Successfully acquired underlying assertion for [app<application.me.veyra.gpui-prototype.35334998.35335004(501)>:15286]
2026-10-10 09:59:33.740 Df lsd[619:64f7ba] [com.apple.launchservices:default] register container file:///var/folders/sq/9tr34l617h5fp65hjxgvly140000gn/T/AppTranslocation/682B5336-3D40-4CAD-8C1C-BC3251D79FB0/d/VeyraPrototype.app/
2026-10-10 09:59:33.742 Df distnoted[902:64f818] [com.apple.distnoted:diagnostic] register name: com.apple.sharedfilelist.change object: com.apple.LSSharedFileList.ApplicationRecentDocuments/me.veyra.gpui-prototype token: 19b00000057 pid: 1270
2026-10-10 09:59:33.743 Df loginwindow[599:12e0] [com.apple.loginwindow.logging:Standard] -[Application setState:] | enter: <Application: 0x7c02440600: VeyraPrototype> state 2
2026-10-10 09:59:33.743 Df loginwindow[599:12e0] [com.apple.loginwindow.logging:TAL] -[PersistentAppsSupport applicationReady:] | App: VeyraPrototype, ready, updating active tracking timer
2026-10-10 09:59:33.743 Df loginwindow[599:12e0] [com.apple.loginwindow.logging:Standard] -[ApplicationManager checkInAppContext:eventData:] | ApplicationManager: Checked in app : VeyraPrototype
2026-10-10 09:59:33.751 Df lsd[619:64f7bb] [com.apple.appinstallation:TransactionLog] me.veyra.gpui-prototype/Unknown Persona:5:5:1:1:Building bundle record for app
2026-10-10 09:59:33.751 Df lsd[619:64f7bb] [com.apple.appinstallation:TransactionLog] me.veyra.gpui-prototype/Unknown Persona:5:5:2:1:Built bundle record for app
2026-10-10 09:59:33.751 Df lsd[619:64f7bb] [com.apple.appinstallation:TransactionLog] me.veyra.gpui-prototype/Unknown Persona:5:4:2:1:_LSServerRegisterItemInfo result = 0
2026-10-10 09:59:33.756 Df lsd[619:64f7bb] [com.apple.appinstallation:TransactionLog] me.veyra.gpui-prototype/Unknown Persona:5:5:1:1:Building bundle record for app
2026-10-10 09:59:33.756 Df lsd[619:64f7bb] [com.apple.appinstallation:TransactionLog] me.veyra.gpui-prototype/Unknown Persona:5:5:2:1:Built bundle record for app
2026-10-10 09:59:33.756 Df lsd[619:64f7bb] [com.apple.appinstallation:TransactionLog] me.veyra.gpui-prototype/Unknown Persona:5:4:2:1:_LSServerRegisterItemInfo result = 0
2026-10-10 09:59:33.758 Df nehelper[652:64f668] [com.apple.networkextension:] Received an apps installed notification with bundle IDs (
    "me.veyra.gpui-prototype"
)
2026-10-10 09:59:33.758 Df nehelper[652:64f668] [com.apple.networkextension:] Received an apps installed notification with bundle IDs (
    "me.veyra.gpui-prototype"
)
2026-10-10 09:59:33.796 Df runningboardd[601:64ee60] [com.apple.runningboard:process] [app<application.me.veyra.gpui-prototype.35334998.35335004(501)>:15286] Ignoring jetsam update because this process is not memory-managed
2026-10-10 09:59:33.796 Df runningboardd[601:64ee60] [com.apple.runningboard:process] [app<application.me.veyra.gpui-prototype.35334998.35335004(501)>:15286] Ignoring suspend because this process is not lifecycle managed
2026-10-10 09:59:33.796 Df runningboardd[601:64ee60] [com.apple.runningboard:ttl] [app<application.me.veyra.gpui-prototype.35334998.35335004(501)>:15286] Set darwin role to: UserInteractiveNonFocal
2026-10-10 09:59:33.796 Df runningboardd[601:64ee60] [com.apple.runningboard:process] [app<application.me.veyra.gpui-prototype.35334998.35335004(501)>:15286] Ignoring GPU update because this process is not GPU managed
2026-10-10 09:59:33.796 Df runningboardd[601:64ee60] [com.apple.runningboard:process] [app<application.me.veyra.gpui-prototype.35334998.35335004(501)>:15286] Ignoring memory limit update because this process is not memory-managed
2026-10-10 09:59:33.796 Df runningboardd[601:64ee60] [com.apple.runningboard:monitor] Calculated state for app<application.me.veyra.gpui-prototype.35334998.35335004(501)>: running-active (role: UserInteractiveNonFocal) (endowments: <private>)
2026-10-10 09:59:33.798 Df linkd[936:64f624] [com.apple.appintents:Indexing] Looking for bundle: me.veyra.gpui-prototype
2026-10-10 09:59:33.806 Df linkd[936:64f624] [com.apple.appintents:IndexCoordinator] Finished task: Audit: Bundles: me.veyra.gpui-prototype
2026-10-10 09:59:33.843 Df gamepolicyd[755:64f2c0] [com.apple.runningboard:monitor] Received state update for 15286 (app<application.me.veyra.gpui-prototype.35334998.35335004(501)>, running-active-NotVisible
2026-10-10 09:59:34.358 Df nehelper[652:64f84f] [com.apple.networkextension:] Removing UUIDs for (
    "me.veyra.gpui-prototype"
)
2026-10-10 09:59:34.362 Df nehelper[652:64f668] [com.apple.networkextension:] Handling an apps installed notification with bundle IDs (
    "me.veyra.gpui-prototype"
)
2026-10-10 09:59:34.368 Df nehelper[652:64f668] [com.apple.networkextension:] com.apple.preferences.networkprivacy-CDD3AC0C-9330-4F02-BAC6-2C23D7EE7E09: Populating the cache with 1 UUID(s) for me.veyra.gpui-prototype
2026-10-10 09:59:34.772 Df syspolicyd[670:64f857] [com.apple.syspolicy.exec:default] GK evaluateScanResult: 0, PST: (path: 19ba7e077d9470c2), (team: (null)), (id: me.veyra.gpui-prototype), (bundle_id: me.veyra.gpui-prototype), 1, 0, 1, 0, 0, 0, 0
2026-10-10 09:59:34.772 Df syspolicyd[670:64f857] [com.apple.syspolicy.exec:default] Prompt shown (6, 0), waiting for response: PST: (path: 19ba7e077d9470c2), (team: (null)), (id: me.veyra.gpui-prototype), (bundle_id: me.veyra.gpui-prototype)
2026-10-10 09:59:34.884 Df lsd[924:64f60e] [com.apple.launchservices:default] register container file:///private/var/folders/sq/9tr34l617h5fp65hjxgvly140000gn/T/AppTranslocation/682B5336-3D40-4CAD-8C1C-BC3251D79FB0/d/VeyraPrototype.app/
2026-10-10 09:59:34.886 Df lsd[924:64f60e] [com.apple.launchservices:default] register container file:///private/var/folders/sq/9tr34l617h5fp65hjxgvly140000gn/T/AppTranslocation/682B5336-3D40-4CAD-8C1C-BC3251D79FB0/d/VeyraPrototype.app/
2026-10-10 09:59:34.890 Df lsd[924:64f60e] [com.apple.appinstallation:TransactionLog] me.veyra.gpui-prototype/Unknown Persona:5:5:1:1:Building bundle record for app
2026-10-10 09:59:34.890 Df lsd[924:64f60e] [com.apple.appinstallation:TransactionLog] me.veyra.gpui-prototype/Unknown Persona:5:5:2:1:Built bundle record for app
2026-10-10 09:59:34.890 Df lsd[924:64f60e] [com.apple.appinstallation:TransactionLog] me.veyra.gpui-prototype/Unknown Persona:5:4:2:1:_LSServerRegisterItemInfo result = 0
2026-10-10 09:59:34.891 Df siriactionsd[964:64f509] [com.apple.shortcuts:Daemon] Firing event: <distributed notification: com.apple.LaunchServices.applicationRegistered, userInfo: [AnyHashable("bundleIDs"): <__NSSingleObjectArrayI 0x7ce2d6ea60>(
me.veyra.gpui-prototype
)
, AnyHashable("isPlaceholder"): 0]>
2026-10-10 09:59:34.892 Df dmd[945:1cbc] Received xpc stream event (distributed notification matching) with name: com.apple.LaunchServices.applicationRegistered user info: {
    bundleIDs =     (
        "me.veyra.gpui-prototype"
    );
    isPlaceholder = 0;
}
2026-10-10 09:59:34.893 Df linkd[936:64f49b] [com.apple.appintents:IndexCoordinator] Starting task: Audit: Bundles: me.veyra.gpui-prototype
2026-10-10 09:59:34.895 Df lsd[924:64f60e] [com.apple.appinstallation:TransactionLog] me.veyra.gpui-prototype/Unknown Persona:5:5:1:1:Building bundle record for app
2026-10-10 09:59:34.895 Df lsd[924:64f60e] [com.apple.appinstallation:TransactionLog] me.veyra.gpui-prototype/Unknown Persona:5:5:2:1:Built bundle record for app
2026-10-10 09:59:34.895 Df lsd[924:64f60e] [com.apple.appinstallation:TransactionLog] me.veyra.gpui-prototype/Unknown Persona:5:4:2:1:_LSServerRegisterItemInfo result = 0
2026-10-10 09:59:34.896 Df siriactionsd[964:64f593] [com.apple.shortcuts:Daemon] Firing event: <distributed notification: com.apple.LaunchServices.applicationRegistered, userInfo: [AnyHashable("isPlaceholder"): 0, AnyHashable("bundleIDs"): <__NSSingleObjectArrayI 0x7ce2d6e060>(
me.veyra.gpui-prototype
)
]>
2026-10-10 09:59:34.896 Df dmd[945:1cbc] Received xpc stream event (distributed notification matching) with name: com.apple.LaunchServices.applicationRegistered user info: {
    bundleIDs =     (
        "me.veyra.gpui-prototype"
    );
    isPlaceholder = 0;
}
2026-10-10 09:59:34.932 Df linkd[936:64f49b] [com.apple.appintents:Indexing] Looking for bundle: me.veyra.gpui-prototype
2026-10-10 09:59:34.940 Df linkd[936:64f49b] [com.apple.appintents:IndexCoordinator] Finished task: Audit: Bundles: me.veyra.gpui-prototype
2026-10-10 09:59:34.941 Df linkd[936:64f851] [com.apple.appintents:IndexCoordinator] Starting task: Audit: Bundles: me.veyra.gpui-prototype
2026-10-10 09:59:34.969 Df linkd[936:64f851] [com.apple.appintents:Indexing] Looking for bundle: me.veyra.gpui-prototype
2026-10-10 09:59:34.976 Df linkd[936:64f851] [com.apple.appintents:IndexCoordinator] Finished task: Audit: Bundles: me.veyra.gpui-prototype
2026-10-10 09:59:39.075 Df runningboardd[601:64ee60] [com.apple.runningboard:assertion] Assertion did invalidate due to timeout: 601-601-61828 (target:[app<application.me.veyra.gpui-prototype.35334998.35335004(501)>:15286])
2026-10-10 09:59:39.275 Df runningboardd[601:64ee60] [com.apple.runningboard:process] [app<application.me.veyra.gpui-prototype.35334998.35335004(501)>:15286] Ignoring jetsam update because this process is not memory-managed
2026-10-10 09:59:39.275 Df runningboardd[601:64ee60] [com.apple.runningboard:process] [app<application.me.veyra.gpui-prototype.35334998.35335004(501)>:15286] Ignoring suspend because this process is not lifecycle managed
2026-10-10 09:59:39.275 Df runningboardd[601:64ee60] [com.apple.runningboard:process] [app<application.me.veyra.gpui-prototype.35334998.35335004(501)>:15286] Ignoring GPU update because this process is not GPU managed
2026-10-10 09:59:39.275 Df runningboardd[601:64ee60] [com.apple.runningboard:process] [app<application.me.veyra.gpui-prototype.35334998.35335004(501)>:15286] Ignoring memory limit update because this process is not memory-managed
2026-10-10 09:59:39.276 Df runningboardd[601:64f4e7] [com.apple.runningboard:monitor] Calculated state for app<application.me.veyra.gpui-prototype.35334998.35335004(501)>: running-active (role: UserInteractiveNonFocal) (endowments: <private>)
2026-10-10 09:59:39.276 Df gamepolicyd[755:64f0a2] [com.apple.runningboard:monitor] Received state update for 15286 (app<application.me.veyra.gpui-prototype.35334998.35335004(501)>, running-active-NotVisible
2026-10-10 09:59:51.170 Df syspolicyd[670:64f857] [com.apple.syspolicy.exec:default] Adding Gatekeeper denial breadcrumb (open): PST: (path: 19ba7e077d9470c2), (team: (null)), (id: me.veyra.gpui-prototype), (bundle_id: me.veyra.gpui-prototype)
2026-10-10 09:59:51.183 Df syspolicyd[670:64f857] [com.apple.syspolicy.exec:default] Created provenance data for target: TA(b6d115ae964e7daa, 0), PST: (path: 19ba7e077d9470c2), (team: (null)), (id: me.veyra.gpui-prototype), (bundle_id: me.veyra.gpui-prototype)
2026-10-10 09:59:51.183 Df syspolicyd[670:64f857] [com.apple.syspolicy.exec:default] Wrote provenance data on target: TA(b6d115ae964e7daa, 0), PST: (path: 19ba7e077d9470c2), (team: (null)), (id: me.veyra.gpui-prototype), (bundle_id: me.veyra.gpui-prototype)
2026-10-10 09:59:51.184 Df launchd[1:64f9f5] [gui/501 [100016]:] service inactive: application.me.veyra.gpui-prototype.35334998.35335004
2026-10-10 09:59:51.184 Df runningboardd[601:64f833] [com.apple.runningboard:ttl] [app<application.me.veyra.gpui-prototype.35334998.35335004(501)>:15286] termination reported by launchd (9, 8, 9)
2026-10-10 09:59:51.184 Df runningboardd[601:64f833] [com.apple.runningboard:process] Removing process: [app<application.me.veyra.gpui-prototype.35334998.35335004(501)>:15286]
2026-10-10 09:59:51.184 Df runningboardd[601:64f833] [com.apple.runningboard:job] Removing launch job for: [app<application.me.veyra.gpui-prototype.35334998.35335004(501)>:15286]
2026-10-10 09:59:51.184 Df launchd[1:64f895] [gui/501 [100016]:] removing service: application.me.veyra.gpui-prototype.35334998.35335004
2026-10-10 09:59:51.184 Df runningboardd[601:64f833] [com.apple.runningboard:job] Removed job for [app<application.me.veyra.gpui-prototype.35334998.35335004(501)>:15286]
2026-10-10 09:59:51.184 Df runningboardd[601:64f833] [com.apple.runningboard:process] Removing assertions for terminated process: [app<application.me.veyra.gpui-prototype.35334998.35335004(501)>:15286]
2026-10-10 09:59:51.185 Df runningboardd[601:64f833] [com.apple.runningboard:monitor] Calculated state for app<application.me.veyra.gpui-prototype.35334998.35335004(501)>: none (role: None) (endowments: (null))
2026-10-10 09:59:51.185 Df runningboardd[601:64fa33] [com.apple.runningboard:monitor] Calculated state for app<application.me.veyra.gpui-prototype.35334998.35335004(501)>: none (role: None) (endowments: (null))
2026-10-10 09:59:51.186 Df gamepolicyd[755:64f834] [com.apple.runningboard:monitor] Received state update for 15286 (app<application.me.veyra.gpui-prototype.35334998.35335004(501)>, none-NotVisible
2026-10-10 09:59:51.186 Df launchservicesd[567:64f835] [com.apple.runningboard:process] Hit the server for a process handle 1dcfe4c600003bb6 that resolved to: [app<application.me.veyra.gpui-prototype.35334998.35335004(501)>:15286]
2026-10-10 09:59:51.188 Df loginwindow[599:12e0] [com.apple.loginwindow.logging:AppExit] -[ApplicationManager handleCASEvent:withData:] | CAS notification for appDeath for me.veyra.gpui-prototype with asn: LSASN:{0x0-0x3c63c6} for bundle path: /Users/lifeilin/Downloads/Veyra-P0-08-first-open-20261010/VeyraPrototype.app with URL: file:///Users/lifeilin/Downloads/Veyra-P0-08-first-open-20261010/VeyraPrototype.app/
2026-10-10 09:59:51.188 Df loginwindow[599:12e0] [com.apple.loginwindow.logging:Standard] -[Application setState:] | enter: <Application: 0x7c02440600: VeyraPrototype> state 3
2026-10-10 09:59:51.188 Df loginwindow[599:12e0] [com.apple.loginwindow.logging:TAL] -[PersistentAppsSupport applicationQuit:] | for app:VeyraPrototype, _appTrackingState = 2
2026-10-10 09:59:51.188 Df loginwindow[599:12e0] [com.apple.loginwindow.logging:TAL] -[PersistentAppsSupport applicationQuit:] | App: VeyraPrototype, quit, updating active tracking timer
2026-10-10 09:59:51.189 Df loginwindow[599:12e0] [com.apple.loginwindow.logging:Standard] -[Application setState:] | enter: <Application: 0x7c02440600: VeyraPrototype> state 4
2026-10-10 09:59:51.189 Df loginwindow[599:12e0] [com.apple.loginwindow.logging:TAL] -[PersistentAppsSupport applicationQuit:] | for app:VeyraPrototype, _appTrackingState = 2
2026-10-10 09:59:51.189 Df loginwindow[599:12e0] [com.apple.loginwindow.logging:TAL] -[PersistentAppsSupport applicationQuit:] | App: VeyraPrototype, quit, updating active tracking timer
2026-10-10 10:01:52.657 Df lsd[924:65167a] [com.apple.appinstallation:TransactionLog] me.veyra.gpui-prototype/Unknown Persona:5:5:1:1:Building bundle record for app
2026-10-10 10:01:52.658 Df lsd[924:65167a] [com.apple.appinstallation:TransactionLog] me.veyra.gpui-prototype/Unknown Persona:5:5:2:1:Built bundle record for app
2026-10-10 10:01:52.658 Df lsd[924:65167a] [com.apple.appinstallation:TransactionLog] me.veyra.gpui-prototype/Unknown Persona:5:4:2:1:_LSServerRegisterItemInfo result = 0
2026-10-10 10:01:52.664 Df siriactionsd[964:651056] [com.apple.shortcuts:Daemon] Firing event: <distributed notification: com.apple.LaunchServices.applicationRegistered, userInfo: [AnyHashable("bundleIDs"): <__NSSingleObjectArrayI 0x7ce2d6f120>(
me.veyra.gpui-prototype
)
, AnyHashable("isPlaceholder"): 0]>
2026-10-10 10:01:52.664 Df lsd[924:6517c6] [com.apple.securityd:SecWarning] SecTranslocateCreateSecureDirectoryForURL: created /private/var/folders/sq/9tr34l617h5fp65hjxgvly140000gn/T/AppTranslocation/5538C23D-4491-4E2A-87CD-5DC718F14407/d/VeyraPrototype.app
2026-10-10 10:01:52.679 Df dmd[945:1cbc] Received xpc stream event (distributed notification matching) with name: com.apple.LaunchServices.applicationRegistered user info: {
    bundleIDs =     (
        "me.veyra.gpui-prototype"
    );
    isPlaceholder = 0;
}
2026-10-10 10:01:52.681 Df linkd[936:651727] [com.apple.appintents:IndexCoordinator] Starting task: Audit: Bundles: me.veyra.gpui-prototype
2026-10-10 10:01:52.682 Df runningboardd[601:650cfa] [com.apple.runningboard:general] Launch request for app<application.me.veyra.gpui-prototype.35334998.35335004(501)>[0] is using uid 501 (divined from auid 501 euid 501)
2026-10-10 10:01:52.682 Df runningboardd[601:650cfa] [com.apple.runningboard:ttl] Acquiring assertion targeting app<application.me.veyra.gpui-prototype.35334998.35335004(501)> from originator [osservice<com.apple.coreservices.uiagent(501)>:917] with description <RBSAssertionDescriptor| "LS launch me.veyra.gpui-prototype" ID:601-917-62267 target:app<application.me.veyra.gpui-prototype.35334998.35335004(501)> attributes:[
	<RBSDomainAttribute| domain:"com.apple.launchservicesd" name:"LaunchRoleUserInteractive" sourceEnvironment:"(null)">
	]>
2026-10-10 10:01:52.682 Df runningboardd[601:650cfa] [com.apple.runningboard:ttl] Assertion 601-917-62267 (target:app<application.me.veyra.gpui-prototype.35334998.35335004(501)>) will be created as active
2026-10-10 10:01:52.682 Df runningboardd[601:650ccf] [com.apple.runningboard:process] Checking PreventLaunch: global:0 exPath:/private/var/folders/sq/9tr34l617h5fp65hjxgvly140000gn/T/AppTranslocation/5538C23D-4491-4E2A-87CD-5DC718F14407/d/VeyraPrototype.app/Contents/MacOS/veyra-gpui-prototype predicates:(null) allow:(null)
2026-10-10 10:01:52.682 Df runningboardd[601:650ccf] [com.apple.runningboard:job] Creating and launching job for: app<application.me.veyra.gpui-prototype.35334998.35335004(501)>
2026-10-10 10:01:52.682 Df runningboardd[601:650ccf] [com.apple.runningboard:general] _mutateContextIfNeeded called for me.veyra.gpui-prototype
2026-10-10 10:01:52.682 Df runningboardd[601:650ccf] [com.apple.runningboard:job] app<application.me.veyra.gpui-prototype.35334998.35335004(501)>: -[RBPersonaManager personaForIdentity:context:personaUID:personaUniqueString:] required 0.000000 ms (wallclock); resolved to {4294967295, (null)}
2026-10-10 10:01:52.683 Df launchd[1:650716] Coalition Cache Hit: app<application.me.veyra.gpui-prototype.35334998.35335004(501)> [37204]
2026-10-10 10:01:52.692 Df amfid[542:649b88] /private/var/folders/sq/9tr34l617h5fp65hjxgvly140000gn/T/AppTranslocation/5538C23D-4491-4E2A-87CD-5DC718F14407/d/VeyraPrototype.app/Contents/MacOS/veyra-gpui-prototype not valid: Error Domain=AppleMobileFileIntegrityError Code=-423 "The file is adhoc signed or signed by an unknown certificate chain" UserInfo={NSURL=file:///private/var/folders/sq/9tr34l617h5fp65hjxgvly140000gn/T/AppTranslocation/5538C23D-4491-4E2A-87CD-5DC718F14407/d/VeyraPrototype.app/Contents/MacOS/veyra-gpui-prototype, NSLocalizedDescription=The file is adhoc signed or signed by an unknown certificate chain}
2026-10-10 10:01:52.694 Df runningboardd[601:650ccf] [com.apple.runningboard:process] [app<application.me.veyra.gpui-prototype.35334998.35335004(501)>:16877] is not RunningBoard jetsam managed.
2026-10-10 10:01:52.694 Df runningboardd[601:650ccf] [com.apple.runningboard:process] [app<application.me.veyra.gpui-prototype.35334998.35335004(501)>:16877] This process will not be managed.
2026-10-10 10:01:52.694 Df runningboardd[601:650ccf] [com.apple.runningboard:ttl] Now tracking process: [app<application.me.veyra.gpui-prototype.35334998.35335004(501)>:16877]
2026-10-10 10:01:52.694 Df runningboardd[601:65105a] [com.apple.runningboard:monitor] Calculated state for app<application.me.veyra.gpui-prototype.35334998.35335004(501)>: running-active (role: UserInteractive) (endowments: <private>)
2026-10-10 10:01:52.694 Df runningboardd[601:650ccf] [com.apple.runningboard:assertion] Using default underlying assertion for app: [app<application.me.veyra.gpui-prototype.35334998.35335004(501)>:16877]
2026-10-10 10:01:52.694 Df runningboardd[601:650ccf] [com.apple.runningboard:ttl] Acquiring assertion targeting [app<application.me.veyra.gpui-prototype.35334998.35335004(501)>:16877] from originator [app<application.me.veyra.gpui-prototype.35334998.35335004(501)>:16877] with description <RBSAssertionDescriptor| "RB Underlying Assertion" ID:601-601-62268 target:16877 attributes:[
	<RBSDomainAttribute| domain:"com.apple.underlying" name:"defaultUnderlyingAppAssertion" sourceEnvironment:"(null)">,
	<RBSAcquisitionCompletionAttribute| policy:AfterApplication>
	]>
2026-10-10 10:01:52.694 Df gamepolicyd[755:650e01] [com.apple.runningboard:process] Hit the server for a process handle 173f40b3000041ed that resolved to: [app<application.me.veyra.gpui-prototype.35334998.35335004(501)>:16877]
2026-10-10 10:01:52.694 Df runningboardd[601:650ccf] [com.apple.runningboard:ttl] Assertion 601-601-62268 (target:[app<application.me.veyra.gpui-prototype.35334998.35335004(501)>:16877]) will be created as active
2026-10-10 10:01:52.694 Df gamepolicyd[755:650e01] [com.apple.runningboard:monitor] Received state update for 16877 (app<application.me.veyra.gpui-prototype.35334998.35335004(501)>, running-active-NotVisible
2026-10-10 10:01:52.694 Df runningboardd[601:650cfa] [com.apple.runningboard:process] [app<application.me.veyra.gpui-prototype.35334998.35335004(501)>:16877] Ignoring jetsam update because this process is not memory-managed
2026-10-10 10:01:52.694 Df runningboardd[601:650cfa] [com.apple.runningboard:process] [app<application.me.veyra.gpui-prototype.35334998.35335004(501)>:16877] Ignoring suspend because this process is not lifecycle managed
2026-10-10 10:01:52.694 Df runningboardd[601:650cfa] [com.apple.runningboard:ttl] [app<application.me.veyra.gpui-prototype.35334998.35335004(501)>:16877] Set darwin role to: UserInteractive
2026-10-10 10:01:52.694 Df runningboardd[601:650cfa] [com.apple.runningboard:process] [app<application.me.veyra.gpui-prototype.35334998.35335004(501)>:16877] Ignoring GPU update because this process is not GPU managed
2026-10-10 10:01:52.694 Df runningboardd[601:650cfa] [com.apple.runningboard:process] [app<application.me.veyra.gpui-prototype.35334998.35335004(501)>:16877] Ignoring memory limit update because this process is not memory-managed
2026-10-10 10:01:52.694 Df runningboardd[601:65105a] [com.apple.runningboard:general] [app<application.me.veyra.gpui-prototype.35334998.35335004(501)>:16877] reported to RB as running
2026-10-10 10:01:52.695 Df runningboardd[601:651808] [com.apple.runningboard:monitor] Calculated state for app<application.me.veyra.gpui-prototype.35334998.35335004(501)>: running-active (role: UserInteractive) (endowments: <private>)
2026-10-10 10:01:52.695 Df gamepolicyd[755:65167d] [com.apple.runningboard:monitor] Received state update for 16877 (app<application.me.veyra.gpui-prototype.35334998.35335004(501)>, running-active-NotVisible
2026-10-10 10:01:52.695 Df runningboardd[601:650cfa] [com.apple.runningboard:process] [app<application.me.veyra.gpui-prototype.35334998.35335004(501)>:16877] Ignoring jetsam update because this process is not memory-managed
2026-10-10 10:01:52.695 Df runningboardd[601:650cfa] [com.apple.runningboard:process] [app<application.me.veyra.gpui-prototype.35334998.35335004(501)>:16877] Ignoring suspend because this process is not lifecycle managed
2026-10-10 10:01:52.695 Df runningboardd[601:650cfa] [com.apple.runningboard:process] [app<application.me.veyra.gpui-prototype.35334998.35335004(501)>:16877] Ignoring GPU update because this process is not GPU managed
2026-10-10 10:01:52.695 Df runningboardd[601:650cfa] [com.apple.runningboard:process] [app<application.me.veyra.gpui-prototype.35334998.35335004(501)>:16877] Ignoring memory limit update because this process is not memory-managed
2026-10-10 10:01:52.695 Df runningboardd[601:650d80] [com.apple.runningboard:assertion] Successfully acquired underlying assertion for [app<application.me.veyra.gpui-prototype.35334998.35335004(501)>:16877]
2026-10-10 10:01:52.695 Df lsd[619:64f9d5] [com.apple.launchservices:default] register container file:///var/folders/sq/9tr34l617h5fp65hjxgvly140000gn/T/AppTranslocation/5538C23D-4491-4E2A-87CD-5DC718F14407/d/VeyraPrototype.app/
2026-10-10 10:01:52.695 Df runningboardd[601:651808] [com.apple.runningboard:ttl] Acquiring assertion targeting [app<application.me.veyra.gpui-prototype.35334998.35335004(501)>:16877] from originator [osservice<com.apple.coreservices.launchservicesd>:567] with description <RBSAssertionDescriptor| "foregroundApp:16877" ID:601-567-62269 target:16877 attributes:[
	<RBSDomainAttribute| domain:"com.apple.launchservicesd" name:"RoleUserInteractiveNonFocal" sourceEnvironment:"(null)">
	]>
2026-10-10 10:01:52.695 Df runningboardd[601:651808] [com.apple.runningboard:ttl] Assertion 601-567-62269 (target:[app<application.me.veyra.gpui-prototype.35334998.35335004(501)>:16877]) will be created as active
2026-10-10 10:01:52.696 Df runningboardd[601:650d80] [com.apple.runningboard:process] [app<application.me.veyra.gpui-prototype.35334998.35335004(501)>:16877] Ignoring jetsam update because this process is not memory-managed
2026-10-10 10:01:52.696 Df runningboardd[601:650d80] [com.apple.runningboard:process] [app<application.me.veyra.gpui-prototype.35334998.35335004(501)>:16877] Ignoring suspend because this process is not lifecycle managed
2026-10-10 10:01:52.696 Df runningboardd[601:650d80] [com.apple.runningboard:process] [app<application.me.veyra.gpui-prototype.35334998.35335004(501)>:16877] Ignoring GPU update because this process is not GPU managed
2026-10-10 10:01:52.696 Df runningboardd[601:650d80] [com.apple.runningboard:process] [app<application.me.veyra.gpui-prototype.35334998.35335004(501)>:16877] Ignoring memory limit update because this process is not memory-managed
2026-10-10 10:01:52.696 Df runningboardd[601:650d80] [com.apple.runningboard:ttl] Invalidating assertion 601-917-62267 (target:app<application.me.veyra.gpui-prototype.35334998.35335004(501)>) from originator [osservice<com.apple.coreservices.uiagent(501)>:917]
2026-10-10 10:01:52.696 Df runningboardd[601:650d80] [com.apple.runningboard:monitor] Calculated state for app<application.me.veyra.gpui-prototype.35334998.35335004(501)>: running-active (role: UserInteractive) (endowments: <private>)
2026-10-10 10:01:52.696 Df loginwindow[599:12e0] [com.apple.loginwindow.logging:Standard] -[Application _updateInformationInternal] | Got App URL: file:///Users/lifeilin/Downloads/Veyra-P0-08-first-open-20261010/VeyraPrototype.app/
2026-10-10 10:01:52.696 Df loginwindow[599:12e0] [com.apple.loginwindow.logging:Standard] -[Application setState:] | enter: <Application: 0x7c024409c0: VeyraPrototype> state 2
2026-10-10 10:01:52.696 Df loginwindow[599:12e0] [com.apple.loginwindow.logging:TAL] -[PersistentAppsSupport applicationReady:] | App: VeyraPrototype, ready, updating active tracking timer
2026-10-10 10:01:52.696 Df loginwindow[599:12e0] [com.apple.loginwindow.logging:Standard] -[ApplicationManager checkInAppContext:eventData:] | ApplicationManager: Checked in app : VeyraPrototype
2026-10-10 10:01:52.696 Df lsd[619:651819] [com.apple.launchservices:default] register container file:///private/var/folders/sq/9tr34l617h5fp65hjxgvly140000gn/T/AppTranslocation/5538C23D-4491-4E2A-87CD-5DC718F14407/d/VeyraPrototype.app/
2026-10-10 10:01:52.698 Df distnoted[902:64ffce] [com.apple.distnoted:diagnostic] register name: com.apple.sharedfilelist.change object: com.apple.LSSharedFileList.ApplicationRecentDocuments/me.veyra.gpui-prototype token: 19d00000056 pid: 1270
2026-10-10 10:01:52.704 Df lsd[619:651819] [com.apple.appinstallation:TransactionLog] me.veyra.gpui-prototype/Unknown Persona:5:5:1:1:Building bundle record for app
2026-10-10 10:01:52.704 Df lsd[619:651819] [com.apple.appinstallation:TransactionLog] me.veyra.gpui-prototype/Unknown Persona:5:5:2:1:Built bundle record for app
2026-10-10 10:01:52.704 Df lsd[619:651819] [com.apple.appinstallation:TransactionLog] me.veyra.gpui-prototype/Unknown Persona:5:4:2:1:_LSServerRegisterItemInfo result = 0
2026-10-10 10:01:52.712 Df nehelper[652:650832] [com.apple.networkextension:] Received an apps installed notification with bundle IDs (
    "me.veyra.gpui-prototype"
)
2026-10-10 10:01:52.714 Df lsd[619:651819] [com.apple.appinstallation:TransactionLog] me.veyra.gpui-prototype/Unknown Persona:5:5:1:1:Building bundle record for app
2026-10-10 10:01:52.714 Df lsd[619:651819] [com.apple.appinstallation:TransactionLog] me.veyra.gpui-prototype/Unknown Persona:5:5:2:1:Built bundle record for app
2026-10-10 10:01:52.714 Df lsd[619:651819] [com.apple.appinstallation:TransactionLog] me.veyra.gpui-prototype/Unknown Persona:5:4:2:1:_LSServerRegisterItemInfo result = 0
2026-10-10 10:01:52.715 Df nehelper[652:650832] [com.apple.networkextension:] Received an apps installed notification with bundle IDs (
    "me.veyra.gpui-prototype"
)
2026-10-10 10:01:52.764 Df linkd[936:651727] [com.apple.appintents:Indexing] Looking for bundle: me.veyra.gpui-prototype
2026-10-10 10:01:52.770 Df linkd[936:651727] [com.apple.appintents:IndexCoordinator] Finished task: Audit: Bundles: me.veyra.gpui-prototype
2026-10-10 10:01:52.801 Df runningboardd[601:65105a] [com.apple.runningboard:process] [app<application.me.veyra.gpui-prototype.35334998.35335004(501)>:16877] Ignoring jetsam update because this process is not memory-managed
2026-10-10 10:01:52.801 Df runningboardd[601:65105a] [com.apple.runningboard:process] [app<application.me.veyra.gpui-prototype.35334998.35335004(501)>:16877] Ignoring suspend because this process is not lifecycle managed
2026-10-10 10:01:52.801 Df runningboardd[601:65105a] [com.apple.runningboard:ttl] [app<application.me.veyra.gpui-prototype.35334998.35335004(501)>:16877] Set darwin role to: UserInteractiveNonFocal
2026-10-10 10:01:52.801 Df runningboardd[601:65105a] [com.apple.runningboard:process] [app<application.me.veyra.gpui-prototype.35334998.35335004(501)>:16877] Ignoring GPU update because this process is not GPU managed
2026-10-10 10:01:52.801 Df runningboardd[601:65105a] [com.apple.runningboard:process] [app<application.me.veyra.gpui-prototype.35334998.35335004(501)>:16877] Ignoring memory limit update because this process is not memory-managed
2026-10-10 10:01:52.801 Df gamepolicyd[755:65167d] [com.apple.runningboard:monitor] Received state update for 16877 (app<application.me.veyra.gpui-prototype.35334998.35335004(501)>, running-active-NotVisible
2026-10-10 10:01:52.801 Df runningboardd[601:650cfa] [com.apple.runningboard:monitor] Calculated state for app<application.me.veyra.gpui-prototype.35334998.35335004(501)>: running-active (role: UserInteractiveNonFocal) (endowments: <private>)
2026-10-10 10:01:52.802 Df gamepolicyd[755:65167d] [com.apple.runningboard:monitor] Received state update for 16877 (app<application.me.veyra.gpui-prototype.35334998.35335004(501)>, running-active-NotVisible
2026-10-10 10:01:53.312 Df nehelper[652:650832] [com.apple.networkextension:] Removing UUIDs for (
    "me.veyra.gpui-prototype"
)
2026-10-10 10:01:53.315 Df nehelper[652:65182a] [com.apple.networkextension:] Handling an apps installed notification with bundle IDs (
    "me.veyra.gpui-prototype"
)
2026-10-10 10:01:53.321 Df nehelper[652:65182a] [com.apple.networkextension:] com.apple.preferences.networkprivacy-CDD3AC0C-9330-4F02-BAC6-2C23D7EE7E09: Populating the cache with 1 UUID(s) for me.veyra.gpui-prototype
2026-10-10 10:01:53.489 Df lsd[924:6517c5] [com.apple.launchservices:default] register container file:///private/var/folders/sq/9tr34l617h5fp65hjxgvly140000gn/T/AppTranslocation/5538C23D-4491-4E2A-87CD-5DC718F14407/d/VeyraPrototype.app/
2026-10-10 10:01:53.490 Df lsd[924:6517c5] [com.apple.launchservices:default] register container file:///private/var/folders/sq/9tr34l617h5fp65hjxgvly140000gn/T/AppTranslocation/5538C23D-4491-4E2A-87CD-5DC718F14407/d/VeyraPrototype.app/
2026-10-10 10:01:53.495 Df lsd[924:6517c6] [com.apple.appinstallation:TransactionLog] me.veyra.gpui-prototype/Unknown Persona:5:5:1:1:Building bundle record for app
2026-10-10 10:01:53.496 Df lsd[924:6517c6] [com.apple.appinstallation:TransactionLog] me.veyra.gpui-prototype/Unknown Persona:5:5:2:1:Built bundle record for app
2026-10-10 10:01:53.496 Df lsd[924:6517c6] [com.apple.appinstallation:TransactionLog] me.veyra.gpui-prototype/Unknown Persona:5:4:2:1:_LSServerRegisterItemInfo result = 0
2026-10-10 10:01:53.497 Df siriactionsd[964:651056] [com.apple.shortcuts:Daemon] Firing event: <distributed notification: com.apple.LaunchServices.applicationRegistered, userInfo: [AnyHashable("bundleIDs"): <__NSSingleObjectArrayI 0x7ce2d6f120>(
me.veyra.gpui-prototype
)
, AnyHashable("isPlaceholder"): 0]>
2026-10-10 10:01:53.498 Df linkd[936:651727] [com.apple.appintents:IndexCoordinator] Starting task: Audit: Bundles: me.veyra.gpui-prototype
2026-10-10 10:01:53.498 Df dmd[945:1cbc] Received xpc stream event (distributed notification matching) with name: com.apple.LaunchServices.applicationRegistered user info: {
    bundleIDs =     (
        "me.veyra.gpui-prototype"
    );
    isPlaceholder = 0;
}
2026-10-10 10:01:53.499 Df lsd[924:6517c6] [com.apple.appinstallation:TransactionLog] me.veyra.gpui-prototype/Unknown Persona:5:5:1:1:Building bundle record for app
2026-10-10 10:01:53.499 Df lsd[924:6517c6] [com.apple.appinstallation:TransactionLog] me.veyra.gpui-prototype/Unknown Persona:5:5:2:1:Built bundle record for app
2026-10-10 10:01:53.499 Df lsd[924:6517c6] [com.apple.appinstallation:TransactionLog] me.veyra.gpui-prototype/Unknown Persona:5:4:2:1:_LSServerRegisterItemInfo result = 0
2026-10-10 10:01:53.500 Df siriactionsd[964:6517d9] [com.apple.shortcuts:Daemon] Firing event: <distributed notification: com.apple.LaunchServices.applicationRegistered, userInfo: [AnyHashable("bundleIDs"): <__NSSingleObjectArrayI 0x7ce2d6f120>(
me.veyra.gpui-prototype
)
, AnyHashable("isPlaceholder"): 0]>
2026-10-10 10:01:53.500 Df dmd[945:1cbc] Received xpc stream event (distributed notification matching) with name: com.apple.LaunchServices.applicationRegistered user info: {
    bundleIDs =     (
        "me.veyra.gpui-prototype"
    );
    isPlaceholder = 0;
}
2026-10-10 10:01:53.541 Df linkd[936:651727] [com.apple.appintents:Indexing] Looking for bundle: me.veyra.gpui-prototype
2026-10-10 10:01:53.547 Df linkd[936:651727] [com.apple.appintents:IndexCoordinator] Finished task: Audit: Bundles: me.veyra.gpui-prototype
2026-10-10 10:01:53.547 Df linkd[936:6517f3] [com.apple.appintents:IndexCoordinator] Starting task: Audit: Bundles: me.veyra.gpui-prototype
2026-10-10 10:01:53.573 Df linkd[936:6517f3] [com.apple.appintents:Indexing] Looking for bundle: me.veyra.gpui-prototype
2026-10-10 10:01:53.577 Df linkd[936:6517f3] [com.apple.appintents:IndexCoordinator] Finished task: Audit: Bundles: me.veyra.gpui-prototype
2026-10-10 10:01:56.116 Df lsd[924:6517c7] [com.apple.appinstallation:TransactionLog] me.veyra.gpui-prototype/Unknown Persona:5:5:1:1:Building bundle record for app
2026-10-10 10:01:56.116 Df lsd[924:6517c7] [com.apple.appinstallation:TransactionLog] me.veyra.gpui-prototype/Unknown Persona:5:5:2:1:Built bundle record for app
2026-10-10 10:01:56.117 Df lsd[924:6517c7] [com.apple.appinstallation:TransactionLog] me.veyra.gpui-prototype/Unknown Persona:5:4:2:1:_LSServerRegisterItemInfo result = 0
2026-10-10 10:01:56.135 Df siriactionsd[964:6517d8] [com.apple.shortcuts:Daemon] Firing event: <distributed notification: com.apple.LaunchServices.applicationRegistered, userInfo: [AnyHashable("bundleIDs"): <__NSSingleObjectArrayI 0x7ce2d6f120>(
me.veyra.gpui-prototype
)
, AnyHashable("isPlaceholder"): 0]>
2026-10-10 10:01:56.147 Df dmd[945:1cbc] Received xpc stream event (distributed notification matching) with name: com.apple.LaunchServices.applicationRegistered user info: {
    bundleIDs =     (
        "me.veyra.gpui-prototype"
    );
    isPlaceholder = 0;
}
2026-10-10 10:01:56.147 Df linkd[936:6517f3] [com.apple.appintents:IndexCoordinator] Starting task: Audit: Bundles: me.veyra.gpui-prototype
2026-10-10 10:01:56.156 A  veyra-gpui-prototype[16877:651810] (libsystem_info.dylib) Retrieve User by ID
2026-10-10 10:01:56.156 Df veyra-gpui-prototype[16877:651810] [com.apple.xpc:connection] [0x108427070] activating connection: mach=true listener=false peer=false name=com.apple.cfprefsd.agent
2026-10-10 10:01:56.157 A  veyra-gpui-prototype[16877:651810] (CoreFoundation) Loading Preferences From User CFPrefsD
2026-10-10 10:01:56.158 Df veyra-gpui-prototype[16877:651810] [com.apple.xpc:connection] [0x108428830] activating connection: mach=true listener=false peer=false name=com.apple.cfprefsd.daemon
2026-10-10 10:01:56.159 Df veyra-gpui-prototype[16877:651810] [com.apple.xpc:connection] [0x108429df0] activating connection: mach=true listener=false peer=false name=com.apple.pasteboard.1
2026-10-10 10:01:56.160 A  veyra-gpui-prototype[16877:651810] (CoreFoundation) Loading Preferences From User CFPrefsD
2026-10-10 10:01:56.161 A  veyra-gpui-prototype[16877:651810] (CoreFoundation) Loading Preferences From System CFPrefsD
2026-10-10 10:01:56.163 A  veyra-gpui-prototype[16877:651810] (libsystem_info.dylib) Membership API: translate identifier
2026-10-10 10:01:56.165 Df veyra-gpui-prototype[16877:651810] [com.apple.xpc:connection] [0x76fd048000] activating connection: mach=true listener=false peer=false name=com.apple.lsd.mapdb
2026-10-10 10:01:56.170 Df veyra-gpui-prototype[16877:651810] [com.apple.xpc:connection] [0x76fd048280] activating connection: mach=true listener=false peer=false name=com.apple.distributed_notifications@Uv3
2026-10-10 10:01:56.170 Df distnoted[902:6517d7] [com.apple.distnoted:diagnostic] New connection from /private/var/folders/sq/9tr34l617h5fp65hjxgvly140000gn/T/AppTranslocation/5538C23D-4491-4E2A-87CD-5DC718F14407/d/VeyraPrototype.app/Contents/MacOS/veyra-gpui-prototype (16877)
2026-10-10 10:01:56.170 A  veyra-gpui-prototype[16877:651810] (TCC) TCCAccessRequest() IPC
2026-10-10 10:01:56.170 Df veyra-gpui-prototype[16877:651810] [com.apple.xpc:connection] [0x76fd0483c0] activating connection: mach=true listener=false peer=false name=com.apple.tccd.system
2026-10-10 10:01:56.172 Df veyra-gpui-prototype[16877:651810] [com.apple.xpc:connection] [0x76fd0483c0] invalidated after the last release of the connection object
2026-10-10 10:01:56.175 Df veyra-gpui-prototype[16877:651810] [com.apple.SkyLight:default] server port 0x00003307, session port 0x00003307
2026-10-10 10:01:56.177 Df veyra-gpui-prototype[16877:651810] [com.apple.xpc:connection] [0x76fd0483c0] activating connection: mach=true listener=false peer=false name=com.apple.coreservices.launchservicesd
2026-10-10 10:01:56.187 Df veyra-gpui-prototype[16877:651810] [com.apple.SkyLight:default] New connection 0x1b7eb7 main
2026-10-10 10:01:56.198 Df veyra-gpui-prototype[16877:651810] [com.apple.AppKit:AutomaticTermination] void _NSDisableAutomaticTerminationAndLog(NSString *) No windows open yet
2026-10-10 10:01:56.202 Df veyra-gpui-prototype[16877:651810] [com.apple.processmanager:front-35286506] CHECKIN: pid=16877 coalition=37223
2026-10-10 10:01:56.204 Df launchservicesd[567:651055] [com.apple.launchservices:cas] CHECKIN:0x0-0x3d33d3 16877 me.veyra.gpui-prototype
2026-10-10 10:01:56.204 Df veyra-gpui-prototype[16877:651810] [com.apple.processmanager:front-35286506] CHECKEDIN: pid=16877 asn=0x0-0x3d33d3 foreground=1
2026-10-10 10:01:56.204 Df runningboardd[601:650ccf] [com.apple.runningboard:ttl] Acquiring assertion targeting [app<application.me.veyra.gpui-prototype.35334998.35335004(501)>:16877] from originator [osservice<com.apple.coreservices.launchservicesd>:567] with description <RBSAssertionDescriptor| "foregroundApp:16877" ID:601-567-62284 target:16877 attributes:[
	<RBSDomainAttribute| domain:"com.apple.launchservicesd" name:"RoleUserInteractiveNonFocal" sourceEnvironment:"(null)">
	]>
2026-10-10 10:01:56.204 Df runningboardd[601:650ccf] [com.apple.runningboard:ttl] Assertion 601-567-62284 (target:[app<application.me.veyra.gpui-prototype.35334998.35335004(501)>:16877]) will be created as active
2026-10-10 10:01:56.204 Df veyra-gpui-prototype[16877:651810] [com.apple.xpc:connection] [0x76fd048500] activating connection: mach=true listener=false peer=false name=com.apple.lsd.modifydb
2026-10-10 10:01:56.204 Df loginwindow[599:12e0] [com.apple.loginwindow.logging:Standard] -[Application _updateInformationInternal] | Got App URL: file:///Users/lifeilin/Downloads/Veyra-P0-08-first-open-20261010/VeyraPrototype.app/
2026-10-10 10:01:56.204 Df loginwindow[599:12e0] [com.apple.loginwindow.logging:Standard] -[ApplicationManager checkInAppContext:eventData:] | ApplicationManager: Checked in app : VeyraPrototype
2026-10-10 10:01:56.204 Df runningboardd[601:650d80] [com.apple.runningboard:ttl] Invalidating assertion 601-567-62269 (target:[app<application.me.veyra.gpui-prototype.35334998.35335004(501)>:16877]) from originator [osservice<com.apple.coreservices.launchservicesd>:567]
2026-10-10 10:01:56.204 Df veyra-gpui-prototype[16877:651810] [com.apple.xpc:connection] [0x76fd048640] activating connection: mach=false listener=true peer=false name=(anonymous)
2026-10-10 10:01:56.204 Df veyra-gpui-prototype[16877:651810] [com.apple.xpc:connection] [0x76fd048640] Connection returned listener port: 0x4c03
2026-10-10 10:01:56.204 Df veyra-gpui-prototype[16877:6518f2] [com.apple.xpc:connection] [0x76fd0488c0] activating connection: mach=false listener=false peer=true name=com.apple.xpc.anonymous.0x76fd048640.peer[567].0x76fd0488c0
2026-10-10 10:01:56.206 E  diagnostics_agent[1169:64fa13] [com.apple.appstorefoundation:Default] Failed to parse receipt at /private/var/folders/sq/9tr34l617h5fp65hjxgvly140000gn/T/AppTranslocation/5538C23D-4491-4E2A-87CD-5DC718F14407/d/VeyraPrototype.app/Contents/_MASReceipt/receipt: Error Domain=NSCocoaErrorDomain Code=260 "The file “receipt” couldn’t be opened because there is no such file." UserInfo={NSFilePath=/private/var/folders/sq/9tr34l617h5fp65hjxgvly140000gn/T/AppTranslocation/5538C23D-4491-4E2A-87CD-5DC718F14407/d/VeyraPrototype.app/Contents/_MASReceipt/receipt, NSURL=file:///private/var/folders/sq/9tr34l617h5fp65hjxgvly140000gn/T/AppTranslocation/5538C23D-4491-4E2A-87CD-5DC718F14407/d/VeyraPrototype.app/Contents/_MASReceipt/receipt, NSUnderlyingError=0x76aec46d60 {Error Domain=NSPOSIXErrorDomain Code=2 "No such file or directory"}}
2026-10-10 10:01:56.209 Df lsd[924:6517c5] [com.apple.appinstallation:TransactionLog] me.veyra.gpui-prototype/Unknown Persona:5:5:1:1:Building bundle record for app
2026-10-10 10:01:56.209 Df lsd[924:6517c5] [com.apple.appinstallation:TransactionLog] me.veyra.gpui-prototype/Unknown Persona:5:5:2:1:Built bundle record for app
2026-10-10 10:01:56.211 Df veyra-gpui-prototype[16877:651810] [com.apple.processmanager:front-35286506] FRONTLOGGING: version 1
2026-10-10 10:01:56.211 Df veyra-gpui-prototype[16877:651810] [com.apple.processmanager:front-35286506] Registered, pid=16877 ASN=0x0,0x3d33d3
2026-10-10 10:01:56.211 Df veyra-gpui-prototype[16877:651810] [com.apple.xpc:connection] [0x76fd048780] activating connection: mach=true listener=false peer=false name=com.apple.analyticsd
2026-10-10 10:01:56.212 Df WindowServer[595:12b3] [com.apple.SkyLight.processes:Lifecycle] 1b7eb7[CreateApplication]: Process creation: 0x0-0x3d33d3 (VeyraPrototype) connectionID: 1B7EB7 pid: 16877 in session 0x101
2026-10-10 10:01:56.212 Df veyra-gpui-prototype[16877:651810] [com.apple.xpc:connection] [0x76fd048640] Connection returned listener port: 0x4c03
2026-10-10 10:01:56.213 Df veyra-gpui-prototype[16877:651810] [com.apple.processmanager:front-35286506] BringForward: pid=16877 asn=0x0-0x3d33d3 bringForward=1 foreground=1 uiElement=0 launchedByLS=1 modifiersCount=1 allDisabled=0
2026-10-10 10:01:56.213 Df veyra-gpui-prototype[16877:651810] [com.apple.processmanager:front-35286506] BringFrontModifier: pid=16877 asn=0x0-0x3d33d3 Modifier 0 hideAfter=0 hideOthers=0 dontMakeFrontmost=0 mouseDown=0/0 seed=0/0
2026-10-10 10:01:56.213 Df veyra-gpui-prototype[16877:651810] [com.apple.processmanager:front-35286506] BringForward: pid=16877 asn=0x0-0x3d33d3
2026-10-10 10:01:56.213 Df veyra-gpui-prototype[16877:651810] [com.apple.processmanager:front-35286506] SetFrontProcess: asn=0x0-0x3d33d3 options=0
2026-10-10 10:01:56.213 Df veyra-gpui-prototype[16877:6518f1] [com.apple.CoreAnalytics:client] Received configuration update from daemon (initial)
2026-10-10 10:01:56.220 Df runningboardd[601:650cfa] [com.apple.runningboard:ttl] Acquiring assertion targeting [app<application.me.veyra.gpui-prototype.35334998.35335004(501)>:16877] from originator [osservice<com.apple.coreservices.launchservicesd>:567] with description <RBSAssertionDescriptor| "frontmost:16877" ID:601-567-62285 target:16877 attributes:[
	<RBSDomainAttribute| domain:"com.apple.launchservicesd" name:"RoleUserInteractiveFocal" sourceEnvironment:"(null)">
	]>
2026-10-10 10:01:56.220 Df runningboardd[601:650cfa] [com.apple.runningboard:ttl] Assertion 601-567-62285 (target:[app<application.me.veyra.gpui-prototype.35334998.35335004(501)>:16877]) will be created as active
2026-10-10 10:01:56.220 Df WindowServer[595:12b3] [com.apple.SkyLight.processes:Focus] 1b7eb7[SetFrontProcess]: [DeferringManager] Updating policy {
    advicePolicy: .frontmost;
    frontmostProcess: 0x0-0x3d33d3 (VeyraPrototype) mainConnectionID: 1B7EB7;
} for reason: updated frontmost process
2026-10-10 10:01:56.220 Df WindowServer[595:12b3] [com.apple.SkyLight.processes:Focus] 1b7eb7[SetFrontProcess]: [DeferringManager] Deferring events from frontmost process PSN 0x0-0x3d33d3 (VeyraPrototype) -> <pid: 16877>
2026-10-10 10:01:56.220 Df WindowServer[595:12b3] [com.apple.BackBoard:EventDelivery] new deferring rules for pid:595: [
    [595-16DF]; <keyboardFocus; VeyraPrototype:0x0-0x3d33d3> -> <pid: 16877>; reason: frontmost PSN --> outbound target,
    [595-16DE]; <keyboardFocus; <frontmost>> -> <token: VeyraPrototype:0x0-0x3d33d3; pid: 595>; reason: frontmost PSN,
    [595-16DD]; <keyboardFocus> -> <token: <frontmost>; pid: 595>; reason: Deferring to <frontmost>
]
2026-10-10 10:01:56.220 Df WindowServer[595:12b3] [com.apple.BackBoard:EventDelivery] [<keyboardFocus> 0x75b6da4d90] setRules:forPID(595) generation: 12715: [
    [595-16DF]; <keyboardFocus; VeyraPrototype:0x0-0x3d33d3> -> <pid: 16877>; reason: frontmost PSN --> outbound target,
    [595-16DE]; <keyboardFocus; <frontmost>> -> <token: VeyraPrototype:0x0-0x3d33d3; pid: 595>; reason: frontmost PSN,
    [595-16DD]; <keyboardFocus> -> <token: <frontmost>; pid: 595>; reason: Deferring to <frontmost>
]
2026-10-10 10:01:56.220 Df runningboardd[601:650cfa] [com.apple.runningboard:process] [app<application.me.veyra.gpui-prototype.35334998.35335004(501)>:16877] Ignoring jetsam update because this process is not memory-managed
2026-10-10 10:01:56.220 Df runningboardd[601:650cfa] [com.apple.runningboard:process] [app<application.me.veyra.gpui-prototype.35334998.35335004(501)>:16877] Ignoring suspend because this process is not lifecycle managed
2026-10-10 10:01:56.220 Df runningboardd[601:650cfa] [com.apple.runningboard:ttl] [app<application.me.veyra.gpui-prototype.35334998.35335004(501)>:16877] Set darwin role to: UserInteractiveFocal
2026-10-10 10:01:56.220 Df runningboardd[601:650cfa] [com.apple.runningboard:process] [app<application.me.veyra.gpui-prototype.35334998.35335004(501)>:16877] Ignoring GPU update because this process is not GPU managed
2026-10-10 10:01:56.220 Df runningboardd[601:650cfa] [com.apple.runningboard:process] [app<application.me.veyra.gpui-prototype.35334998.35335004(501)>:16877] Ignoring memory limit update because this process is not memory-managed
2026-10-10 10:01:56.220 Df runningboardd[601:65105a] [com.apple.runningboard:ttl] Acquiring assertion targeting [app<application.me.veyra.gpui-prototype.35334998.35335004(501)>:16877] from originator [osservice<com.apple.coreservices.launchservicesd>:567] with description <RBSAssertionDescriptor| "notification:16877" ID:601-567-62286 target:16877 attributes:[
	<RBSDomainAttribute| domain:"com.apple.launchservicesd" name:"LSNotification" sourceEnvironment:"(null)">
	]>
2026-10-10 10:01:56.220 Df runningboardd[601:65105a] [com.apple.runningboard:ttl] Assertion 601-567-62286 (target:[app<application.me.veyra.gpui-prototype.35334998.35335004(501)>:16877]) will be created as active
2026-10-10 10:01:56.220 Df WindowServer[595:12b3] [com.apple.BackBoard:EventDelivery] chain did update (setDeferringRules) <<keyboardFocus>; generation: 12715; finalStringTargetIndex: 1> containsEndOfChain: YES; [
    <token: <frontmost>; pid: 595>,
    <token: VeyraPrototype:0x0-0x3d33d3; pid: 595>,
    <pid: 16877>
]
2026-10-10 10:01:56.220 Df runningboardd[601:651808] [com.apple.runningboard:monitor] Calculated state for app<application.me.veyra.gpui-prototype.35334998.35335004(501)>: running-active (role: UserInteractiveFocal) (endowments: <private>)
2026-10-10 10:01:56.220 Df runningboardd[601:650cfa] [com.apple.runningboard:process] [app<application.me.veyra.gpui-prototype.35334998.35335004(501)>:16877] Ignoring jetsam update because this process is not memory-managed
2026-10-10 10:01:56.220 Df runningboardd[601:650cfa] [com.apple.runningboard:process] [app<application.me.veyra.gpui-prototype.35334998.35335004(501)>:16877] Ignoring suspend because this process is not lifecycle managed
2026-10-10 10:01:56.220 Df runningboardd[601:650cfa] [com.apple.runningboard:process] [app<application.me.veyra.gpui-prototype.35334998.35335004(501)>:16877] Ignoring GPU update because this process is not GPU managed
2026-10-10 10:01:56.220 Df runningboardd[601:650cfa] [com.apple.runningboard:process] [app<application.me.veyra.gpui-prototype.35334998.35335004(501)>:16877] Ignoring memory limit update because this process is not memory-managed
2026-10-10 10:01:56.220 Df gamepolicyd[755:65167c] [com.apple.runningboard:monitor] Received state update for 16877 (app<application.me.veyra.gpui-prototype.35334998.35335004(501)>, running-active-NotVisible
2026-10-10 10:01:56.220 Df runningboardd[601:65105a] [com.apple.runningboard:monitor] Calculated state for app<application.me.veyra.gpui-prototype.35334998.35335004(501)>: running-active (role: UserInteractiveFocal) (endowments: <private>)
2026-10-10 10:01:56.221 Df gamepolicyd[755:65167d] [com.apple.runningboard:monitor] Received state update for 16877 (app<application.me.veyra.gpui-prototype.35334998.35335004(501)>, running-active-NotVisible
2026-10-10 10:01:56.221 Df runningboardd[601:650cfa] [com.apple.runningboard:ttl] Acquiring assertion targeting [app<application.me.veyra.gpui-prototype.35334998.35335004(501)>:16877] from originator [osservice<com.apple.WindowServer(88)>:595] with description <RBSAssertionDescriptor| "FUSBFrontmostProcess" ID:601-595-62287 target:16877 attributes:[
	<RBSDomainAttribute| domain:"com.apple.fuseboard" name:"Frontmost" sourceEnvironment:"(null)">,
	<RBSAcquisitionCompletionAttribute| policy:AfterApplication>
	]>
2026-10-10 10:01:56.221 Df runningboardd[601:650cfa] [com.apple.runningboard:ttl] Assertion 601-595-62287 (target:[app<application.me.veyra.gpui-prototype.35334998.35335004(501)>:16877]) will be created as active
2026-10-10 10:01:56.221 Df runningboardd[601:65105a] [com.apple.runningboard:process] [app<application.me.veyra.gpui-prototype.35334998.35335004(501)>:16877] Ignoring jetsam update because this process is not memory-managed
2026-10-10 10:01:56.221 Df runningboardd[601:65105a] [com.apple.runningboard:process] [app<application.me.veyra.gpui-prototype.35334998.35335004(501)>:16877] Ignoring suspend because this process is not lifecycle managed
2026-10-10 10:01:56.221 Df runningboardd[601:65105a] [com.apple.runningboard:process] [app<application.me.veyra.gpui-prototype.35334998.35335004(501)>:16877] Ignoring GPU update because this process is not GPU managed
2026-10-10 10:01:56.221 Df runningboardd[601:65105a] [com.apple.runningboard:process] [app<application.me.veyra.gpui-prototype.35334998.35335004(501)>:16877] Ignoring memory limit update because this process is not memory-managed
2026-10-10 10:01:56.221 Df runningboardd[601:65105a] [com.apple.runningboard:ttl] [app<application.me.veyra.gpui-prototype.35334998.35335004(501)>:16877] visiblity is yes
2026-10-10 10:01:56.222 Df runningboardd[601:650cfa] [com.apple.runningboard:monitor] Calculated state for app<application.me.veyra.gpui-prototype.35334998.35335004(501)>: running-active (role: UserInteractiveFocal) (endowments: <private>)
2026-10-10 10:01:56.222 Df gamepolicyd[755:65167c] [com.apple.runningboard:monitor] Received state update for 16877 (app<application.me.veyra.gpui-prototype.35334998.35335004(501)>, running-active-NotVisible
2026-10-10 10:01:56.239 Df veyra-gpui-prototype[16877:651810] [com.apple.AppKit:Appearance] Current system appearance, (HLTB: 1), (SLS: 0)
2026-10-10 10:01:56.240 Df veyra-gpui-prototype[16877:651810] (libMobileGestalt.dylib) No persisted cache on this platform.
2026-10-10 10:01:56.241 Df veyra-gpui-prototype[16877:651810] [com.apple.AppKit:Appearance] Current system appearance, (HLTB: 1), (SLS: 0)
2026-10-10 10:01:56.241 Df veyra-gpui-prototype[16877:651810] [com.apple.AppKit:Appearance] Post-registration system appearance: (HLTB: 1)
2026-10-10 10:01:56.243 Df veyra-gpui-prototype[16877:651810] [com.apple.runningboard:connection] Initializing connection
2026-10-10 10:01:56.243 Df veyra-gpui-prototype[16877:651810] [com.apple.runningboard:process] Removing all cached process handles
2026-10-10 10:01:56.243 Df veyra-gpui-prototype[16877:651810] [com.apple.BoardServices:Injection] activating monitor for service com.apple.frontboard.workspace-service
2026-10-10 10:01:56.243 Df veyra-gpui-prototype[16877:6518f1] [com.apple.runningboard:connection] Sending handshake request attempt #1 to server
2026-10-10 10:01:56.243 Df veyra-gpui-prototype[16877:6518f1] [com.apple.runningboard:connection] Creating connection to com.apple.runningboard
2026-10-10 10:01:56.243 Df veyra-gpui-prototype[16877:6518f1] [com.apple.xpc:connection] [0x76fd048a00] activating connection: mach=true listener=false peer=false name=com.apple.runningboard
2026-10-10 10:01:56.243 Df veyra-gpui-prototype[16877:651810] [com.apple.FrontBoard:Common] FBSWorkspace: default shell endpoint is disabled.
2026-10-10 10:01:56.243 Df runningboardd[601:650cfa] [com.apple.runningboard:connection] Setting client for [app<application.me.veyra.gpui-prototype.35334998.35335004(501)>:16877] as ready
2026-10-10 10:01:56.243 Df veyra-gpui-prototype[16877:651810] [com.apple.xpc:connection] [0x76fd048640] Connection returned listener port: 0x4c03
2026-10-10 10:01:56.243 A  veyra-gpui-prototype[16877:6518f2] (RunningBoardServices) didChangeInheritances
2026-10-10 10:01:56.243 Df distnoted[902:6517d7] [com.apple.distnoted:diagnostic] register name: com.apple.xctest.FakeForceTouchDevice object: me.veyra.gpui-prototype token: 2c00000025 pid: 16877
2026-10-10 10:01:56.243 Df veyra-gpui-prototype[16877:6518f1] [com.apple.runningboard:connection] Handshake succeeded
2026-10-10 10:01:56.243 Df veyra-gpui-prototype[16877:6518f1] [com.apple.runningboard:connection] Identity resolved as app<application.me.veyra.gpui-prototype.35334998.35335004(501)>
2026-10-10 10:01:56.245 Df veyra-gpui-prototype[16877:651810] [com.apple.xpc:connection] [0x76fd048640] Connection returned listener port: 0x4c03
2026-10-10 10:01:56.245 Df veyra-gpui-prototype[16877:651810] [com.apple.xpc:connection] [0x76fd048b40] activating connection: mach=true listener=false peer=false name=com.apple.tccd
2026-10-10 10:01:56.245 A  veyra-gpui-prototype[16877:651810] (TCC) TCCAccessLaunchDisclosurePromptIfNeeded() IPC
2026-10-10 10:01:56.247 Df veyra-gpui-prototype[16877:651810] [com.apple.xpc:connection] [0x76fd048b40] invalidated after the last release of the connection object
2026-10-10 10:01:56.248 Df nehelper[652:650832] [com.apple.networkextension:] Received an apps uninstalled notification with bundle IDs (
    "me.veyra.gpui-prototype"
)
2026-10-10 10:01:56.248 Df linkd[936:6517f3] [com.apple.appintents:Indexing] Looking for bundle: me.veyra.gpui-prototype
2026-10-10 10:01:56.248 A  veyra-gpui-prototype[16877:6518f2] (AppIntents) appintents:register process
2026-10-10 10:01:56.248 Df veyra-gpui-prototype[16877:6518f2] [com.apple.appintents:Connection] Created a new Process Instance Registry XPC connection (inactive)
2026-10-10 10:01:56.248 Df veyra-gpui-prototype[16877:6518f2] [com.apple.xpc:connection] [0x76fd048b40] activating connection: mach=true listener=false peer=false name=com.apple.linkd.autoShortcut
2026-10-10 10:01:56.248 Df veyra-gpui-prototype[16877:6518f2] [com.apple.appintents:Connection] Activated connection to linkd (ApplicationService)
2026-10-10 10:01:56.249 Df veyra-gpui-prototype[16877:6518f2] [com.apple.xpc:connection] [0x76fd048c80] activating connection: mach=false listener=true peer=false name=(anonymous)
2026-10-10 10:01:56.249 Df veyra-gpui-prototype[16877:6518f2] [com.apple.xpc:connection] [0x76fd048c80] Connection returned listener port: 0xa803
2026-10-10 10:01:56.249 Df veyra-gpui-prototype[16877:651810] [com.apple.dt.xctest:Default] Registering for test daemon availability notify post.
2026-10-10 10:01:56.249 Df veyra-gpui-prototype[16877:651810] [com.apple.dt.xctest:Default] notify_get_state check indicated test daemon not ready.
2026-10-10 10:01:56.249 Df veyra-gpui-prototype[16877:651810] [com.apple.dt.xctest:Default] notify_get_state check indicated test daemon not ready.
2026-10-10 10:01:56.249 Df veyra-gpui-prototype[16877:651810] [com.apple.dt.xctest:Default] notify_get_state check indicated test daemon not ready.
2026-10-10 10:01:56.249 E  linkd[936:651727] [com.apple.appintents:General] Failed to generate bundleIdentity:
 -Unable to get teamId from me.veyra.gpui-prototype PID [16877]
2026-10-10 10:01:56.249 A  veyra-gpui-prototype[16877:651810] (CoreFoundation) Loading Preferences From System CFPrefsD
2026-10-10 10:01:56.249 Df veyra-gpui-prototype[16877:6518f9] [com.apple.xpc:connection] [0x76fd048b40] Re-initialization successful; calling out to event handler with XPC_ERROR_CONNECTION_INTERRUPTED
2026-10-10 10:01:56.249 Df veyra-gpui-prototype[16877:6518f9] [com.apple.appintents:Connection] Process Instance Registry XPC connection has been interrupted
2026-10-10 10:01:56.250 E  veyra-gpui-prototype[16877:6518f2] [com.apple.appintents:Connection] Unable to get synchronousRemoteObjectProxy, error: Error Domain=NSCocoaErrorDomain Code=4097 "connection to service named com.apple.linkd.autoShortcut" UserInfo={NSDebugDescription=connection to service named com.apple.linkd.autoShortcut}
2026-10-10 10:01:56.250 E  veyra-gpui-prototype[16877:6518f2] [com.apple.AppKit:Application] Error registering app with intents framework: Error Domain=NSCocoaErrorDomain Code=4097 UserInfo={NSDebugDescription=<private>}
2026-10-10 10:01:56.250 Df veyra-gpui-prototype[16877:651901] [com.apple.appintents:Connection] Created a new Process Instance Registry XPC connection (inactive)
2026-10-10 10:01:56.250 A  veyra-gpui-prototype[16877:651901] (AppIntents) appintents:register process
2026-10-10 10:01:56.250 Df veyra-gpui-prototype[16877:651901] [com.apple.appintents:Connection] Created a new Process Instance Registry XPC connection (inactive)
2026-10-10 10:01:56.250 Df veyra-gpui-prototype[16877:651901] [com.apple.xpc:connection] [0x76fd049180] activating connection: mach=true listener=false peer=false name=com.apple.linkd.autoShortcut
2026-10-10 10:01:56.250 Df veyra-gpui-prototype[16877:651901] [com.apple.appintents:Connection] Activated connection to linkd (ApplicationService)
2026-10-10 10:01:56.250 Df veyra-gpui-prototype[16877:651901] [com.apple.xpc:connection] [0x76fd048c80] Connection returned listener port: 0xa803
2026-10-10 10:01:56.250 E  linkd[936:65180c] [com.apple.appintents:General] Failed to generate bundleIdentity:
 -Unable to get teamId from me.veyra.gpui-prototype PID [16877]
2026-10-10 10:01:56.250 Df veyra-gpui-prototype[16877:6518f2] [com.apple.xpc:connection] [0x76fd049180] Re-initialization successful; calling out to event handler with XPC_ERROR_CONNECTION_INTERRUPTED
2026-10-10 10:01:56.250 Df veyra-gpui-prototype[16877:6518f2] [com.apple.appintents:Connection] Process Instance Registry XPC connection has been interrupted
2026-10-10 10:01:56.250 E  veyra-gpui-prototype[16877:651901] [com.apple.appintents:Connection] Unable to get synchronousRemoteObjectProxy, error: Error Domain=NSCocoaErrorDomain Code=4097 "connection to service named com.apple.linkd.autoShortcut" UserInfo={NSDebugDescription=connection to service named com.apple.linkd.autoShortcut}
2026-10-10 10:01:56.250 E  veyra-gpui-prototype[16877:651901] [com.apple.appintents:Connection] Unable to re-register with Process Instance Registry, error: Error Domain=NSCocoaErrorDomain Code=4097 "connection to service named com.apple.linkd.autoShortcut" UserInfo={NSDebugDescription=connection to service named com.apple.linkd.autoShortcut}
2026-10-10 10:01:56.250 Df veyra-gpui-prototype[16877:6518f9] [com.apple.appintents:Connection] Created a new Process Instance Registry XPC connection (inactive)
2026-10-10 10:01:56.250 A  veyra-gpui-prototype[16877:6518f9] (AppIntents) appintents:register process
2026-10-10 10:01:56.250 Df veyra-gpui-prototype[16877:6518f9] [com.apple.appintents:Connection] Created a new Process Instance Registry XPC connection (inactive)
2026-10-10 10:01:56.250 Df veyra-gpui-prototype[16877:6518f9] [com.apple.xpc:connection] [0x76fd049540] activating connection: mach=true listener=false peer=false name=com.apple.linkd.autoShortcut
2026-10-10 10:01:56.250 Df veyra-gpui-prototype[16877:6518f9] [com.apple.appintents:Connection] Activated connection to linkd (ApplicationService)
2026-10-10 10:01:56.250 Df veyra-gpui-prototype[16877:6518f9] [com.apple.xpc:connection] [0x76fd048c80] Connection returned listener port: 0xa803
2026-10-10 10:01:56.250 E  linkd[936:65180c] [com.apple.appintents:General] Failed to generate bundleIdentity:
 -Unable to get teamId from me.veyra.gpui-prototype PID [16877]
2026-10-10 10:01:56.250 Df veyra-gpui-prototype[16877:651901] [com.apple.xpc:connection] [0x76fd049540] Re-initialization successful; calling out to event handler with XPC_ERROR_CONNECTION_INTERRUPTED
2026-10-10 10:01:56.250 Df veyra-gpui-prototype[16877:651901] [com.apple.appintents:Connection] Process Instance Registry XPC connection has been interrupted
2026-10-10 10:01:56.251 E  veyra-gpui-prototype[16877:6518f9] [com.apple.appintents:Connection] Unable to get synchronousRemoteObjectProxy, error: Error Domain=NSCocoaErrorDomain Code=4097 "connection to service named com.apple.linkd.autoShortcut" UserInfo={NSDebugDescription=connection to service named com.apple.linkd.autoShortcut}
2026-10-10 10:01:56.251 E  veyra-gpui-prototype[16877:6518f9] [com.apple.appintents:Connection] Unable to re-register with Process Instance Registry, error: Error Domain=NSCocoaErrorDomain Code=4097 "connection to service named com.apple.linkd.autoShortcut" UserInfo={NSDebugDescription=connection to service named com.apple.linkd.autoShortcut}
2026-10-10 10:01:56.251 Df veyra-gpui-prototype[16877:6518f2] [com.apple.appintents:Connection] Created a new Process Instance Registry XPC connection (inactive)
2026-10-10 10:01:56.251 A  veyra-gpui-prototype[16877:6518f2] (AppIntents) appintents:register process
2026-10-10 10:01:56.251 Df veyra-gpui-prototype[16877:6518f2] [com.apple.appintents:Connection] Created a new Process Instance Registry XPC connection (inactive)
2026-10-10 10:01:56.251 Df veyra-gpui-prototype[16877:6518f2] [com.apple.xpc:connection] [0x76fd0497c0] activating connection: mach=true listener=false peer=false name=com.apple.linkd.autoShortcut
2026-10-10 10:01:56.251 Df veyra-gpui-prototype[16877:6518f2] [com.apple.appintents:Connection] Activated connection to linkd (ApplicationService)
2026-10-10 10:01:56.251 Df veyra-gpui-prototype[16877:6518f2] [com.apple.xpc:connection] [0x76fd048c80] Connection returned listener port: 0xa803
2026-10-10 10:01:56.251 E  linkd[936:651727] [com.apple.appintents:General] Failed to generate bundleIdentity:
 -Unable to get teamId from me.veyra.gpui-prototype PID [16877]
2026-10-10 10:01:56.251 Df veyra-gpui-prototype[16877:6518f9] [com.apple.xpc:connection] [0x76fd0497c0] Re-initialization successful; calling out to event handler with XPC_ERROR_CONNECTION_INTERRUPTED
2026-10-10 10:01:56.251 Df veyra-gpui-prototype[16877:6518f9] [com.apple.appintents:Connection] Process Instance Registry XPC connection has been interrupted
2026-10-10 10:01:56.251 E  veyra-gpui-prototype[16877:6518f9] [com.apple.appintents:Connection] Will NOT re-try to establish the connection
2026-10-10 10:01:56.251 E  veyra-gpui-prototype[16877:6518f2] [com.apple.appintents:Connection] Unable to get synchronousRemoteObjectProxy, error: Error Domain=NSCocoaErrorDomain Code=4097 "connection to service named com.apple.linkd.autoShortcut" UserInfo={NSDebugDescription=connection to service named com.apple.linkd.autoShortcut}
2026-10-10 10:01:56.251 E  veyra-gpui-prototype[16877:6518f2] [com.apple.appintents:Connection] Unable to re-register with Process Instance Registry, error: Error Domain=NSCocoaErrorDomain Code=4097 "connection to service named com.apple.linkd.autoShortcut" UserInfo={NSDebugDescription=connection to service named com.apple.linkd.autoShortcut}
2026-10-10 10:01:56.258 Df lsd[619:65181b] [com.apple.appinstallation:TransactionLog] me.veyra.gpui-prototype/Unknown Persona:5:5:1:1:Building bundle record for app
2026-10-10 10:01:56.258 Df lsd[619:65181b] [com.apple.appinstallation:TransactionLog] me.veyra.gpui-prototype/Unknown Persona:5:5:2:1:Built bundle record for app
2026-10-10 10:01:56.258 Df lsd[619:65181b] [com.apple.appinstallation:TransactionLog] me.veyra.gpui-prototype/Unknown Persona:5:4:2:1:_LSServerRegisterItemInfo result = 0
2026-10-10 10:01:56.258 Df linkd[936:6517f3] [com.apple.appintents:IndexCoordinator] Finished task: Audit: Bundles: me.veyra.gpui-prototype
2026-10-10 10:01:56.259 Df nehelper[652:650832] [com.apple.networkextension:] Received an apps installed notification with bundle IDs (
    "me.veyra.gpui-prototype"
)
2026-10-10 10:01:56.268 Df veyra-gpui-prototype[16877:651810] (libMobileGestalt.dylib) couldn't load support library
2026-10-10 10:01:56.268 Df veyra-gpui-prototype[16877:651810] (libMobileGestalt.dylib) called dummy function!
2026-10-10 10:01:56.269 Df veyra-gpui-prototype[16877:651810] [com.apple.GenerativeModels:availability] UserDefaults(com.apple.gms.availability, 501
2026-10-10 10:01:56.270 Df veyra-gpui-prototype[16877:651810] [com.apple.WritingTools:Default] isEnhancedSiriAvailable value changed: false
2026-10-10 10:01:56.270 Df veyra-gpui-prototype[16877:651810] [com.apple.WritingTools:Default] isAvailable value changed: isMDMAllowed = true, gmAvailable (current) = false
2026-10-10 10:01:56.274 Df veyra-gpui-prototype[16877:6518f1] [com.apple.xpc:connection] [0x76fd049b80] activating connection: mach=false listener=false peer=false name=(anonymous)
2026-10-10 10:01:56.276 Df veyra-gpui-prototype[16877:6518f1] [com.apple.menubar:menu-xpc-client] Attempting to activate session
2026-10-10 10:01:56.276 Df veyra-gpui-prototype[16877:6518f2] [com.apple.menubar:menu-xpc-client] Session activated
2026-10-10 10:01:56.282 Df veyra-gpui-prototype[16877:651810] [com.apple.AppKit:Appearance] NSApp cache appearance:
-NSRequiresAquaSystemAppearance: 0
-appearance: (null)
-effectiveAppearance: <NSCompositeAppearance: 0x76fd03a940
 (
    "<NSAquaAppearance: 0x76fd03a8a0>",
    "<NSSystemAppearance: 0x76fd039f40>"
)>
2026-10-10 10:01:56.285 A  veyra-gpui-prototype[16877:651810] (CoreFoundation) Loading Preferences From User CFPrefsD
2026-10-10 10:01:56.285 A  veyra-gpui-prototype[16877:651810] (CoreFoundation) Loading Preferences From User CFPrefsD
2026-10-10 10:01:56.292 Df intelligencecontextd[1079:64fcd9] [com.apple.UIIntelligenceSupport:agentOversize] starting RequestID(1079:88 = 4634269712472) for client Spotlight: RequestParameters(timeout: 0.75 sec, requestedComponents: (commands), targetedAppBundleIdentifiers: ["me.veyra.gpui-prototype"], appIntentsRequest: AppIntentsRequest())
2026-10-10 10:01:56.307 Df distnoted[902:6517d7] [com.apple.distnoted:diagnostic] register name: com.apple.nsquiet_safe_quit_give_reason object: me.veyra.gpui-prototype token: 3200000031 pid: 16877
2026-10-10 10:01:56.309 Df veyra-gpui-prototype[16877:6518f2] [com.apple.xpc:connection] [0x76fd04a1c0] activating connection: mach=true listener=false peer=false name=com.apple.dock.fullscreen
2026-10-10 10:01:56.310 Df veyra-gpui-prototype[16877:651810] [com.apple.xpc:connection] [0x76fd04a300] activating connection: mach=true listener=false peer=false name=com.apple.fonts
2026-10-10 10:01:56.318 Df veyra-gpui-prototype[16877:651810] [com.apple.xpc:connection] [0x76fd048dc0] activating connection: mach=true listener=false peer=false name=com.apple.appkit.restoration_storage
2026-10-10 10:01:56.318 Df veyra-gpui-prototype[16877:651810] [com.apple.xpc:connection] [0x76fd048f00] activating connection: mach=true listener=false peer=false name=com.apple.coreservices.appleevents
2026-10-10 10:01:56.318 Df veyra-gpui-prototype[16877:651810] [com.apple.xpc:connection] [0x76fd048640] Connection returned listener port: 0x4c03
2026-10-10 10:01:56.319 Df veyra-gpui-prototype[16877:651810] [com.apple.processmanager:front-35286506] SignalReady: pid=16877 asn=0x0-0x3d33d3
2026-10-10 10:01:56.319 Df veyra-gpui-prototype[16877:651810] [com.apple.processmanager:front-35286506] SIGNAL: pid=16877 asn=0x0x-0x3d33d3
2026-10-10 10:01:56.319 Df loginwindow[599:12e0] [com.apple.loginwindow.logging:Standard] -[Application _updateInformationInternal] | Got App URL: file:///Users/lifeilin/Downloads/Veyra-P0-08-first-open-20261010/VeyraPrototype.app/
2026-10-10 10:01:56.319 Df loginwindow[599:12e0] [com.apple.loginwindow.logging:TAL] -[PersistentAppsSupport applicationReady:] | App: VeyraPrototype, ready, updating active tracking timer
2026-10-10 10:01:56.319 Df veyra-gpui-prototype[16877:651810] [com.apple.xpc:connection] [0x76fd04a440] activating connection: mach=false listener=false peer=false name=com.apple.ViewBridgeAuxiliary
2026-10-10 10:01:56.326 Df veyra-gpui-prototype[16877:651810] [com.apple.xpc:connection] [0x76fd04a580] activating connection: mach=false listener=false peer=false name=(anonymous)
2026-10-10 10:01:56.326 Df veyra-gpui-prototype[16877:651810] [com.apple.xpc:connection] [0x76fd04a6c0] activating connection: mach=false listener=true peer=false name=(anonymous)
2026-10-10 10:01:56.326 Df veyra-gpui-prototype[16877:651810] [com.apple.xpc:connection] [0x76fd04a6c0] Connection returned listener port: 0xf003
2026-10-10 10:01:56.326 Df veyra-gpui-prototype[16877:651810] [com.apple.xpc:connection] [0x76fd04a440] invalidated after the last release of the connection object
2026-10-10 10:01:56.329 Df runningboardd[601:650ccf] [com.apple.runningboard:ttl] Acquiring assertion targeting [app<application.me.veyra.gpui-prototype.35334998.35335004(501)>:16877] from originator [app<application.me.veyra.gpui-prototype.35334998.35335004(501)>:16877] with description <RBSAssertionDescriptor| "AppNap adapter assertion" ID:601-16877-62288 target:16877 attributes:[
	<RBSAcquisitionCompletionAttribute| policy:AfterApplication>,
	<RBSDomainAttribute| domain:"com.apple.appnap" name:"Enable" sourceEnvironment:"(null)">,
	<RBSDomainAttribute| domain:"com.apple.appnap" name:"Inactive" sourceEnvironment:"(null)">,
	<RBSDomainAttribute| domain:"com.apple.appnap" name:"PreventDiskThrottle" sourceEnvironment:"(null)">,
	<RBSDomainAttribute| domain:"com.apple.appnap" name:"PreventSuppressedCPU" sourceEnvironment:"(null)">,
	<RBSDomainAttribute| domain:"com.apple.appnap" name:"PreventLowPriorirtyCPU" sourceEnvironment:"(null)">,
	<RBSDomainAttribute| domain:"com.apple.appnap" name:"PreventBackgroundSockets" sourceEnvironment:"(null)">,
	<RBSDomainAttribute| domain:"com.apple.appnap" name:"PreventTimerThrottleTier0" sourceEnv<…>
2026-10-10 10:01:56.329 Df runningboardd[601:650ccf] [com.apple.runningboard:ttl] Assertion 601-16877-62288 (target:[app<application.me.veyra.gpui-prototype.35334998.35335004(501)>:16877]) will be created as active
2026-10-10 10:01:56.329 Df runningboardd[601:650d80] [com.apple.runningboard:process] [app<application.me.veyra.gpui-prototype.35334998.35335004(501)>:16877] Ignoring jetsam update because this process is not memory-managed
2026-10-10 10:01:56.329 Df runningboardd[601:650d80] [com.apple.runningboard:process] [app<application.me.veyra.gpui-prototype.35334998.35335004(501)>:16877] Ignoring suspend because this process is not lifecycle managed
2026-10-10 10:01:56.329 Df runningboardd[601:650d80] [com.apple.runningboard:process] [app<application.me.veyra.gpui-prototype.35334998.35335004(501)>:16877] Ignoring GPU update because this process is not GPU managed
2026-10-10 10:01:56.329 Df runningboardd[601:650d80] [com.apple.runningboard:process] [app<application.me.veyra.gpui-prototype.35334998.35335004(501)>:16877] Ignoring memory limit update because this process is not memory-managed
2026-10-10 10:01:56.329 Df runningboardd[601:650d80] [com.apple.runningboard:process] [app<application.me.veyra.gpui-prototype.35334998.35335004(501)>:16877] Set AppNap state: <RBMutableProcessAppNapState|0x7add8a1bc0 enabled:Y active:N socket:N disk:N priority:N cpu:N timer:Tier0>
2026-10-10 10:01:56.329 Df runningboardd[601:651808] [com.apple.runningboard:monitor] Calculated state for app<application.me.veyra.gpui-prototype.35334998.35335004(501)>: running-active (role: UserInteractiveFocal) (endowments: <private>)
2026-10-10 10:01:56.329 Df veyra-gpui-prototype[16877:651810] [com.apple.GenerativeModels:availability] registering darwin observer for name: com.apple.gms.availability.notification
2026-10-10 10:01:56.329 Df veyra-gpui-prototype[16877:651810] [com.apple.GenerativeModels:availability] registering darwin observer for name: com.apple.os-eligibility-domain.change.greymatter
2026-10-10 10:01:56.329 Df veyra-gpui-prototype[16877:651810] [com.apple.GenerativeModels:availability] registering darwin observer for name: com.apple.language.changed
2026-10-10 10:01:56.329 Df veyra-gpui-prototype[16877:651810] [com.apple.GenerativeModels:availability] registering darwin observer for name: com.apple.gms.availability.notification
2026-10-10 10:01:56.329 Df veyra-gpui-prototype[16877:651810] [com.apple.GenerativeModels:availability] registering darwin observer for name: com.apple.os-eligibility-domain.change.greymatter
2026-10-10 10:01:56.329 Df veyra-gpui-prototype[16877:651810] [com.apple.GenerativeModels:availability] registering darwin observer for name: com.apple.language.changed
2026-10-10 10:01:56.330 Df gamepolicyd[755:65167d] [com.apple.runningboard:monitor] Received state update for 16877 (app<application.me.veyra.gpui-prototype.35334998.35335004(501)>, running-active-NotVisible
2026-10-10 10:01:56.334 Df veyra-gpui-prototype[16877:651810] [com.apple.AppKit:AutomaticTermination] void _NSDisableAutomaticTerminationAndLog(NSString *) Restoring windows
2026-10-10 10:01:56.334 Df veyra-gpui-prototype[16877:651810] [com.apple.AppKit:StateRestoration] -[NSApplication _reopenWindowsAsNecessaryIncludingRestorableState:withFullFidelity:completionHandler:] shouldRestoreState=1 hasPersistentStateToRestore=1 shouldStillRestoreStateAfterPrompting=1
2026-10-10 10:01:56.335 Df veyra-gpui-prototype[16877:651810] [com.apple.AppKit:StateRestoration] -[NSApplication(NSPersistentUIRestorationSupport) _restoreWindowWithRestoration:completionHandler:] restoration=<NSPersistentUIWindowRestoration: 0x76fcc931b0> savedIdentifier=(null)
2026-10-10 10:01:56.335 Df veyra-gpui-prototype[16877:651810] [com.apple.AppKit:StateRestoration] -[NSApplication(NSWindowRestoration) restoreWindowWithIdentifier:state:completionHandler:] identifier=(null) className=(null)
2026-10-10 10:01:56.335 Df veyra-gpui-prototype[16877:651810] [com.apple.AppKit:StateRestoration] -[NSApplication(NSPersistentUIRestorationSupport) _restoreWindowWithRestoration:completionHandler:] restoration=<NSPersistentUIWindowRestoration: 0x76fcc931b0> savedIdentifier=(null) heuristicsWindow=0x0
2026-10-10 10:01:56.335 Df veyra-gpui-prototype[16877:651810] [com.apple.AppKit:StateRestoration] -[NSApplication(NSPersistentUIRestorationSupport) _restoreWindowWithRestoration:completionHandler:] restoration=<NSPersistentUIWindowRestoration: 0x76fcc931b0> savedIdentifier=(null) isHandlingOdocEvent=0
2026-10-10 10:01:56.481 Df veyra-gpui-prototype[16877:651810] [com.apple.UserNotifications:Connections] [me.veyra.gpui-prototype] Creating a user notification center
2026-10-10 10:01:56.481 Df veyra-gpui-prototype[16877:6518f2] [com.apple.xpc:connection] [0x76fd04a800] activating connection: mach=true listener=false peer=false name=com.apple.usernotifications.listener
2026-10-10 10:01:56.484 Df veyra-gpui-prototype[16877:6518f2] [com.apple.corespotlight:index] (<private>) deleteSearchableItemsWithDomainIdentifiers, protectionClass:(null), domainIdentifiers number:1
2026-10-10 10:01:56.484 A  veyra-gpui-prototype[16877:6518f2] (CoreSpotlight) delete-domains
2026-10-10 10:01:56.484 Df veyra-gpui-prototype[16877:6518f9] [com.apple.corespotlight:index] Submitting donation: <private> (0 bytes with 0 enqueued)
2026-10-10 10:01:56.484 Df veyra-gpui-prototype[16877:6518f9] (CoreSpotlight) sConnectionName: com.apple.spotlight.IndexAgent
2026-10-10 10:01:56.484 Df veyra-gpui-prototype[16877:6518f9] (CoreSpotlight) Start mach service name com.apple.spotlight.IndexAgent
2026-10-10 10:01:56.484 Df veyra-gpui-prototype[16877:6518f9] [com.apple.xpc:connection] [0x76fd04ad00] activating connection: mach=true listener=false peer=false name=com.apple.spotlight.IndexAgent
2026-10-10 10:01:56.484 Df veyra-gpui-prototype[16877:6518f1] [com.apple.corespotlight:index] Performing donation: <private>
2026-10-10 10:01:56.484 Df veyra-gpui-prototype[16877:6518f1] [com.apple.xpc:connection] [0x76fd04ae40] activating connection: mach=false listener=false peer=false name=com.apple.SetStoreUpdateService
2026-10-10 10:01:56.484 Df veyra-gpui-prototype[16877:6518f1] [com.apple.Biome:BiomeCascade] Requesting new set donation <private>
2026-10-10 10:01:56.484 Df veyra-gpui-prototype[16877:651810] [com.apple.FrontBoard:Common] FBSWorkspace registering source: <private>
2026-10-10 10:01:56.484 Df veyra-gpui-prototype[16877:651810] [com.apple.FrontBoard:Common] FBSWorkspace connected to endpoint : <private>
2026-10-10 10:01:56.484 Df veyra-gpui-prototype[16877:651810] [com.apple.FrontBoard:Common] <FBSWorkspaceScenesClient:0x76fd1ce580 <private>> attempting immediate handshake from activate
2026-10-10 10:01:56.484 Df veyra-gpui-prototype[16877:651810] [com.apple.FrontBoard:Common] <FBSWorkspaceScenesClient:0x76fd1ce580 <private>> sent handshake
2026-10-10 10:01:56.484 Df veyra-gpui-prototype[16877:651810] [com.apple.FrontBoard:SceneExtension] Realizing settings extension __NSStatusItemSceneHostSettings__ on FBSSceneSettings
2026-10-10 10:01:56.485 Df veyra-gpui-prototype[16877:651810] [com.apple.FrontBoard:SceneExtension] Realizing settings extension __NSStatusItemSceneClientSettings__ on FBSSceneClientSettings
2026-10-10 10:01:56.485 Df veyra-gpui-prototype[16877:651810] [com.apple.FrontBoard:SceneExtension] Realizing settings extension _TtCC6AppKit33NSMenuBarNavigationSceneExtension23ClientSettingsExtension on FBSSceneClientSettings
2026-10-10 10:01:56.485 Df veyra-gpui-prototype[16877:651810] [com.apple.FrontBoard:SceneExtension] Realizing settings extension FBSSceneSettingsCore on FBSSceneSettings
2026-10-10 10:01:56.485 Df usernoted[932:650dfa] [com.apple.unc:server] Connection me.veyra.gpui-prototype with path: /private/var/folders/sq/9tr34l617h5fp65hjxgvly140000gn/T/AppTranslocation/5538C23D-4491-4E2A-87CD-5DC718F14407/d/VeyraPrototype.app
2026-10-10 10:01:56.485 Df veyra-gpui-prototype[16877:651810] [com.apple.FrontBoard:SceneExtension] Realizing settings extension FBSSceneClientSettingsCore on FBSSceneClientSettings
2026-10-10 10:01:56.485 Df MenuBarAgent[1108:650d7e] [com.apple.FrontBoard:Process] Asked to bootstrap a new process for handle: [app<application.me.veyra.gpui-prototype.35334998.35335004(501)>:16877]
2026-10-10 10:01:56.485 Df MenuBarAgent[1108:650d7e] [com.apple.FrontBoard:Process] Creating process (sync=true) for handle: [app<application.me.veyra.gpui-prototype.35334998.35335004(501)>:16877]
2026-10-10 10:01:56.485 Df usernoted[932:650dff] [com.apple.usernotificationsd:NotificationEventManager] Settings changed for source identifiers: ["me.veyra.gpui-prototype"]
2026-10-10 10:01:56.485 Df MenuBarAgent[1108:650d7e] [com.apple.FrontBoard:ProcessWorkspace] [app<application.me.veyra.gpui-prototype.35334998.35335004>:16877] Registering event dispatcher at init
2026-10-10 10:01:56.485 Df NotificationCenter[1135:24b8] [com.apple.unc:application] Looking up app info for me.veyra.gpui-prototype
2026-10-10 10:01:56.485 Df MenuBarAgent[1108:650d7e] [com.apple.FrontBoard:ProcessWorkspace] Created <FBWorkspace: 0x7b5cf06ee0; <FBApplicationProcess: 0x7b5cf13780; app<application.me.veyra.gpui-prototype.35334998.35335004>:16877(v29AB36)>>
2026-10-10 10:01:56.485 Df MenuBarAgent[1108:650d7e] [com.apple.FrontBoard:Process] Bootstrapping app<application.me.veyra.gpui-prototype.35334998.35335004> with intent background
2026-10-10 10:01:56.485 Df veyra-gpui-prototype[16877:651810] [com.apple.FrontBoard:Common] Requesting scene <FBSScene: 0x76fd1ce8a0; com.apple.appkit.status-items:398BFD23-D894-4480-B5B2-20A19547E560> from com.apple.MenuBarAgent.systemservices
2026-10-10 10:01:56.486 Df veyra-gpui-prototype[16877:6518f2] [com.apple.launchservices:db] NotifyToken::RegisterDispatch(user.uid.501.com.apple.LaunchServices.database) fired for session key <private>
2026-10-10 10:01:56.486 Df veyra-gpui-prototype[16877:651810] [com.apple.FrontBoard:SceneExtension] Realizing settings extension FBSSceneTransitionContextCore on FBSSceneTransitionContext
2026-10-10 10:01:56.486 Df runningboardd[601:651808] [com.apple.runningboard:general] Launch request for app<application.me.veyra.gpui-prototype.35334998.35335004(501)>[0] is using uid 501 (divined from auid 501 euid 501)
2026-10-10 10:01:56.486 Df runningboardd[601:651808] [com.apple.runningboard:ttl] Acquiring assertion targeting app<application.me.veyra.gpui-prototype.35334998.35335004(501)> from originator [osservice<com.apple.MenuBarAgent(501)>:1108] with description <RBSAssertionDescriptor| "FBApplicationProcess" ID:601-1108-62289 target:app<application.me.veyra.gpui-prototype.35334998.35335004(501)> attributes:[
	<RBSDomainAttribute| domain:"com.apple.frontboard" name:"SuspendableLPRunReason-Suspend" sourceEnvironment:"(null)">,
	<RBSDomainAttribute| domain:"com.apple.frontboard" name:"SuspendableRole-NonUI" sourceEnvironment:"(null)">,
	<RBSDomainAttribute| domain:"com.apple.frontboard" name:"SuspendableJetsamPriority-Active" sourceEnvironment:"(null)">,
	<RBSDomainAttribute| domain:"com.apple.frontboard" name:"SuspendableBootstrapping" sourceEnvironment:"(null)">
	]>
2026-10-10 10:01:56.486 Df runningboardd[601:651808] [com.apple.runningboard:ttl] Assertion 601-1108-62289 (target:app<application.me.veyra.gpui-prototype.35334998.35335004(501)>) will be created as active
2026-10-10 10:01:56.486 Df runningboardd[601:651808] [com.apple.runningboard:ttl] setting abstract target for <RBSAssertionDescriptor| "FBApplicationProcess" ID:601-1108-62289 target:app<application.me.veyra.gpui-prototype.35334998.35335004(501)> attributes:[
	<RBSDomainAttribute| domain:"com.apple.frontboard" name:"SuspendableLPRunReason-Suspend" sourceEnvironment:"(null)">,
	<RBSDomainAttribute| domain:"com.apple.frontboard" name:"SuspendableRole-NonUI" sourceEnvironment:"(null)">,
	<RBSDomainAttribute| domain:"com.apple.frontboard" name:"SuspendableJetsamPriority-Active" sourceEnvironment:"(null)">,
	<RBSDomainAttribute| domain:"com.apple.frontboard" name:"SuspendableBootstrapping" sourceEnvironment:"(null)">
	]> to [app<application.me.veyra.gpui-prototype.35334998.35335004(501)>:16877]
2026-10-10 10:01:56.486 Df runningboardd[601:650ccf] [com.apple.runningboard:process] [app<application.me.veyra.gpui-prototype.35334998.35335004(501)>:16877] Ignoring jetsam update because this process is not memory-managed
2026-10-10 10:01:56.486 Df runningboardd[601:650ccf] [com.apple.runningboard:process] [app<application.me.veyra.gpui-prototype.35334998.35335004(501)>:16877] Ignoring suspend because this process is not lifecycle managed
2026-10-10 10:01:56.486 Df runningboardd[601:650ccf] [com.apple.runningboard:process] [app<application.me.veyra.gpui-prototype.35334998.35335004(501)>:16877] Ignoring GPU update because this process is not GPU managed
2026-10-10 10:01:56.486 Df runningboardd[601:650ccf] [com.apple.runningboard:process] [app<application.me.veyra.gpui-prototype.35334998.35335004(501)>:16877] Ignoring memory limit update because this process is not memory-managed
2026-10-10 10:01:56.487 Df suggestd[984:65136f] [com.apple.suggestions:suggestions] SGDSpotlightReceiver: deleting 1 domain identifiers (1 after removing overlaps) for me.veyra.gpui-prototype: <private>
2026-10-10 10:01:56.487 Df siriactionsd[964:6517d8] [com.apple.shortcuts:Daemon] Firing event: <distributed notification: com.apple.LaunchServices.applicationUnregistered, userInfo: [AnyHashable("bundleIDs"): <__NSSingleObjectArrayI 0x7ce2d6f120>(
me.veyra.gpui-prototype
)
, AnyHashable("isPlaceholder"): 0]>
2026-10-10 10:01:56.487 Df runningboardd[601:650ccf] [com.apple.runningboard:monitor] Calculated state for app<application.me.veyra.gpui-prototype.35334998.35335004(501)>: running-active (role: UserInteractiveFocal) (endowments: <private>)
2026-10-10 10:01:56.487 Df MenuBarAgent[1108:650d7e] [com.apple.FrontBoard:Process] [app<application.me.veyra.gpui-prototype.35334998.35335004>:16877] Bootstrap success!
2026-10-10 10:01:56.487 Df NotificationCenter[1135:24b8] [com.apple.unc:application] Found info for me.veyra.gpui-prototype at <private>. app name: VeyraPrototype
2026-10-10 10:01:56.488 Df MenuBarAgent[1108:650d7e] [com.apple.FrontBoard:Process] [app<application.me.veyra.gpui-prototype.35334998.35335004>:16877] Setting process visibility to: Background
2026-10-10 10:01:56.488 Df MenuBarAgent[1108:650d7e] [com.apple.FrontBoard:Process] [app<application.me.veyra.gpui-prototype.35334998.35335004>:16877] No launch watchdog for this process, dropping initial assertion in 2.0s
2026-10-10 10:01:56.488 Df runningboardd[601:650ccf] [com.apple.runningboard:ttl] Acquiring assertion targeting [app<application.me.veyra.gpui-prototype.35334998.35335004(501)>:16877] from originator [osservice<com.apple.MenuBarAgent(501)>:1108] with description <RBSAssertionDescriptor| "FBWorkspaceDomain: injecting saved endowment" ID:601-1108-62290 target:16877 attributes:[
	<RBSDomainAttribute| domain:"com.apple.frontboard" name:"WorkspaceEndpointInjection" sourceEnvironment:"(null)">
	]>
2026-10-10 10:01:56.488 Df runningboardd[601:650ccf] [com.apple.runningboard:ttl] Assertion 601-1108-62290 (target:[app<application.me.veyra.gpui-prototype.35334998.35335004(501)>:16877]) will be created as active
2026-10-10 10:01:56.488 Df runningboardd[601:651808] [com.apple.runningboard:process] [app<application.me.veyra.gpui-prototype.35334998.35335004(501)>:16877] Ignoring jetsam update because this process is not memory-managed
2026-10-10 10:01:56.488 Df runningboardd[601:651808] [com.apple.runningboard:process] [app<application.me.veyra.gpui-prototype.35334998.35335004(501)>:16877] Ignoring suspend because this process is not lifecycle managed
2026-10-10 10:01:56.488 Df runningboardd[601:651808] [com.apple.runningboard:process] [app<application.me.veyra.gpui-prototype.35334998.35335004(501)>:16877] Ignoring GPU update because this process is not GPU managed
2026-10-10 10:01:56.488 Df runningboardd[601:651808] [com.apple.runningboard:process] [app<application.me.veyra.gpui-prototype.35334998.35335004(501)>:16877] Ignoring memory limit update because this process is not memory-managed
2026-10-10 10:01:56.489 Df runningboardd[601:651808] [com.apple.runningboard:monitor] Calculated state for app<application.me.veyra.gpui-prototype.35334998.35335004(501)>: running-active (role: UserInteractiveFocal) (endowments: <private>)
2026-10-10 10:01:56.489 A  veyra-gpui-prototype[16877:6518f9] (RunningBoardServices) didChangeInheritances
2026-10-10 10:01:56.489 Df MenuBarAgent[1108:650d7e] [com.apple.FrontBoard:Process] Adding: <FBApplicationProcess: 0x7b5cf13780; app<application.me.veyra.gpui-prototype.35334998.35335004>:16877(v29AB36)>
2026-10-10 10:01:56.489 A  veyra-gpui-prototype[16877:651810] (CoreFoundation) Loading Preferences From User CFPrefsD
2026-10-10 10:01:56.490 Df gamepolicyd[755:65167d] [com.apple.runningboard:monitor] Received state update for 16877 (app<application.me.veyra.gpui-prototype.35334998.35335004(501)>, running-active-NotVisible
2026-10-10 10:01:56.490 Df MenuBarAgent[1108:650d7e] [com.apple.FrontBoard:ProcessWorkspace] [app<application.me.veyra.gpui-prototype.35334998.35335004>:16877] Connection established.
2026-10-10 10:01:56.490 Df MenuBarAgent[1108:650d7e] [com.apple.FrontBoard:ProcessWorkspace] [app<application.me.veyra.gpui-prototype.35334998.35335004>:16877] created proxy of <BSXPCServiceConnectionProxy<FBSWorkspaceServiceServerInterface>: 0x7b5cd3b780>
2026-10-10 10:01:56.490 Df MenuBarAgent[1108:650db6] [com.apple.FrontBoard:Process] [app<application.me.veyra.gpui-prototype.35334998.35335004>:16877] Connection to remote process established!
2026-10-10 10:01:56.490 Df MenuBarAgent[1108:651913] [com.apple.runningboard:monitor] Received state update for 16877 (app<application.me.veyra.gpui-prototype.35334998.35335004(501)>, running-active-NotVisible
2026-10-10 10:01:56.490 Df MenuBarAgent[1108:235b] [com.apple.menubar:scenes] SceneWorkspace clientDidConnectWith: 16877 Optional("me.veyra.gpui-prototype")
2026-10-10 10:01:56.490 Df gamepolicyd[755:65167d] [com.apple.runningboard:monitor] Received state update for 16877 (app<application.me.veyra.gpui-prototype.35334998.35335004(501)>, running-active-NotVisible
2026-10-10 10:01:56.490 Df MenuBarAgent[1108:235b] [com.apple.FrontBoard:Process] Asked to bootstrap a new process for handle: [app<application.me.veyra.gpui-prototype.35334998.35335004(501)>:16877]
2026-10-10 10:01:56.490 Df MenuBarAgent[1108:235b] [com.apple.FrontBoard:Process] A process already exists for this handle: <FBApplicationProcess: 0x7b5cf13780; app<application.me.veyra.gpui-prototype.35334998.35335004>:16877(v29AB36)>
2026-10-10 10:01:56.490 Df MenuBarAgent[1108:235b] [com.apple.FrontBoard:ProcessWorkspace] [app<application.me.veyra.gpui-prototype.35334998.35335004>:16877] Registered new scene: <FBWorkspaceScene: 0x7b5ca45d40; com.apple.appkit.status-items:398BFD23-D894-4480-B5B2-20A19547E560-Variant[Presentation]> (fromRemnant = 0)
2026-10-10 10:01:56.490 Df MenuBarAgent[1108:650d7e] [com.apple.FrontBoard:ProcessWorkspace] [app<application.me.veyra.gpui-prototype.35334998.35335004>:16877] Workspace interruption policy did change: disconnect
2026-10-10 10:01:56.490 Df MenuBarAgent[1108:235b] [com.apple.FrontBoard:Scene] [com.apple.appkit.status-items:398BFD23-D894-4480-B5B2-20A19547E560-Variant[Presentation]] Client process connected: [app<application.me.veyra.gpui-prototype.35334998.35335004(501)>:16877]
2026-10-10 10:01:56.491 Df runningboardd[601:651808] [com.apple.runningboard:ttl] Acquiring assertion targeting [app<application.me.veyra.gpui-prototype.35334998.35335004(501)>:16877] from originator [osservice<com.apple.MenuBarAgent(501)>:1108] with description <RBSAssertionDescriptor| "com.apple.frontboard.after-life.interrupted" ID:601-1108-62291 target:16877 attributes:[
	<RBSDomainAttribute| domain:"com.apple.frontboard" name:"AfterLife-Interrupted" sourceEnvironment:"(null)">
	]>
2026-10-10 10:01:56.491 Df runningboardd[601:651808] [com.apple.runningboard:ttl] Assertion 601-1108-62291 (target:[app<application.me.veyra.gpui-prototype.35334998.35335004(501)>:16877]) will be created as inactive as originator process has not exited
2026-10-10 10:01:56.491 Df runningboardd[601:65105a] [com.apple.runningboard:ttl] Acquiring assertion targeting [app<application.me.veyra.gpui-prototype.35334998.35335004(501)>:16877] from originator [osservice<com.apple.MenuBarAgent(501)>:1108] with description <RBSAssertionDescriptor| "FBWorkspace (BG-Active[40])" ID:601-1108-62292 target:16877 attributes:[
	<RBSDomainAttribute| domain:"com.apple.frontboard" name:"SuspendableLPRunReason-Suspend" sourceEnvironment:"(null)">,
	<RBSDomainAttribute| domain:"com.apple.frontboard" name:"SuspendableRole-NonUI" sourceEnvironment:"(null)">,
	<RBSDomainAttribute| domain:"com.apple.frontboard" name:"SuspendableJetsamPriority-Active" sourceEnvironment:"(null)">
	]>
2026-10-10 10:01:56.491 Df runningboardd[601:65105a] [com.apple.runningboard:ttl] Assertion 601-1108-62292 (target:[app<application.me.veyra.gpui-prototype.35334998.35335004(501)>:16877]) will be created as active
2026-10-10 10:01:56.491 Df MenuBarAgent[1108:650d7e] [com.apple.FrontBoard:ProcessWorkspace] [app<application.me.veyra.gpui-prototype.35334998.35335004>:16877] Workspace state did change: XX-None[0] --> BG-Active[40] (assertion acquired).
2026-10-10 10:01:56.491 Df veyra-gpui-prototype[16877:6518f2] [com.apple.FrontBoard:SceneExtension] Realizing settings extension _TtCC6AppKitP33_39344A6E7C802D8D6525393A63EEBC7526NSHostedViewSceneExtension17SettingsExtension on FBSSceneSettings
2026-10-10 10:01:56.492 A  veyra-gpui-prototype[16877:651810] (CoreFoundation) Loading Preferences From User CFPrefsD
2026-10-10 10:01:56.492 Df runningboardd[601:650ccf] [com.apple.runningboard:process] [app<application.me.veyra.gpui-prototype.35334998.35335004(501)>:16877] Ignoring jetsam update because this process is not memory-managed
2026-10-10 10:01:56.492 Df runningboardd[601:650ccf] [com.apple.runningboard:process] [app<application.me.veyra.gpui-prototype.35334998.35335004(501)>:16877] Ignoring suspend because this process is not lifecycle managed
2026-10-10 10:01:56.492 Df runningboardd[601:650ccf] [com.apple.runningboard:process] [app<application.me.veyra.gpui-prototype.35334998.35335004(501)>:16877] Ignoring GPU update because this process is not GPU managed
2026-10-10 10:01:56.492 Df runningboardd[601:650ccf] [com.apple.runningboard:process] [app<application.me.veyra.gpui-prototype.35334998.35335004(501)>:16877] Ignoring memory limit update because this process is not memory-managed
2026-10-10 10:01:56.492 Df veyra-gpui-prototype[16877:6518f2] [com.apple.FrontBoard:SceneExtension] Realizing settings extension _TtCC6AppKitP33_39344A6E7C802D8D6525393A63EEBC7526NSHostedViewSceneExtension23ClientSettingsExtension on FBSSceneClientSettings
2026-10-10 10:01:56.492 Df veyra-gpui-prototype[16877:6518f2] [com.apple.FrontBoard:SceneExtension] Realizing settings extension __NSStatusItemVariantSceneSettings__ on FBSSceneSettings
2026-10-10 10:01:56.492 Df runningboardd[601:650ccf] [com.apple.runningboard:monitor] Calculated state for app<application.me.veyra.gpui-prototype.35334998.35335004(501)>: running-active (role: UserInteractiveFocal) (endowments: <private>)
2026-10-10 10:01:56.492 Df veyra-gpui-prototype[16877:6518f2] [com.apple.FrontBoard:SceneExtension] Realizing settings extension __NSClientStatusItemVariantSceneSettings__ on FBSSceneClientSettings
2026-10-10 10:01:56.492 Df MenuBarAgent[1108:651913] [com.apple.runningboard:monitor] Received state update for 16877 (app<application.me.veyra.gpui-prototype.35334998.35335004(501)>, running-active-NotVisible
2026-10-10 10:01:56.493 Df gamepolicyd[755:65167d] [com.apple.runningboard:monitor] Received state update for 16877 (app<application.me.veyra.gpui-prototype.35334998.35335004(501)>, running-active-NotVisible
2026-10-10 10:01:56.494 Df lsd[924:6517c5] [com.apple.appinstallation:TransactionLog] me.veyra.gpui-prototype/Unknown Persona:5:5:1:1:Building bundle record for app
2026-10-10 10:01:56.494 Df lsd[924:6517c5] [com.apple.appinstallation:TransactionLog] me.veyra.gpui-prototype/Unknown Persona:5:5:2:1:Built bundle record for app
2026-10-10 10:01:56.494 Df lsd[924:6517c5] [com.apple.appinstallation:TransactionLog] me.veyra.gpui-prototype/Unknown Persona:5:4:2:1:_LSServerRegisterItemInfo result = 0
2026-10-10 10:01:56.495 Df siriactionsd[964:65186d] [com.apple.shortcuts:Daemon] Firing event: <distributed notification: com.apple.LaunchServices.applicationRegistered, userInfo: [AnyHashable("isForcedUpdate"): 1, AnyHashable("isPlaceholder"): 0, AnyHashable("bundleIDs"): <__NSSingleObjectArrayI 0x7ce2d6f120>(
me.veyra.gpui-prototype
)
]>
2026-10-10 10:01:56.502 Df veyra-gpui-prototype[16877:651810] [com.apple.xpc:connection] [0x76fd04b200] activating connection: mach=false listener=false peer=false name=(anonymous)
2026-10-10 10:01:56.504 Df WindowManager[1115:65091e] [com.apple.windowmanagement:xpcconnection] Connection activated | (16877) VeyraPrototype
2026-10-10 10:01:56.504 Df MenuBarAgent[1108:235b] [com.apple.menubar:statusItemApplications] Started to track application .bundle(me.veyra.gpui-prototype)
2026-10-10 10:01:56.504 Df MenuBarAgent[1108:235b] [com.apple.FrontBoard:Process] Asked to bootstrap a new process for handle: [app<application.me.veyra.gpui-prototype.35334998.35335004(501)>:16877]
2026-10-10 10:01:56.504 Df MenuBarAgent[1108:235b] [com.apple.FrontBoard:Process] A process already exists for this handle: <FBApplicationProcess: 0x7b5cf13780; app<application.me.veyra.gpui-prototype.35334998.35335004>:16877(v29AB36)>
2026-10-10 10:01:56.504 Df MenuBarAgent[1108:235b] [com.apple.FrontBoard:ProcessWorkspace] [app<application.me.veyra.gpui-prototype.35334998.35335004>:16877] Registered new scene: <FBWorkspaceScene: 0x7b5ca467c0; com.apple.appkit.status-items:398BFD23-D894-4480-B5B2-20A19547E560> (fromRemnant = 0)
2026-10-10 10:01:56.504 Df MenuBarAgent[1108:650d7e] [com.apple.FrontBoard:ProcessWorkspace] [app<application.me.veyra.gpui-prototype.35334998.35335004>:16877] Workspace interruption policy did change: reconnect
2026-10-10 10:01:56.504 Df runningboardd[601:650cfa] [com.apple.runningboard:ttl] Invalidating assertion 601-1108-62291 (target:[app<application.me.veyra.gpui-prototype.35334998.35335004(501)>:16877]) from originator [osservice<com.apple.MenuBarAgent(501)>:1108]
2026-10-10 10:01:56.505 Df veyra-gpui-prototype[16877:6518f2] [com.apple.FrontBoard:Common] Request for <FBSScene: 0x76fd1ce8a0; com.apple.appkit.status-items:398BFD23-D894-4480-B5B2-20A19547E560> complete!
2026-10-10 10:01:56.505 Df MenuBarAgent[1108:235b] [com.apple.FrontBoard:Scene] [com.apple.appkit.status-items:398BFD23-D894-4480-B5B2-20A19547E560] Client process connected: [app<application.me.veyra.gpui-prototype.35334998.35335004(501)>:16877]
2026-10-10 10:01:56.505 Df runningboardd[601:650cfa] [com.apple.runningboard:ttl] Acquiring assertion targeting [app<application.me.veyra.gpui-prototype.35334998.35335004(501)>:16877] from originator [osservice<com.apple.MenuBarAgent(501)>:1108] with description <RBSAssertionDescriptor| "com.apple.frontboard.after-life.interrupted" ID:601-1108-62293 target:16877 attributes:[
	<RBSDomainAttribute| domain:"com.apple.frontboard" name:"AfterLife-Interrupted" sourceEnvironment:"(null)">
	]>
2026-10-10 10:01:56.505 Df runningboardd[601:650cfa] [com.apple.runningboard:ttl] Assertion 601-1108-62293 (target:[app<application.me.veyra.gpui-prototype.35334998.35335004(501)>:16877]) will be created as inactive as originator process has not exited
2026-10-10 10:01:56.505 Df veyra-gpui-prototype[16877:6518f2] [com.apple.FrontBoard:Common] <FBSWorkspaceScenesClient:0x76fd1ce580 <private>> Reconnecting scene com.apple.appkit.status-items:398BFD23-D894-4480-B5B2-20A19547E560
2026-10-10 10:01:56.513 Df veyra-gpui-prototype[16877:651810] (Metal) Metal compiler process merging enabled (new scheduler only)
2026-10-10 10:01:56.513 Df veyra-gpui-prototype[16877:651810] [com.apple.xpc:connection] [0x76fd04b480] activating connection: mach=false listener=false peer=false name=com.apple.MTLCompilerService
2026-10-10 10:01:56.513 Df veyra-gpui-prototype[16877:6518f2] [com.apple.xpc:connection] [0x76fd04ae40] Re-initialization successful; calling out to event handler with XPC_ERROR_CONNECTION_INTERRUPTED
2026-10-10 10:01:56.513 Df veyra-gpui-prototype[16877:6518f2] [com.apple.xpc:connection] [0x76fd04ae40] invalidated because the current process cancelled the connection by calling xpc_connection_cancel()
2026-10-10 10:01:56.513 Df veyra-gpui-prototype[16877:651810] [com.apple.xpc:connection] [0x76fd04b5c0] activating connection: mach=false listener=false peer=false name=com.apple.MTLCompilerService
2026-10-10 10:01:56.513 Df veyra-gpui-prototype[16877:6518f1] [com.apple.Biome:BiomeCascade] Service responded to request for new donation <private> with None
2026-10-10 10:01:56.513 Df veyra-gpui-prototype[16877:651810] [com.apple.xpc:connection] [0x76fd04b700] activating connection: mach=false listener=false peer=false name=com.apple.MTLCompilerService
2026-10-10 10:01:56.513 Df veyra-gpui-prototype[16877:6518f1] [com.apple.corespotlight:index] Completed donation: <private> result: Error Domain=CSIndexErrorDomain Code=-1000 "Failed to request donation" UserInfo={NSDebugDescription=Failed to request donation, NSUnderlyingError=0x76fd991f80 {Error Domain=NSCocoaErrorDomain Code=4099 UserInfo={NSDebugDescription=<private>}}}
2026-10-10 10:01:56.513 Df veyra-gpui-prototype[16877:651810] [com.apple.xpc:connection] [0x76fd04ae40] activating connection: mach=false listener=false peer=false name=com.apple.MTLCompilerService
2026-10-10 10:01:56.513 Df veyra-gpui-prototype[16877:651810] [com.apple.xpc:connection] [0x76fd04af80] activating connection: mach=false listener=false peer=false name=com.apple.MTLCompilerService
2026-10-10 10:01:56.513 Df veyra-gpui-prototype[16877:651810] [com.apple.xpc:connection] [0x76fd04b840] activating connection: mach=false listener=false peer=false name=com.apple.MTLCompilerService
2026-10-10 10:01:56.513 Df veyra-gpui-prototype[16877:651810] [com.apple.xpc:connection] [0x76fd04b980] activating connection: mach=false listener=false peer=false name=com.apple.MTLCompilerService
2026-10-10 10:01:56.513 Df veyra-gpui-prototype[16877:651810] [com.apple.xpc:connection] [0x76fd04bac0] activating connection: mach=false listener=false peer=false name=com.apple.MTLCompilerService
2026-10-10 10:01:56.513 Df veyra-gpui-prototype[16877:651810] [com.apple.xpc:connection] [0x76fd04bc00] activating connection: mach=false listener=false peer=false name=com.apple.MTLCompilerService
2026-10-10 10:01:56.513 Df veyra-gpui-prototype[16877:651810] [com.apple.xpc:connection] [0x76fd04bd40] activating connection: mach=false listener=false peer=false name=com.apple.MTLCompilerService
2026-10-10 10:01:56.513 Df veyra-gpui-prototype[16877:651810] [com.apple.xpc:connection] [0x76fd04be80] activating connection: mach=false listener=false peer=false name=com.apple.MTLCompilerService
2026-10-10 10:01:56.513 Df veyra-gpui-prototype[16877:651810] [com.apple.xpc:connection] [0x76fd9b0000] activating connection: mach=false listener=false peer=false name=com.apple.MTLCompilerService
2026-10-10 10:01:56.513 A  veyra-gpui-prototype[16877:6518f1] (Metal) Metal Compiling Shader
2026-10-10 10:01:56.559 Df dmd[945:1cbc] Received xpc stream event (distributed notification matching) with name: com.apple.LaunchServices.applicationRegistered user info: {
    bundleIDs =     (
        "me.veyra.gpui-prototype"
    );
    isForcedUpdate = 1;
    isPlaceholder = 0;
}
2026-10-10 10:01:56.682 E  veyra-gpui-prototype[16877:651810] [com.apple.Metal:Metal Compiler Warning] Warning: <private>
2026-10-10 10:01:56.687 Df veyra-gpui-prototype[16877:651810] [com.apple.AppKit:AutomaticTermination] void _NSEnableAutomaticTerminationAndLog(NSString *) No windows open yet
2026-10-10 10:01:56.693 Df veyra-gpui-prototype[16877:6518f1] [com.apple.UIIntelligenceSupport:xpc] establishing connection to agent
2026-10-10 10:01:56.694 Df veyra-gpui-prototype[16877:6518f1] [com.apple.xpc:session] [0x76fcac3840] Session created.
2026-10-10 10:01:56.694 Df veyra-gpui-prototype[16877:6518f1] [com.apple.xpc:session] [0x76fcac3840] Session created from connection [0x76fd9b0500]
2026-10-10 10:01:56.694 Df veyra-gpui-prototype[16877:6518f1] [com.apple.xpc:connection] [0x76fd9b0500] activating connection: mach=true listener=false peer=false name=com.apple.uiintelligencesupport.agent
2026-10-10 10:01:56.694 Df veyra-gpui-prototype[16877:6518f1] [com.apple.xpc:session] [0x76fcac3840] Session activated
2026-10-10 10:01:56.694 Df intelligencecontextd[1079:65182b] [com.apple.UIIntelligenceSupport:xpc] Accepting new connection ConnectionID(1287, ProcessInfo("me.veyra.gpui-prototype", pid: 16877))
2026-10-10 10:01:56.694 Df veyra-gpui-prototype[16877:6518f9] [com.apple.UIIntelligenceSupport:xpc] Connection established with agent PID: 1079
2026-10-10 10:01:56.698 Df veyra-gpui-prototype[16877:651810] [com.apple.xpc:connection] [0x76fd9b0640] activating connection: mach=true listener=false peer=false name=com.apple.iconservices
2026-10-10 10:01:56.698 Df veyra-gpui-prototype[16877:651810] [com.apple.xpc:connection] [0x76fd9b0780] activating connection: mach=true listener=false peer=false name=com.apple.iconservices.store
2026-10-10 10:01:56.718 A  veyra-gpui-prototype[16877:651810] (CoreFoundation) Loading Preferences From User CFPrefsD
2026-10-10 10:01:56.777 A  veyra-gpui-prototype[16877:651810] (CoreFoundation) Updating Key-Value Observers Of Preferences
2026-10-10 10:01:56.799 Df veyra-gpui-prototype[16877:651810] [com.apple.xpc:connection] [0x76fd9b0c80] activating connection: mach=false listener=false peer=false name=com.apple.hiservices-xpcservice
2026-10-10 10:01:56.803 Df veyra-gpui-prototype[16877:651810] [com.apple.inputmethodkitClient:Client] +[IMKClient subclass]: chose IMKClient_Modern
2026-10-10 10:01:56.803 Df veyra-gpui-prototype[16877:651810] [com.apple.inputmethodkitClient:Client] +[IMKInputSession subclass]: chose IMKInputSession_Modern
2026-10-10 10:01:56.813 Df veyra-gpui-prototype[16877:651810] [com.apple.xpc:connection] [0x76fd9b1040] activating connection: mach=true listener=false peer=false name=com.apple.inputmethodkit.getxpcendpoint
2026-10-10 10:01:56.820 Df veyra-gpui-prototype[16877:651810] [com.apple.xpc:connection] [0x76fd9b0dc0] activating connection: mach=false listener=false peer=false name=(anonymous)
2026-10-10 10:01:56.820 E  veyra-gpui-prototype[16877:651933] [com.apple.BaseBoard:Common] Unable to obtain a task name port right for pid 595: (os/kern) failure (0x5)
2026-10-10 10:01:56.820 Df veyra-gpui-prototype[16877:651933] [com.apple.xpc:connection] [0x76fd9b1180] activating connection: mach=false listener=false peer=false name=com.apple.TextInputUI.xpc.CursorUIViewService
2026-10-10 10:01:56.821 Df veyra-gpui-prototype[16877:651933] [com.apple.xpc:connection] [0x76fd9b1180] invalidated after the last release of the connection object
2026-10-10 10:01:56.821 Df veyra-gpui-prototype[16877:651810] [com.apple.AppKit:StateRestoration] -[NSApplication(NSPersistentUIRestorationSupport) _restoreWindowWithRestoration:completionHandler:]_block_invoke restoration=<NSPersistentUIWindowRestoration: 0x76fcc931b0> savedIdentifier=(null) heuristicsWindow=0x0
2026-10-10 10:01:56.821 Df veyra-gpui-prototype[16877:651810] [com.apple.AppKit:StateRestoration] -[NSApplication(NSPersistentUIRestorationSupport) _restoreWindowWithRestoration:completionHandler:]_block_invoke restoration=<NSPersistentUIWindowRestoration: 0x76fcc931b0> window=0x0 savedIdentifier=(null) error=(null)
2026-10-10 10:01:56.821 Df veyra-gpui-prototype[16877:651810] [com.apple.AppKit:StateRestoration] -[NSPersistentUIRestorer acquireTalagentWindowDictionaries] acquiredTalagentWindowDictionaries=<private>
2026-10-10 10:01:56.821 Df veyra-gpui-prototype[16877:651810] [com.apple.AppKit:StateRestoration] -[NSPersistentUIRestorer orderRestoredWindows] restoration=0x76fcc931b0 has no restoredWindow, skipping ordering
2026-10-10 10:01:56.827 Df veyra-gpui-prototype[16877:651810] [com.apple.AppKit:AutomaticTermination] void _NSEnableAutomaticTerminationAndLog(NSString *) Restoring windows
2026-10-10 10:01:56.828 Df veyra-gpui-prototype[16877:651810] [com.apple.xpc:connection] [0x76fd9b12c0] activating connection: mach=false listener=false peer=false name=(anonymous)
2026-10-10 10:01:56.828 Df veyra-gpui-prototype[16877:651810] [com.apple.xpc:connection] [0x76fd9b1180] activating connection: mach=false listener=false peer=false name=com.apple.ViewBridgeAuxiliary
2026-10-10 10:01:56.828 Df veyra-gpui-prototype[16877:651810] [com.apple.xpc:connection] [0x76fd9b1400] activating connection: mach=false listener=false peer=false name=(anonymous)
2026-10-10 10:01:56.828 Df veyra-gpui-prototype[16877:651810] [com.apple.xpc:connection] [0x76fd9b1180] invalidated after the last release of the connection object
2026-10-10 10:01:56.828 Df veyra-gpui-prototype[16877:651810] [com.apple.xpc:connection] [0x76fd9b1180] activating connection: mach=false listener=false peer=false name=(anonymous)
2026-10-10 10:01:56.836 Df veyra-gpui-prototype[16877:651810] [com.apple.xpc:connection] [0x76fd9b1540] activating connection: mach=true listener=false peer=false name=com.apple.window_proxies
2026-10-10 10:01:56.836 Df veyra-gpui-prototype[16877:651810] [com.apple.xpc:connection] [0x76fd9b1540] invalidated because the current process cancelled the connection by calling xpc_connection_cancel()
2026-10-10 10:01:56.838 A  veyra-gpui-prototype[16877:651810] (TCC) TCCAccessRequest() IPC
2026-10-10 10:01:56.838 Df veyra-gpui-prototype[16877:651810] [com.apple.xpc:connection] [0x76fd9b1540] activating connection: mach=true listener=false peer=false name=com.apple.tccd.system
2026-10-10 10:01:56.842 Df veyra-gpui-prototype[16877:651810] [com.apple.xpc:connection] [0x76fd9b1540] invalidated after the last release of the connection object
2026-10-10 10:01:56.843 Df veyra-gpui-prototype[16877:651810] [com.apple.AppKit:AutomaticTermination] void _NSDisableAutomaticTerminationAndLog(NSString *) NSAccessibility Request Received
2026-10-10 10:01:56.848 Df nehelper[652:650832] [com.apple.networkextension:] Removing UUIDs for (
    "me.veyra.gpui-prototype"
)
2026-10-10 10:01:56.852 A  veyra-gpui-prototype[16877:651810] (TCC) TCCAccessRequest() IPC
2026-10-10 10:01:56.852 Df veyra-gpui-prototype[16877:651810] [com.apple.xpc:connection] [0x76fd9b1540] activating connection: mach=true listener=false peer=false name=com.apple.tccd.system
2026-10-10 10:01:56.854 Df runningboardd[601:651808] [com.apple.runningboard:ttl] Acquiring assertion targeting [app<application.me.veyra.gpui-prototype.35334998.35335004(501)>:16877] from originator [osservice<com.apple.WindowServer(88)>:595] with description <RBSAssertionDescriptor| "AppDrawing" ID:601-595-62295 target:16877 attributes:[
	<RBSDomainAttribute| domain:"com.apple.appnap" name:"AppDrawing" sourceEnvironment:"(null)">,
	<RBSAcquisitionCompletionAttribute| policy:AfterApplication>
	]>
2026-10-10 10:01:56.854 Df runningboardd[601:651808] [com.apple.runningboard:ttl] Assertion 601-595-62295 (target:[app<application.me.veyra.gpui-prototype.35334998.35335004(501)>:16877]) will be created as active
2026-10-10 10:01:56.855 Df runningboardd[601:650cfa] [com.apple.runningboard:process] [app<application.me.veyra.gpui-prototype.35334998.35335004(501)>:16877] Ignoring jetsam update because this process is not memory-managed
2026-10-10 10:01:56.855 Df runningboardd[601:650cfa] [com.apple.runningboard:process] [app<application.me.veyra.gpui-prototype.35334998.35335004(501)>:16877] Ignoring suspend because this process is not lifecycle managed
2026-10-10 10:01:56.855 Df runningboardd[601:650cfa] [com.apple.runningboard:process] [app<application.me.veyra.gpui-prototype.35334998.35335004(501)>:16877] Ignoring GPU update because this process is not GPU managed
2026-10-10 10:01:56.855 Df runningboardd[601:650cfa] [com.apple.runningboard:process] [app<application.me.veyra.gpui-prototype.35334998.35335004(501)>:16877] Ignoring memory limit update because this process is not memory-managed
2026-10-10 10:01:56.855 Df runningboardd[601:65105a] [com.apple.runningboard:monitor] Calculated state for app<application.me.veyra.gpui-prototype.35334998.35335004(501)>: running-active (role: UserInteractiveFocal) (endowments: <private>)
2026-10-10 10:01:56.855 Df MenuBarAgent[1108:651913] [com.apple.runningboard:monitor] Received state update for 16877 (app<application.me.veyra.gpui-prototype.35334998.35335004(501)>, running-active-NotVisible
2026-10-10 10:01:56.856 Df gamepolicyd[755:650e01] [com.apple.runningboard:monitor] Received state update for 16877 (app<application.me.veyra.gpui-prototype.35334998.35335004(501)>, running-active-NotVisible
2026-10-10 10:01:56.858 Df veyra-gpui-prototype[16877:651810] [com.apple.xpc:connection] [0x76fd9b1540] invalidated after the last release of the connection object
2026-10-10 10:01:56.858 Df runningboardd[601:650ccf] [com.apple.runningboard:ttl] Acquiring assertion targeting [app<application.me.veyra.gpui-prototype.35334998.35335004(501)>:16877] from originator [osservice<com.apple.WindowServer(88)>:595] with description <RBSAssertionDescriptor| "AppVisible" ID:601-595-62296 target:16877 attributes:[
	<RBSDomainAttribute| domain:"com.apple.appnap" name:"AppVisible" sourceEnvironment:"(null)">,
	<RBSAcquisitionCompletionAttribute| policy:AfterApplication>
	]>
2026-10-10 10:01:56.858 Df runningboardd[601:650ccf] [com.apple.runningboard:ttl] Assertion 601-595-62296 (target:[app<application.me.veyra.gpui-prototype.35334998.35335004(501)>:16877]) will be created as active
2026-10-10 10:01:56.858 Df runningboardd[601:650d80] [com.apple.runningboard:process] [app<application.me.veyra.gpui-prototype.35334998.35335004(501)>:16877] Ignoring jetsam update because this process is not memory-managed
2026-10-10 10:01:56.858 Df runningboardd[601:650d80] [com.apple.runningboard:process] [app<application.me.veyra.gpui-prototype.35334998.35335004(501)>:16877] Ignoring suspend because this process is not lifecycle managed
2026-10-10 10:01:56.858 Df runningboardd[601:650d80] [com.apple.runningboard:process] [app<application.me.veyra.gpui-prototype.35334998.35335004(501)>:16877] Ignoring GPU update because this process is not GPU managed
2026-10-10 10:01:56.858 Df runningboardd[601:650d80] [com.apple.runningboard:process] [app<application.me.veyra.gpui-prototype.35334998.35335004(501)>:16877] Ignoring memory limit update because this process is not memory-managed
2026-10-10 10:01:56.859 Df runningboardd[601:650ccf] [com.apple.runningboard:monitor] Calculated state for app<application.me.veyra.gpui-prototype.35334998.35335004(501)>: running-active (role: UserInteractiveFocal) (endowments: <private>)
2026-10-10 10:01:56.859 Df MenuBarAgent[1108:650d7e] [com.apple.runningboard:monitor] Received state update for 16877 (app<application.me.veyra.gpui-prototype.35334998.35335004(501)>, running-active-NotVisible
2026-10-10 10:01:56.859 Df gamepolicyd[755:65167d] [com.apple.runningboard:monitor] Received state update for 16877 (app<application.me.veyra.gpui-prototype.35334998.35335004(501)>, running-active-NotVisible
2026-10-10 10:01:56.868 Df nehelper[652:65182a] [com.apple.networkextension:] Handling an apps installed notification with bundle IDs (
    "me.veyra.gpui-prototype"
)
2026-10-10 10:01:56.871 Df nehelper[652:65185f] [com.apple.networkextension:] com.apple.preferences.networkprivacy-CDD3AC0C-9330-4F02-BAC6-2C23D7EE7E09: Populating the cache with 1 UUID(s) for me.veyra.gpui-prototype
2026-10-10 10:01:56.872 Df veyra-gpui-prototype[16877:651810] [com.apple.TextInputUI:CursorUI] -[TUINSCursorUIController activate:]_block_invoke: Create CursorUIViewService: TUINSRemoteViewController
2026-10-10 10:01:56.886 Df runningboardd[601:65105a] [com.apple.runningboard:ttl] Acquiring assertion targeting [app<application.me.veyra.gpui-prototype.35334998.35335004(501)>:16877] from originator [osservice<com.apple.WindowServer(88)>:595] with description <RBSAssertionDescriptor| "FUSBProcessWindowState: visible" ID:601-595-62297 target:16877 attributes:[
	<RBSDomainAttribute| domain:"com.apple.fuseboard" name:"Visible" sourceEnvironment:"(null)">,
	<RBSAcquisitionCompletionAttribute| policy:AfterApplication>
	]>
2026-10-10 10:01:56.887 Df runningboardd[601:65105a] [com.apple.runningboard:ttl] Assertion 601-595-62297 (target:[app<application.me.veyra.gpui-prototype.35334998.35335004(501)>:16877]) will be created as active
2026-10-10 10:01:56.887 Df runningboardd[601:651808] [com.apple.runningboard:process] [app<application.me.veyra.gpui-prototype.35334998.35335004(501)>:16877] Ignoring jetsam update because this process is not memory-managed
2026-10-10 10:01:56.887 Df runningboardd[601:651808] [com.apple.runningboard:process] [app<application.me.veyra.gpui-prototype.35334998.35335004(501)>:16877] Ignoring suspend because this process is not lifecycle managed
2026-10-10 10:01:56.887 Df runningboardd[601:651808] [com.apple.runningboard:process] [app<application.me.veyra.gpui-prototype.35334998.35335004(501)>:16877] Ignoring GPU update because this process is not GPU managed
2026-10-10 10:01:56.887 Df runningboardd[601:651808] [com.apple.runningboard:process] [app<application.me.veyra.gpui-prototype.35334998.35335004(501)>:16877] Ignoring memory limit update because this process is not memory-managed
2026-10-10 10:01:56.887 Df runningboardd[601:651808] [com.apple.runningboard:monitor] Calculated state for app<application.me.veyra.gpui-prototype.35334998.35335004(501)>: running-active (role: UserInteractiveFocal) (endowments: <private>)
2026-10-10 10:01:56.887 A  veyra-gpui-prototype[16877:651933] (RunningBoardServices) didChangeInheritances
2026-10-10 10:01:56.887 Df MenuBarAgent[1108:651913] [com.apple.runningboard:monitor] Received state update for 16877 (app<application.me.veyra.gpui-prototype.35334998.35335004(501)>, running-active-NotVisible
2026-10-10 10:01:56.887 Df gamepolicyd[755:650e01] [com.apple.runningboard:monitor] Received state update for 16877 (app<application.me.veyra.gpui-prototype.35334998.35335004(501)>, running-active-NotVisible
2026-10-10 10:01:56.929 Df veyra-gpui-prototype[16877:651935] [com.apple.xpc:connection] [0x76fd9b1680] activating connection: mach=false listener=false peer=false name=com.apple.SafariPlatformSupport.Helper
2026-10-10 10:01:56.937 Df veyra-gpui-prototype[16877:6518f1] [com.apple.xpc:connection] [0x76fd9b1900] activating connection: mach=false listener=false peer=false name=com.apple.appkit.xpc.ThemeWidgetControlViewService
2026-10-10 10:01:56.967 Df runningboardd[601:65105a] [com.apple.runningboard:process] Resolved pid 16893 to [xpcservice<com.apple.appkit.xpc.ThemeWidgetControlViewService([app<application.me.veyra.gpui-prototype.35334998.35335004(501)>:16877])(501)>{vt hash: 0}{definition:com.apple.appkit.xpc.ThemeWidgetControlViewService[standard][client]}:16893:16893]
2026-10-10 10:01:56.967 Df runningboardd[601:65105a] [com.apple.runningboard:process] [xpcservice<com.apple.appkit.xpc.ThemeWidgetControlViewService([app<application.me.veyra.gpui-prototype.35334998.35335004(501)>:16877])(501)>{vt hash: 0}{definition:com.apple.appkit.xpc.ThemeWidgetControlViewService[standard][client]}:16893:16893] is not RunningBoard jetsam managed.
2026-10-10 10:01:56.967 Df runningboardd[601:65105a] [com.apple.runningboard:process] [xpcservice<com.apple.appkit.xpc.ThemeWidgetControlViewService([app<application.me.veyra.gpui-prototype.35334998.35335004(501)>:16877])(501)>{vt hash: 0}{definition:com.apple.appkit.xpc.ThemeWidgetControlViewService[standard][client]}:16893:16893] This process will not be managed.
2026-10-10 10:01:56.967 Df runningboardd[601:65105a] [com.apple.runningboard:ttl] Now tracking process: [xpcservice<com.apple.appkit.xpc.ThemeWidgetControlViewService([app<application.me.veyra.gpui-prototype.35334998.35335004(501)>:16877])(501)>{vt hash: 0}{definition:com.apple.appkit.xpc.ThemeWidgetControlViewService[standard][client]}:16893:16893]
2026-10-10 10:01:56.968 Df runningboardd[601:65105a] [com.apple.runningboard:ttl] Acquiring assertion targeting [xpcservice<com.apple.appkit.xpc.ThemeWidgetControlViewService([app<application.me.veyra.gpui-prototype.35334998.35335004(501)>:16877])(501)>{vt hash: 0}{definition:com.apple.appkit.xpc.ThemeWidgetControlViewService[standard][client]}:16893:16893] from originator [osservice<com.apple.coreservices.launchservicesd>:567] with description <RBSAssertionDescriptor| "viewBridge:16893" ID:601-567-62298 target:16893 attributes:[
	<RBSDomainAttribute| domain:"com.apple.launchservicesd" name:"RoleViewBridge" sourceEnvironment:"(null)">
	]>
2026-10-10 10:01:56.968 Df runningboardd[601:65105a] [com.apple.runningboard:ttl] Assertion 601-567-62298 (target:[xpcservice<com.apple.appkit.xpc.ThemeWidgetControlViewService([app<application.me.veyra.gpui-prototype.35334998.35335004(501)>:16877])(501)>{vt hash: 0}{definition:com.apple.appkit.xpc.ThemeWidgetControlViewService[standard][client]}:16893:16893]) will be created as active
2026-10-10 10:01:56.968 Df runningboardd[601:650cfa] [com.apple.runningboard:general] [xpcservice<com.apple.appkit.xpc.ThemeWidgetControlViewService([app<application.me.veyra.gpui-prototype.35334998.35335004(501)>:16877])(501)>{vt hash: 0}{definition:com.apple.appkit.xpc.ThemeWidgetControlViewService[standard][client]}:16893:16893] reported to RB as running
2026-10-10 10:01:56.968 Df runningboardd[601:65105a] [com.apple.runningboard:ttl] Acquiring assertion targeting [xpcservice<com.apple.appkit.xpc.ThemeWidgetControlViewService([app<application.me.veyra.gpui-prototype.35334998.35335004(501)>:16877])(501)>{vt hash: 0}{definition:com.apple.appkit.xpc.ThemeWidgetControlViewService[standard][client]}:16893:16893] from originator [osservice<com.apple.coreservices.launchservicesd>:567] with description <RBSAssertionDescriptor| "viewBridge:16893" ID:601-567-62299 target:16893 attributes:[
	<RBSDomainAttribute| domain:"com.apple.launchservicesd" name:"RoleViewBridge" sourceEnvironment:"(null)">
	]>
2026-10-10 10:01:56.968 Df runningboardd[601:65105a] [com.apple.runningboard:ttl] Assertion 601-567-62299 (target:[xpcservice<com.apple.appkit.xpc.ThemeWidgetControlViewService([app<application.me.veyra.gpui-prototype.35334998.35335004(501)>:16877])(501)>{vt hash: 0}{definition:com.apple.appkit.xpc.ThemeWidgetControlViewService[standard][client]}:16893:16893]) will be created as active
2026-10-10 10:01:56.968 Df gamepolicyd[755:65167d] [com.apple.runningboard:process] Hit the server for a process handle 4ef7956000041fd that resolved to: [xpcservice<com.apple.appkit.xpc.ThemeWidgetControlViewService([app<application.me.veyra.gpui-prototype.35334998.35335004(501)>:16877])(501)>{vt hash: 0}{definition:com.apple.appkit.xpc.ThemeWidgetControlViewService[standard][client]}:16893:16893]
2026-10-10 10:01:56.968 Df runningboardd[601:650ccf] [com.apple.runningboard:process] [xpcservice<com.apple.appkit.xpc.ThemeWidgetControlViewService([app<application.me.veyra.gpui-prototype.35334998.35335004(501)>:16877])(501)>{vt hash: 0}{definition:com.apple.appkit.xpc.ThemeWidgetControlViewService[standard][client]}:16893:16893] Ignoring jetsam update because this process is not memory-managed
2026-10-10 10:01:56.968 Df runningboardd[601:650ccf] [com.apple.runningboard:process] [xpcservice<com.apple.appkit.xpc.ThemeWidgetControlViewService([app<application.me.veyra.gpui-prototype.35334998.35335004(501)>:16877])(501)>{vt hash: 0}{definition:com.apple.appkit.xpc.ThemeWidgetControlViewService[standard][client]}:16893:16893] Ignoring suspend because this process is not lifecycle managed
2026-10-10 10:01:56.968 Df runningboardd[601:650ccf] [com.apple.runningboard:ttl] [xpcservice<com.apple.appkit.xpc.ThemeWidgetControlViewService([app<application.me.veyra.gpui-prototype.35334998.35335004(501)>:16877])(501)>{vt hash: 0}{definition:com.apple.appkit.xpc.ThemeWidgetControlViewService[standard][client]}:16893:16893] Set darwin role to: UserInteractiveNonFocal
2026-10-10 10:01:56.968 Df gamepolicyd[755:65167d] [com.apple.runningboard:monitor] Received state update for 16893 (xpcservice<com.apple.appkit.xpc.ThemeWidgetControlViewService([app<application.me.veyra.gpui-prototype.35334998.35335004(501)>:16877])(501)>{vt hash: 0}{definition:com.apple.appkit.xpc.ThemeWidgetControlViewService[standard][client]}:16893, running-NotVisible
2026-10-10 10:01:56.968 Df runningboardd[601:650ccf] [com.apple.runningboard:process] [xpcservice<com.apple.appkit.xpc.ThemeWidgetControlViewService([app<application.me.veyra.gpui-prototype.35334998.35335004(501)>:16877])(501)>{vt hash: 0}{definition:com.apple.appkit.xpc.ThemeWidgetControlViewService[standard][client]}:16893:16893] Ignoring GPU update because this process is not GPU managed
2026-10-10 10:01:56.968 Df runningboardd[601:650ccf] [com.apple.runningboard:process] [xpcservice<com.apple.appkit.xpc.ThemeWidgetControlViewService([app<application.me.veyra.gpui-prototype.35334998.35335004(501)>:16877])(501)>{vt hash: 0}{definition:com.apple.appkit.xpc.ThemeWidgetControlViewService[standard][client]}:16893:16893] Ignoring memory limit update because this process is not memory-managed
2026-10-10 10:01:56.968 Df runningboardd[601:65105a] [com.apple.runningboard:ttl] Invalidating assertion 601-567-62298 (target:[xpcservice<com.apple.appkit.xpc.ThemeWidgetControlViewService([app<application.me.veyra.gpui-prototype.35334998.35335004(501)>:16877])(501)>{vt hash: 0}{definition:com.apple.appkit.xpc.ThemeWidgetControlViewService[standard][client]}:16893:16893]) from originator [osservice<com.apple.coreservices.launchservicesd>:567]
2026-10-10 10:01:56.974 Df runningboardd[601:650cfa] [com.apple.runningboard:process] Resolved pid 16892 to [xpcservice<com.apple.SafariPlatformSupport.Helper([app<application.me.veyra.gpui-prototype.35334998.35335004(501)>:16877])(501)>{vt hash: 0}{definition:com.apple.SafariPlatformSupport.Helper[standard][client]}:16892:16892]
2026-10-10 10:01:56.974 Df runningboardd[601:650cfa] [com.apple.runningboard:process] [xpcservice<com.apple.SafariPlatformSupport.Helper([app<application.me.veyra.gpui-prototype.35334998.35335004(501)>:16877])(501)>{vt hash: 0}{definition:com.apple.SafariPlatformSupport.Helper[standard][client]}:16892:16892] is not RunningBoard jetsam managed.
2026-10-10 10:01:56.974 Df runningboardd[601:650cfa] [com.apple.runningboard:process] [xpcservice<com.apple.SafariPlatformSupport.Helper([app<application.me.veyra.gpui-prototype.35334998.35335004(501)>:16877])(501)>{vt hash: 0}{definition:com.apple.SafariPlatformSupport.Helper[standard][client]}:16892:16892] This process will not be managed.
2026-10-10 10:01:56.974 Df runningboardd[601:650cfa] [com.apple.runningboard:ttl] Now tracking process: [xpcservice<com.apple.SafariPlatformSupport.Helper([app<application.me.veyra.gpui-prototype.35334998.35335004(501)>:16877])(501)>{vt hash: 0}{definition:com.apple.SafariPlatformSupport.Helper[standard][client]}:16892:16892]
2026-10-10 10:01:56.974 Df runningboardd[601:650cfa] [com.apple.runningboard:ttl] Acquiring assertion targeting [xpcservice<com.apple.SafariPlatformSupport.Helper([app<application.me.veyra.gpui-prototype.35334998.35335004(501)>:16877])(501)>{vt hash: 0}{definition:com.apple.SafariPlatformSupport.Helper[standard][client]}:16892:16892] from originator [osservice<com.apple.coreservices.launchservicesd>:567] with description <RBSAssertionDescriptor| "viewBridge:16892" ID:601-567-62300 target:16892 attributes:[
	<RBSDomainAttribute| domain:"com.apple.launchservicesd" name:"RoleViewBridge" sourceEnvironment:"(null)">
	]>
2026-10-10 10:01:56.974 Df runningboardd[601:650cfa] [com.apple.runningboard:ttl] Assertion 601-567-62300 (target:[xpcservice<com.apple.SafariPlatformSupport.Helper([app<application.me.veyra.gpui-prototype.35334998.35335004(501)>:16877])(501)>{vt hash: 0}{definition:com.apple.SafariPlatformSupport.Helper[standard][client]}:16892:16892]) will be created as active
2026-10-10 10:01:56.974 Df runningboardd[601:651808] [com.apple.runningboard:general] [xpcservice<com.apple.SafariPlatformSupport.Helper([app<application.me.veyra.gpui-prototype.35334998.35335004(501)>:16877])(501)>{vt hash: 0}{definition:com.apple.SafariPlatformSupport.Helper[standard][client]}:16892:16892] reported to RB as running
2026-10-10 10:01:56.974 Df runningboardd[601:650cfa] [com.apple.runningboard:ttl] Acquiring assertion targeting [xpcservice<com.apple.SafariPlatformSupport.Helper([app<application.me.veyra.gpui-prototype.35334998.35335004(501)>:16877])(501)>{vt hash: 0}{definition:com.apple.SafariPlatformSupport.Helper[standard][client]}:16892:16892] from originator [osservice<com.apple.coreservices.launchservicesd>:567] with description <RBSAssertionDescriptor| "viewBridge:16892" ID:601-567-62301 target:16892 attributes:[
	<RBSDomainAttribute| domain:"com.apple.launchservicesd" name:"RoleViewBridge" sourceEnvironment:"(null)">
	]>
2026-10-10 10:01:56.974 Df runningboardd[601:650cfa] [com.apple.runningboard:ttl] Assertion 601-567-62301 (target:[xpcservice<com.apple.SafariPlatformSupport.Helper([app<application.me.veyra.gpui-prototype.35334998.35335004(501)>:16877])(501)>{vt hash: 0}{definition:com.apple.SafariPlatformSupport.Helper[standard][client]}:16892:16892]) will be created as active
2026-10-10 10:01:56.974 Df runningboardd[601:651816] [com.apple.runningboard:process] [xpcservice<com.apple.SafariPlatformSupport.Helper([app<application.me.veyra.gpui-prototype.35334998.35335004(501)>:16877])(501)>{vt hash: 0}{definition:com.apple.SafariPlatformSupport.Helper[standard][client]}:16892:16892] Ignoring jetsam update because this process is not memory-managed
2026-10-10 10:01:56.974 Df runningboardd[601:651816] [com.apple.runningboard:process] [xpcservice<com.apple.SafariPlatformSupport.Helper([app<application.me.veyra.gpui-prototype.35334998.35335004(501)>:16877])(501)>{vt hash: 0}{definition:com.apple.SafariPlatformSupport.Helper[standard][client]}:16892:16892] Ignoring suspend because this process is not lifecycle managed
2026-10-10 10:01:56.974 Df runningboardd[601:651816] [com.apple.runningboard:ttl] [xpcservice<com.apple.SafariPlatformSupport.Helper([app<application.me.veyra.gpui-prototype.35334998.35335004(501)>:16877])(501)>{vt hash: 0}{definition:com.apple.SafariPlatformSupport.Helper[standard][client]}:16892:16892] Set darwin role to: UserInteractiveNonFocal
2026-10-10 10:01:56.974 Df runningboardd[601:651816] [com.apple.runningboard:process] [xpcservice<com.apple.SafariPlatformSupport.Helper([app<application.me.veyra.gpui-prototype.35334998.35335004(501)>:16877])(501)>{vt hash: 0}{definition:com.apple.SafariPlatformSupport.Helper[standard][client]}:16892:16892] Ignoring GPU update because this process is not GPU managed
2026-10-10 10:01:56.974 Df runningboardd[601:651816] [com.apple.runningboard:process] [xpcservice<com.apple.SafariPlatformSupport.Helper([app<application.me.veyra.gpui-prototype.35334998.35335004(501)>:16877])(501)>{vt hash: 0}{definition:com.apple.SafariPlatformSupport.Helper[standard][client]}:16892:16892] Ignoring memory limit update because this process is not memory-managed
2026-10-10 10:01:56.975 Df runningboardd[601:650cfa] [com.apple.runningboard:ttl] Invalidating assertion 601-567-62300 (target:[xpcservice<com.apple.SafariPlatformSupport.Helper([app<application.me.veyra.gpui-prototype.35334998.35335004(501)>:16877])(501)>{vt hash: 0}{definition:com.apple.SafariPlatformSupport.Helper[standard][client]}:16892:16892]) from originator [osservice<com.apple.coreservices.launchservicesd>:567]
2026-10-10 10:01:56.975 Df gamepolicyd[755:65167d] [com.apple.runningboard:process] Hit the server for a process handle 90cb817000041fc that resolved to: [xpcservice<com.apple.SafariPlatformSupport.Helper([app<application.me.veyra.gpui-prototype.35334998.35335004(501)>:16877])(501)>{vt hash: 0}{definition:com.apple.SafariPlatformSupport.Helper[standard][client]}:16892:16892]
2026-10-10 10:01:56.975 Df gamepolicyd[755:65167d] [com.apple.runningboard:monitor] Received state update for 16892 (xpcservice<com.apple.SafariPlatformSupport.Helper([app<application.me.veyra.gpui-prototype.35334998.35335004(501)>:16877])(501)>{vt hash: 0}{definition:com.apple.SafariPlatformSupport.Helper[standard][client]}:16892, running-NotVisible
2026-10-10 10:01:56.976 Df MenuBarAgent[1108:651913] [com.apple.FrontBoard:ProcessWorkspace] [app<application.me.veyra.gpui-prototype.35334998.35335004>:16877] Workspace state did change: BG-Active[40] --> XX-None[0] (assertion dropped).
2026-10-10 10:01:56.976 Df runningboardd[601:651816] [com.apple.runningboard:ttl] Invalidating assertion 601-1108-62292 (target:[app<application.me.veyra.gpui-prototype.35334998.35335004(501)>:16877]) from originator [osservice<com.apple.MenuBarAgent(501)>:1108]
2026-10-10 10:01:56.984 A  veyra-gpui-prototype[16877:651933] (CoreSpotlight) end-index-batch
2026-10-10 10:01:56.984 Df veyra-gpui-prototype[16877:651933] [com.apple.corespotlight:index] *warn* MailCS ======%%% _setMailMessageAttributes skip:1
2026-10-10 10:01:56.985 Df veyra-gpui-prototype[16877:651935] (CoreSpotlight) Start mach service name com.apple.spotlightknowledged
2026-10-10 10:01:56.985 Df veyra-gpui-prototype[16877:651935] (SpotlightEmbeddingCore) SPEmbeddingProvider: Registered provider SPEmbeddingModel
2026-10-10 10:01:56.985 Df veyra-gpui-prototype[16877:651933] [com.apple.corespotlight:default] [GMS] availability notification token 99
2026-10-10 10:01:56.985 A  veyra-gpui-prototype[16877:651933] (CoreSpotlight) index-items
2026-10-10 10:01:56.985 Df veyra-gpui-prototype[16877:651933] [com.apple.corespotlight:index] Submitting donation: <private> (1273 bytes with 0 enqueued)
2026-10-10 10:01:56.985 Df veyra-gpui-prototype[16877:651935] [com.apple.corespotlight:index] Performing donation: <private>
2026-10-10 10:01:56.985 Df veyra-gpui-prototype[16877:651935] [com.apple.xpc:connection] [0x76fd9b17c0] activating connection: mach=false listener=false peer=false name=com.apple.SetStoreUpdateService
2026-10-10 10:01:56.986 Df veyra-gpui-prototype[16877:651935] [com.apple.Biome:BiomeCascade] Requesting new set donation <private>
2026-10-10 10:01:56.986 Df veyra-gpui-prototype[16877:651933] [com.apple.xpc:connection] [0x76fd9b17c0] Re-initialization successful; calling out to event handler with XPC_ERROR_CONNECTION_INTERRUPTED
2026-10-10 10:01:56.986 Df veyra-gpui-prototype[16877:651933] [com.apple.xpc:connection] [0x76fd9b17c0] invalidated because the current process cancelled the connection by calling xpc_connection_cancel()
2026-10-10 10:01:56.986 Df veyra-gpui-prototype[16877:651935] [com.apple.Biome:BiomeCascade] Service responded to request for new donation <private> with None
2026-10-10 10:01:56.986 Df veyra-gpui-prototype[16877:651935] [com.apple.corespotlight:index] Completed donation: <private> result: Error Domain=CSIndexErrorDomain Code=-1000 "Failed to request donation" UserInfo={NSDebugDescription=Failed to request donation, NSUnderlyingError=0x76fe430840 {Error Domain=NSCocoaErrorDomain Code=4099 UserInfo={NSDebugDescription=<private>}}}
2026-10-10 10:01:56.996 Df runningboardd[601:650ccf] [com.apple.runningboard:connection] Setting client for [xpcservice<com.apple.appkit.xpc.ThemeWidgetControlViewService([app<application.me.veyra.gpui-prototype.35334998.35335004(501)>:16877])(501)>{vt hash: 0}{definition:com.apple.appkit.xpc.ThemeWidgetControlViewService[standard][client]}:16893:16893] as ready
2026-10-10 10:01:56.997 Df ThemeWidgetControlViewService[16893:65194b] [com.apple.runningboard:connection] Identity resolved as xpcservice<com.apple.appkit.xpc.ThemeWidgetControlViewService([app<application.me.veyra.gpui-prototype.35334998.35335004(501)>:16877])(501)>{vt hash: 0}{definition:com.apple.appkit.xpc.ThemeWidgetControlViewService[standard][client]}:16893
2026-10-10 10:01:56.997 Df runningboardd[601:651816] [com.apple.runningboard:ttl] Invalidating assertion 601-567-62286 (target:[app<application.me.veyra.gpui-prototype.35334998.35335004(501)>:16877]) from originator [osservice<com.apple.coreservices.launchservicesd>:567]
2026-10-10 10:01:57.002 Df runningboardd[601:651816] [com.apple.runningboard:connection] Setting client for [xpcservice<com.apple.SafariPlatformSupport.Helper([app<application.me.veyra.gpui-prototype.35334998.35335004(501)>:16877])(501)>{vt hash: 0}{definition:com.apple.SafariPlatformSupport.Helper[standard][client]}:16892:16892] as ready
2026-10-10 10:01:57.002 Df com.apple.SafariPlatformSupport.Helper[16892:65194e] [com.apple.runningboard:connection] Identity resolved as xpcservice<com.apple.SafariPlatformSupport.Helper([app<application.me.veyra.gpui-prototype.35334998.35335004(501)>:16877])(501)>{vt hash: 0}{definition:com.apple.SafariPlatformSupport.Helper[standard][client]}:16892
2026-10-10 10:01:57.035 Df runningboardd[601:651816] [com.apple.runningboard:ttl] Acquiring assertion targeting [xpcservice<com.apple.appkit.xpc.ThemeWidgetControlViewService([app<application.me.veyra.gpui-prototype.35334998.35335004(501)>:16877])(501)>{vt hash: 0}{definition:com.apple.appkit.xpc.ThemeWidgetControlViewService[standard][client]}:16893:16893] from originator [xpcservice<com.apple.appkit.xpc.ThemeWidgetControlViewService([app<application.me.veyra.gpui-prototype.35334998.35335004(501)>:16877])(501)>{vt hash: 0}{definition:com.apple.appkit.xpc.ThemeWidgetControlViewService[standard][client]}:16893:16893] with description <RBSAssertionDescriptor| "AppNap adapter assertion" ID:601-16893-62328 target:16893 attributes:[
	<RBSAcquisitionCompletionAttribute| policy:AfterApplication>,
	<RBSDomainAttribute| domain:"com.apple.appnap" name:"Enable" sourceEnvironment:"(null)">,
	<RBSDomainAttribute| domain:"com.apple.appnap" name:"Inactive" sourceEnvironment:"(null)">,
	<RBSDomainAttribute| domain:"com.apple.appnap" name:"PreventDiskThrottle" sourceEnvironment:"(null)">,
	<RBSDomainAttribute| domain:"com.apple.appnap" name:"Preve<…>
2026-10-10 10:01:57.035 Df runningboardd[601:651816] [com.apple.runningboard:ttl] Assertion 601-16893-62328 (target:[xpcservice<com.apple.appkit.xpc.ThemeWidgetControlViewService([app<application.me.veyra.gpui-prototype.35334998.35335004(501)>:16877])(501)>{vt hash: 0}{definition:com.apple.appkit.xpc.ThemeWidgetControlViewService[standard][client]}:16893:16893]) will be created as active
2026-10-10 10:01:57.035 Df runningboardd[601:650d80] [com.apple.runningboard:process] [xpcservice<com.apple.appkit.xpc.ThemeWidgetControlViewService([app<application.me.veyra.gpui-prototype.35334998.35335004(501)>:16877])(501)>{vt hash: 0}{definition:com.apple.appkit.xpc.ThemeWidgetControlViewService[standard][client]}:16893:16893] Ignoring jetsam update because this process is not memory-managed
2026-10-10 10:01:57.035 Df runningboardd[601:650d80] [com.apple.runningboard:process] [xpcservice<com.apple.appkit.xpc.ThemeWidgetControlViewService([app<application.me.veyra.gpui-prototype.35334998.35335004(501)>:16877])(501)>{vt hash: 0}{definition:com.apple.appkit.xpc.ThemeWidgetControlViewService[standard][client]}:16893:16893] Ignoring suspend because this process is not lifecycle managed
2026-10-10 10:01:57.035 Df runningboardd[601:650d80] [com.apple.runningboard:process] [xpcservice<com.apple.appkit.xpc.ThemeWidgetControlViewService([app<application.me.veyra.gpui-prototype.35334998.35335004(501)>:16877])(501)>{vt hash: 0}{definition:com.apple.appkit.xpc.ThemeWidgetControlViewService[standard][client]}:16893:16893] Ignoring GPU update because this process is not GPU managed
2026-10-10 10:01:57.035 Df runningboardd[601:650d80] [com.apple.runningboard:process] [xpcservice<com.apple.appkit.xpc.ThemeWidgetControlViewService([app<application.me.veyra.gpui-prototype.35334998.35335004(501)>:16877])(501)>{vt hash: 0}{definition:com.apple.appkit.xpc.ThemeWidgetControlViewService[standard][client]}:16893:16893] Ignoring memory limit update because this process is not memory-managed
2026-10-10 10:01:57.035 Df runningboardd[601:650d80] [com.apple.runningboard:process] [xpcservice<com.apple.appkit.xpc.ThemeWidgetControlViewService([app<application.me.veyra.gpui-prototype.35334998.35335004(501)>:16877])(501)>{vt hash: 0}{definition:com.apple.appkit.xpc.ThemeWidgetControlViewService[standard][client]}:16893:16893] Set AppNap state: <RBMutableProcessAppNapState|0x7adda400c0 enabled:Y active:N socket:N disk:N priority:N cpu:N timer:Tier0>
2026-10-10 10:01:57.035 Df gamepolicyd[755:65167c] [com.apple.runningboard:monitor] Received state update for 16893 (xpcservice<com.apple.appkit.xpc.ThemeWidgetControlViewService([app<application.me.veyra.gpui-prototype.35334998.35335004(501)>:16877])(501)>{vt hash: 0}{definition:com.apple.appkit.xpc.ThemeWidgetControlViewService[standard][client]}:16893, running-NotVisible
2026-10-10 10:01:57.035 Df veyra-gpui-prototype[16877:651935] [com.apple.xpc:connection] [0x76fd9b1900] invalidated after the last release of the connection object
2026-10-10 10:01:57.035 Df veyra-gpui-prototype[16877:651810] [com.apple.xpc:connection] [0x76fd9b17c0] activating connection: mach=false listener=false peer=false name=(anonymous)
2026-10-10 10:01:57.035 Df veyra-gpui-prototype[16877:651810] [com.apple.xpc:connection] [0x76fd9b1900] activating connection: mach=false listener=false peer=false name=(anonymous)
2026-10-10 10:01:57.045 Df runningboardd[601:651816] [com.apple.runningboard:ttl] Acquiring assertion targeting [xpcservice<com.apple.SafariPlatformSupport.Helper([app<application.me.veyra.gpui-prototype.35334998.35335004(501)>:16877])(501)>{vt hash: 0}{definition:com.apple.SafariPlatformSupport.Helper[standard][client]}:16892:16892] from originator [xpcservice<com.apple.SafariPlatformSupport.Helper([app<application.me.veyra.gpui-prototype.35334998.35335004(501)>:16877])(501)>{vt hash: 0}{definition:com.apple.SafariPlatformSupport.Helper[standard][client]}:16892:16892] with description <RBSAssertionDescriptor| "AppNap adapter assertion" ID:601-16892-62329 target:16892 attributes:[
	<RBSAcquisitionCompletionAttribute| policy:AfterApplication>,
	<RBSDomainAttribute| domain:"com.apple.appnap" name:"Enable" sourceEnvironment:"(null)">,
	<RBSDomainAttribute| domain:"com.apple.appnap" name:"Inactive" sourceEnvironment:"(null)">,
	<RBSDomainAttribute| domain:"com.apple.appnap" name:"PreventDiskThrottle" sourceEnvironment:"(null)">,
	<RBSDomainAttribute| domain:"com.apple.appnap" name:"PreventSuppressedCPU" sourceEnvironment:"(null)">,
	<<…>
2026-10-10 10:01:57.045 Df runningboardd[601:651816] [com.apple.runningboard:ttl] Assertion 601-16892-62329 (target:[xpcservice<com.apple.SafariPlatformSupport.Helper([app<application.me.veyra.gpui-prototype.35334998.35335004(501)>:16877])(501)>{vt hash: 0}{definition:com.apple.SafariPlatformSupport.Helper[standard][client]}:16892:16892]) will be created as active
2026-10-10 10:01:57.045 Df runningboardd[601:650cfa] [com.apple.runningboard:process] [xpcservice<com.apple.SafariPlatformSupport.Helper([app<application.me.veyra.gpui-prototype.35334998.35335004(501)>:16877])(501)>{vt hash: 0}{definition:com.apple.SafariPlatformSupport.Helper[standard][client]}:16892:16892] Ignoring jetsam update because this process is not memory-managed
2026-10-10 10:01:57.045 Df runningboardd[601:650cfa] [com.apple.runningboard:process] [xpcservice<com.apple.SafariPlatformSupport.Helper([app<application.me.veyra.gpui-prototype.35334998.35335004(501)>:16877])(501)>{vt hash: 0}{definition:com.apple.SafariPlatformSupport.Helper[standard][client]}:16892:16892] Ignoring suspend because this process is not lifecycle managed
2026-10-10 10:01:57.045 Df runningboardd[601:650cfa] [com.apple.runningboard:process] [xpcservice<com.apple.SafariPlatformSupport.Helper([app<application.me.veyra.gpui-prototype.35334998.35335004(501)>:16877])(501)>{vt hash: 0}{definition:com.apple.SafariPlatformSupport.Helper[standard][client]}:16892:16892] Ignoring GPU update because this process is not GPU managed
2026-10-10 10:01:57.045 Df runningboardd[601:650cfa] [com.apple.runningboard:process] [xpcservice<com.apple.SafariPlatformSupport.Helper([app<application.me.veyra.gpui-prototype.35334998.35335004(501)>:16877])(501)>{vt hash: 0}{definition:com.apple.SafariPlatformSupport.Helper[standard][client]}:16892:16892] Ignoring memory limit update because this process is not memory-managed
2026-10-10 10:01:57.046 Df runningboardd[601:650cfa] [com.apple.runningboard:process] [xpcservice<com.apple.SafariPlatformSupport.Helper([app<application.me.veyra.gpui-prototype.35334998.35335004(501)>:16877])(501)>{vt hash: 0}{definition:com.apple.SafariPlatformSupport.Helper[standard][client]}:16892:16892] Set AppNap state: <RBMutableProcessAppNapState|0x7adda403c0 enabled:Y active:N socket:N disk:N priority:N cpu:N timer:Tier0>
2026-10-10 10:01:57.046 Df gamepolicyd[755:65167d] [com.apple.runningboard:monitor] Received state update for 16892 (xpcservice<com.apple.SafariPlatformSupport.Helper([app<application.me.veyra.gpui-prototype.35334998.35335004(501)>:16877])(501)>{vt hash: 0}{definition:com.apple.SafariPlatformSupport.Helper[standard][client]}:16892, running-NotVisible
2026-10-10 10:01:57.046 Df veyra-gpui-prototype[16877:651935] [com.apple.xpc:connection] [0x76fd9b1680] invalidated after the last release of the connection object
2026-10-10 10:01:57.046 Df veyra-gpui-prototype[16877:651810] [com.apple.xpc:connection] [0x76fd9b1a40] activating connection: mach=false listener=false peer=false name=(anonymous)
2026-10-10 10:01:57.046 Df veyra-gpui-prototype[16877:651810] [com.apple.xpc:connection] [0x76fd9b1680] activating connection: mach=false listener=false peer=false name=(anonymous)
2026-10-10 10:01:57.047 Df WindowManager[1115:65091e] [com.apple.windowmanagement:xpcconnection] Connection activated | (16893) ThemeWidgetControlViewService (VeyraPrototype)
2026-10-10 10:01:57.054 Df WindowManager[1115:65091e] [com.apple.windowmanagement:xpcconnection] Connection activated | (16892) AutoFill (VeyraPrototype)
2026-10-10 10:01:57.068 Df distnoted[902:6517d7] [com.apple.distnoted:diagnostic] register name: com.apple.nsquiet_safe_quit_give_reason object: me.veyra.gpui-prototype token: 3d00000039 pid: 16893
2026-10-10 10:01:57.068 Df runningboardd[601:651816] [com.apple.runningboard:monitor] Calculated state for app<application.me.veyra.gpui-prototype.35334998.35335004(501)>: running-active (role: UserInteractiveFocal) (endowments: <private>)
2026-10-10 10:01:57.069 Df runningboardd[601:651808] [com.apple.runningboard:process] [app<application.me.veyra.gpui-prototype.35334998.35335004(501)>:16877] Ignoring jetsam update because this process is not memory-managed
2026-10-10 10:01:57.069 Df runningboardd[601:651808] [com.apple.runningboard:process] [app<application.me.veyra.gpui-prototype.35334998.35335004(501)>:16877] Ignoring suspend because this process is not lifecycle managed
2026-10-10 10:01:57.069 Df runningboardd[601:651808] [com.apple.runningboard:process] [app<application.me.veyra.gpui-prototype.35334998.35335004(501)>:16877] Ignoring GPU update because this process is not GPU managed
2026-10-10 10:01:57.069 Df runningboardd[601:651808] [com.apple.runningboard:process] [app<application.me.veyra.gpui-prototype.35334998.35335004(501)>:16877] Ignoring memory limit update because this process is not memory-managed
2026-10-10 10:01:57.070 Df MenuBarAgent[1108:650d7e] [com.apple.runningboard:monitor] Received state update for 16877 (app<application.me.veyra.gpui-prototype.35334998.35335004(501)>, running-active-NotVisible
2026-10-10 10:01:57.070 Df gamepolicyd[755:650e01] [com.apple.runningboard:monitor] Received state update for 16877 (app<application.me.veyra.gpui-prototype.35334998.35335004(501)>, running-active-NotVisible
2026-10-10 10:01:57.087 Df veyra-gpui-prototype[16877:651933] [com.apple.BackBoard:EventDelivery] BKSHIDEventDeliveryManager - connection activation
2026-10-10 10:01:57.095 Df WindowServer[595:12b3] [com.apple.BackBoard:EventDelivery] chain did update (setDeferringRules) <<keyboardFocus>; generation: 12718; finalStringTargetIndex: 3> containsEndOfChain: YES; [
    <token: <frontmost>; pid: 595>,
    <token: VeyraPrototype:0x0-0x3d33d3; pid: 595>,
    <pid: 16877>,
    <token: viewbridge-key-window; pid: 16877>
]
2026-10-10 10:01:57.125 Df runningboardd[601:651808] [com.apple.runningboard:ttl] Acquiring assertion targeting [xpcservice<com.apple.appkit.xpc.ThemeWidgetControlViewService([app<application.me.veyra.gpui-prototype.35334998.35335004(501)>:16877])(501)>{vt hash: 0}{definition:com.apple.appkit.xpc.ThemeWidgetControlViewService[standard][client]}:16893:16893] from originator [osservice<com.apple.WindowServer(88)>:595] with description <RBSAssertionDescriptor| "AppDrawing" ID:601-595-62330 target:16893 attributes:[
	<RBSDomainAttribute| domain:"com.apple.appnap" name:"AppDrawing" sourceEnvironment:"(null)">,
	<RBSAcquisitionCompletionAttribute| policy:AfterApplication>
	]>
2026-10-10 10:01:57.125 Df runningboardd[601:651808] [com.apple.runningboard:ttl] Assertion 601-595-62330 (target:[xpcservice<com.apple.appkit.xpc.ThemeWidgetControlViewService([app<application.me.veyra.gpui-prototype.35334998.35335004(501)>:16877])(501)>{vt hash: 0}{definition:com.apple.appkit.xpc.ThemeWidgetControlViewService[standard][client]}:16893:16893]) will be created as active
2026-10-10 10:01:57.125 Df runningboardd[601:650cfa] [com.apple.runningboard:process] [xpcservice<com.apple.appkit.xpc.ThemeWidgetControlViewService([app<application.me.veyra.gpui-prototype.35334998.35335004(501)>:16877])(501)>{vt hash: 0}{definition:com.apple.appkit.xpc.ThemeWidgetControlViewService[standard][client]}:16893:16893] Ignoring jetsam update because this process is not memory-managed
2026-10-10 10:01:57.125 Df runningboardd[601:650cfa] [com.apple.runningboard:process] [xpcservice<com.apple.appkit.xpc.ThemeWidgetControlViewService([app<application.me.veyra.gpui-prototype.35334998.35335004(501)>:16877])(501)>{vt hash: 0}{definition:com.apple.appkit.xpc.ThemeWidgetControlViewService[standard][client]}:16893:16893] Ignoring suspend because this process is not lifecycle managed
2026-10-10 10:01:57.125 Df runningboardd[601:650cfa] [com.apple.runningboard:process] [xpcservice<com.apple.appkit.xpc.ThemeWidgetControlViewService([app<application.me.veyra.gpui-prototype.35334998.35335004(501)>:16877])(501)>{vt hash: 0}{definition:com.apple.appkit.xpc.ThemeWidgetControlViewService[standard][client]}:16893:16893] Ignoring GPU update because this process is not GPU managed
2026-10-10 10:01:57.125 Df runningboardd[601:650cfa] [com.apple.runningboard:process] [xpcservice<com.apple.appkit.xpc.ThemeWidgetControlViewService([app<application.me.veyra.gpui-prototype.35334998.35335004(501)>:16877])(501)>{vt hash: 0}{definition:com.apple.appkit.xpc.ThemeWidgetControlViewService[standard][client]}:16893:16893] Ignoring memory limit update because this process is not memory-managed
2026-10-10 10:01:57.131 E  SetStoreUpdateService[16894:651986] [com.apple.Biome:BiomeAccessService] Failed to acquire extension token for read-write-no-create access to <BMResource: set/App.Intents.IndexedEntity [CCSetDescriptor - key: sourceIdentifier value: me.veyra.gpui-prototype]> with error Error Domain=BMAccessErrorDomain Code=11 "Failed to prepare resource" UserInfo={NSLocalizedDescription=Failed to prepare resource}
2026-10-10 10:01:57.136 Df loginwindow[599:632e8c] [com.apple.loginwindow.logging:Standard] -[SessionAgentCom SACShieldWindowShowing:] | Enter,   sent by pid: 16892, name: AutoFill (VeyraPrototype)
2026-10-10 10:01:57.141 Df gamepolicyd[755:650e01] [com.apple.runningboard:monitor] Received state update for 16893 (xpcservice<com.apple.appkit.xpc.ThemeWidgetControlViewService([app<application.me.veyra.gpui-prototype.35334998.35335004(501)>:16877])(501)>{vt hash: 0}{definition:com.apple.appkit.xpc.ThemeWidgetControlViewService[standard][client]}:16893, running-NotVisible
2026-10-10 10:01:57.190 Df linkd[936:65180c] [com.apple.appintents:IndexCoordinator] Starting task: Audit: Bundles: me.veyra.gpui-prototype
2026-10-10 10:01:57.202 Df linkd[936:65180c] [com.apple.appintents:Indexing] Looking for bundle: me.veyra.gpui-prototype
2026-10-10 10:01:57.203 Df linkd[936:65180c] [com.apple.appintents:Indexing] Collating specified bundles: me.veyra.gpui-prototype
2026-10-10 10:01:57.203 Df linkd[936:65180c] [com.apple.appintents:IndexCoordinator] Finished task: Audit: Bundles: me.veyra.gpui-prototype
2026-10-10 10:01:57.409 Df intelligencecontextd[1079:64fcd9] [com.apple.UIIntelligenceSupport:agentOversize] starting RequestID(1079:89 = 4634269712473) for client Spotlight: RequestParameters(timeout: 0.75 sec, requestedComponents: (commands), targetedAppBundleIdentifiers: ["me.veyra.gpui-prototype"], appIntentsRequest: AppIntentsRequest())
2026-10-10 10:01:57.410 Df intelligencecontextd[1079:64fcd9] [com.apple.UIIntelligenceSupport:agent] starting AsyncProviderTask(66, RequestID(1079:89 = 4634269712473), 'ManagementPolicy(me.veyra.gpui-prototype)') with 674.766 ms until deadline
2026-10-10 10:01:57.410 Df veyra-gpui-prototype[16877:6518f1] [com.apple.UIIntelligenceSupport:client] received request to collect fragments RequestID(1079:89 = 4634269712473)
2026-10-10 10:01:57.410 Df veyra-gpui-prototype[16877:6518f1] [com.apple.UIIntelligenceSupport:collector] created <IntelligenceFragmentCollector: 0x00000076fcc75ce0> for RequestID(1079:89 = 4634269712473)
2026-10-10 10:01:57.411 Df intelligencecontextd[1079:65182b] [com.apple.UIIntelligenceSupport:agent] completed AsyncProviderTask(66, RequestID(1079:89 = 4634269712473), 'ManagementPolicy(me.veyra.gpui-prototype)'); async provider tasks still pending: 0
2026-10-10 10:01:57.412 Df veyra-gpui-prototype[16877:651810] [com.apple.UIIntelligenceSupport:collector] finished <IntelligenceFragmentCollector: 0x00000076fcc75ce0> for RequestID(1079:89 = 4634269712473); collectors still pending: 0
2026-10-10 10:01:57.412 Df runningboardd[601:651808] [com.apple.runningboard:ttl] Acquiring assertion targeting [app<application.me.veyra.gpui-prototype.35334998.35335004(501)>:16877] from originator [osservice<com.apple.powerd>:539] with description <RBSAssertionDescriptor| "App is holding power assertion" ID:601-539-62331 target:16877 attributes:[
	<RBSDomainAttribute| domain:"com.apple.appnap" name:"PowerAssertion" sourceEnvironment:"(null)">,
	<RBSAcquisitionCompletionAttribute| policy:AfterApplication>
	]>
2026-10-10 10:01:57.412 Df runningboardd[601:651808] [com.apple.runningboard:ttl] Assertion 601-539-62331 (target:[app<application.me.veyra.gpui-prototype.35334998.35335004(501)>:16877]) will be created as active
2026-10-10 10:01:57.413 Df runningboardd[601:650cfa] [com.apple.runningboard:process] [app<application.me.veyra.gpui-prototype.35334998.35335004(501)>:16877] Ignoring jetsam update because this process is not memory-managed
2026-10-10 10:01:57.413 Df runningboardd[601:650cfa] [com.apple.runningboard:process] [app<application.me.veyra.gpui-prototype.35334998.35335004(501)>:16877] Ignoring suspend because this process is not lifecycle managed
2026-10-10 10:01:57.413 Df runningboardd[601:650cfa] [com.apple.runningboard:process] [app<application.me.veyra.gpui-prototype.35334998.35335004(501)>:16877] Ignoring GPU update because this process is not GPU managed
2026-10-10 10:01:57.413 Df runningboardd[601:650cfa] [com.apple.runningboard:process] [app<application.me.veyra.gpui-prototype.35334998.35335004(501)>:16877] Ignoring memory limit update because this process is not memory-managed
2026-10-10 10:01:57.413 Df intelligencecontextd[1079:65182b] [com.apple.UIIntelligenceSupport:agent] client ConnectionID(1287, ProcessInfo("me.veyra.gpui-prototype", pid: 16877)) provided 1 fragment for [RequestID(1079:89 = 4634269712473)]
2026-10-10 10:01:57.413 Df runningboardd[601:650cfa] [com.apple.runningboard:monitor] Calculated state for app<application.me.veyra.gpui-prototype.35334998.35335004(501)>: running-active (role: UserInteractiveFocal) (endowments: <private>)
2026-10-10 10:01:57.413 Df runningboardd[601:651808] [com.apple.runningboard:ttl] Invalidating assertion 601-539-62331 (target:[app<application.me.veyra.gpui-prototype.35334998.35335004(501)>:16877]) from originator [osservice<com.apple.powerd>:539]
2026-10-10 10:01:57.413 Df MenuBarAgent[1108:651913] [com.apple.runningboard:monitor] Received state update for 16877 (app<application.me.veyra.gpui-prototype.35334998.35335004(501)>, running-active-NotVisible
2026-10-10 10:01:57.414 Df gamepolicyd[755:65167d] [com.apple.runningboard:monitor] Received state update for 16877 (app<application.me.veyra.gpui-prototype.35334998.35335004(501)>, running-active-NotVisible
2026-10-10 10:01:57.520 Df runningboardd[601:651808] [com.apple.runningboard:process] [app<application.me.veyra.gpui-prototype.35334998.35335004(501)>:16877] Ignoring jetsam update because this process is not memory-managed
2026-10-10 10:01:57.520 Df runningboardd[601:651808] [com.apple.runningboard:process] [app<application.me.veyra.gpui-prototype.35334998.35335004(501)>:16877] Ignoring suspend because this process is not lifecycle managed
2026-10-10 10:01:57.520 Df runningboardd[601:651808] [com.apple.runningboard:process] [app<application.me.veyra.gpui-prototype.35334998.35335004(501)>:16877] Ignoring GPU update because this process is not GPU managed
2026-10-10 10:01:57.520 Df runningboardd[601:651808] [com.apple.runningboard:process] [app<application.me.veyra.gpui-prototype.35334998.35335004(501)>:16877] Ignoring memory limit update because this process is not memory-managed
2026-10-10 10:01:57.520 Df runningboardd[601:651816] [com.apple.runningboard:monitor] Calculated state for app<application.me.veyra.gpui-prototype.35334998.35335004(501)>: running-active (role: UserInteractiveFocal) (endowments: <private>)
2026-10-10 10:01:57.521 Df MenuBarAgent[1108:650d7e] [com.apple.runningboard:monitor] Received state update for 16877 (app<application.me.veyra.gpui-prototype.35334998.35335004(501)>, running-active-NotVisible
2026-10-10 10:01:57.521 Df gamepolicyd[755:65167d] [com.apple.runningboard:monitor] Received state update for 16877 (app<application.me.veyra.gpui-prototype.35334998.35335004(501)>, running-active-NotVisible
2026-10-10 10:01:58.049 Df runningboardd[601:650cfa] [com.apple.runningboard:ttl] Invalidating assertion 601-567-62285 (target:[app<application.me.veyra.gpui-prototype.35334998.35335004(501)>:16877]) from originator [osservice<com.apple.coreservices.launchservicesd>:567]
2026-10-10 10:01:58.051 Df runningboardd[601:650cfa] [com.apple.runningboard:ttl] Invalidating assertion 601-595-62287 (target:[app<application.me.veyra.gpui-prototype.35334998.35335004(501)>:16877]) from originator [osservice<com.apple.WindowServer(88)>:595]
2026-10-10 10:01:58.058 Df veyra-gpui-prototype[16877:651810] [com.apple.AppKit:AutomaticTermination] void _updateToReflectAutomaticTerminationState(void) Setting _kLSApplicationWouldBeTerminatedByTALKey=0
2026-10-10 10:01:58.065 A  veyra-gpui-prototype[16877:651810] (CoreFoundation) Loading Preferences From User CFPrefsD
2026-10-10 10:01:58.156 Df runningboardd[601:651816] [com.apple.runningboard:process] [app<application.me.veyra.gpui-prototype.35334998.35335004(501)>:16877] Ignoring jetsam update because this process is not memory-managed
2026-10-10 10:01:58.156 Df runningboardd[601:651816] [com.apple.runningboard:process] [app<application.me.veyra.gpui-prototype.35334998.35335004(501)>:16877] Ignoring suspend because this process is not lifecycle managed
2026-10-10 10:01:58.156 Df runningboardd[601:651816] [com.apple.runningboard:ttl] [app<application.me.veyra.gpui-prototype.35334998.35335004(501)>:16877] Set darwin role to: UserInteractiveNonFocal
2026-10-10 10:01:58.156 Df runningboardd[601:651816] [com.apple.runningboard:process] [app<application.me.veyra.gpui-prototype.35334998.35335004(501)>:16877] Ignoring GPU update because this process is not GPU managed
2026-10-10 10:01:58.156 Df runningboardd[601:651816] [com.apple.runningboard:process] [app<application.me.veyra.gpui-prototype.35334998.35335004(501)>:16877] Ignoring memory limit update because this process is not memory-managed
2026-10-10 10:01:58.156 Df runningboardd[601:650ccf] [com.apple.runningboard:monitor] Calculated state for app<application.me.veyra.gpui-prototype.35334998.35335004(501)>: running-active (role: UserInteractiveNonFocal) (endowments: <private>)
2026-10-10 10:01:58.156 A  veyra-gpui-prototype[16877:651935] (RunningBoardServices) didChangeInheritances
2026-10-10 10:01:58.157 Df runningboardd[601:651808] [com.apple.runningboard:assertion] Assertion did invalidate due to timeout: 601-601-62268 (target:[app<application.me.veyra.gpui-prototype.35334998.35335004(501)>:16877])
2026-10-10 10:01:58.157 Df MenuBarAgent[1108:650d7e] [com.apple.runningboard:monitor] Received state update for 16877 (app<application.me.veyra.gpui-prototype.35334998.35335004(501)>, running-active-NotVisible
2026-10-10 10:01:58.157 Df gamepolicyd[755:65167d] [com.apple.runningboard:monitor] Received state update for 16877 (app<application.me.veyra.gpui-prototype.35334998.35335004(501)>, running-active-NotVisible
2026-10-10 10:01:58.162 Df veyra-gpui-prototype[16877:651810] [com.apple.AppKit:StateRestoration] -[NSPersistentUIManager flushAllChanges]
2026-10-10 10:01:58.162 Df veyra-gpui-prototype[16877:651810] [com.apple.AppKit:StateRestoration] -[NSPersistentUIManager flushAllChanges] Emptying for initial flush.
2026-10-10 10:01:58.189 Df veyra-gpui-prototype[16877:651810] [com.apple.AppKit:StateRestoration] -[NSPersistentUIManager flushAllChanges] finishing enqueued operations
2026-10-10 10:01:58.189 Df veyra-gpui-prototype[16877:651935] [com.apple.AppKit:StateRestoration] -[NSPersistentUIManager flushAllChanges]_block_invoke asyncing to main queue
2026-10-10 10:01:58.189 Df veyra-gpui-prototype[16877:6518f1] [com.apple.AppKit:StateRestoration] -[NSPersistentUIManager flushAllChanges]_block_invoke writing records
2026-10-10 10:01:58.357 Df runningboardd[601:651816] [com.apple.runningboard:process] [app<application.me.veyra.gpui-prototype.35334998.35335004(501)>:16877] Ignoring jetsam update because this process is not memory-managed
2026-10-10 10:01:58.357 Df runningboardd[601:651816] [com.apple.runningboard:process] [app<application.me.veyra.gpui-prototype.35334998.35335004(501)>:16877] Ignoring suspend because this process is not lifecycle managed
2026-10-10 10:01:58.357 Df runningboardd[601:651816] [com.apple.runningboard:process] [app<application.me.veyra.gpui-prototype.35334998.35335004(501)>:16877] Ignoring GPU update because this process is not GPU managed
2026-10-10 10:01:58.357 Df runningboardd[601:651816] [com.apple.runningboard:process] [app<application.me.veyra.gpui-prototype.35334998.35335004(501)>:16877] Ignoring memory limit update because this process is not memory-managed
2026-10-10 10:01:58.358 Df runningboardd[601:650cfa] [com.apple.runningboard:monitor] Calculated state for app<application.me.veyra.gpui-prototype.35334998.35335004(501)>: running-active (role: UserInteractiveNonFocal) (endowments: <private>)
2026-10-10 10:01:58.358 Df MenuBarAgent[1108:650db6] [com.apple.runningboard:monitor] Received state update for 16877 (app<application.me.veyra.gpui-prototype.35334998.35335004(501)>, running-active-NotVisible
2026-10-10 10:01:58.358 Df gamepolicyd[755:65167c] [com.apple.runningboard:monitor] Received state update for 16877 (app<application.me.veyra.gpui-prototype.35334998.35335004(501)>, running-active-NotVisible
2026-10-10 10:01:58.587 Df runningboardd[601:651808] [com.apple.runningboard:ttl] Invalidating assertion 601-1108-62289 (target:app<application.me.veyra.gpui-prototype.35334998.35335004(501)>) from originator [osservice<com.apple.MenuBarAgent(501)>:1108]
2026-10-10 10:01:58.691 Df runningboardd[601:650ccf] [com.apple.runningboard:process] [app<application.me.veyra.gpui-prototype.35334998.35335004(501)>:16877] Ignoring jetsam update because this process is not memory-managed
2026-10-10 10:01:58.691 Df runningboardd[601:650ccf] [com.apple.runningboard:process] [app<application.me.veyra.gpui-prototype.35334998.35335004(501)>:16877] Ignoring suspend because this process is not lifecycle managed
2026-10-10 10:01:58.691 Df runningboardd[601:650ccf] [com.apple.runningboard:process] [app<application.me.veyra.gpui-prototype.35334998.35335004(501)>:16877] Ignoring GPU update because this process is not GPU managed
2026-10-10 10:01:58.691 Df runningboardd[601:650ccf] [com.apple.runningboard:process] [app<application.me.veyra.gpui-prototype.35334998.35335004(501)>:16877] Ignoring memory limit update because this process is not memory-managed
2026-10-10 10:01:58.692 Df runningboardd[601:651816] [com.apple.runningboard:monitor] Calculated state for app<application.me.veyra.gpui-prototype.35334998.35335004(501)>: running-active (role: UserInteractiveNonFocal) (endowments: <private>)
2026-10-10 10:01:58.725 Df MenuBarAgent[1108:650db6] [com.apple.runningboard:monitor] Received state update for 16877 (app<application.me.veyra.gpui-prototype.35334998.35335004(501)>, running-active-NotVisible
2026-10-10 10:01:58.725 Df gamepolicyd[755:65167c] [com.apple.runningboard:monitor] Received state update for 16877 (app<application.me.veyra.gpui-prototype.35334998.35335004(501)>, running-active-NotVisible
2026-10-10 10:01:59.611 A  veyra-gpui-prototype[16877:651810] (CoreFoundation) Loading Preferences From User CFPrefsD
2026-10-10 10:02:01.321 Df loginwindow[599:632e8c] [com.apple.loginwindow.logging:TAL] -[PersistentAppsSupport saveLogoutPersistentState:finalSnapshot:] |      checkAgainstApp is : VeyraPrototype
2026-10-10 10:02:01.321 Df loginwindow[599:632e8c] [com.apple.loginwindow.logging:Standard] -[Application _updateInformationInternal] | Got App URL: file:///Users/lifeilin/Downloads/Veyra-P0-08-first-open-20261010/VeyraPrototype.app/
2026-10-10 10:02:01.321 Df loginwindow[599:632e8c] [com.apple.loginwindow.logging:TAL] -[PersistentAppsSupport appShouldBeRelaunched:] | entered. checking app: VeyraPrototype
2026-10-10 10:02:01.321 Df loginwindow[599:632e8c] [com.apple.loginwindow.logging:TAL] -[PersistentAppsSupport saveLogoutPersistentState:finalSnapshot:] |           Adding to relaunchArray: VeyraPrototype
2026-10-10 10:02:01.323 Df loginwindow[599:632e8c] [com.apple.loginwindow.logging:TAL] -[PersistentAppsSupport saveLogoutPersistentState:finalSnapshot:] |           Contents:(
        {
        BackgroundState = 2;
        BundleID = "com.openai.codex";
        Hide = 0;
        Path = "/Applications/ChatGPT.app";
    },
        {
        BackgroundState = 2;
        BundleID = "me.veyra.gpui-prototype";
        Hide = 0;
        Path = "/Users/lifeilin/Downloads/Veyra-P0-08-first-open-20261010/VeyraPrototype.app";
    },
        {
        BackgroundState = 2;
        BundleID = "com.apple.systempreferences";
        Hide = 0;
        Path = "/System/Applications/System Settings.app";
    },
        {
        BackgroundState = 2;
        BundleID = "com.apple.finder";
        Hide = 0;
        Path = "/System/Library/CoreServices/Finder.app";
    },
        {
        BackgroundState = 2;
        BundleID = "com.microsoft.edgemac";
        Hide = 0;
        Path = "/Applications/Microsoft Edge.app";
    },
        {
        BackgroundState = 2;
        BundleID = "io.github.lifei6671.serena-desktop";
        Hide = 0;
        Path = "/Applications/Serena Desktop.app";
    },
        {
        BackgroundState = 2;
        BundleID = "com.jetbrains.rustrover";
        Hide = 0;
        Path = "/Users/lifeilin/Applications/RustRover.app";
    },
        {
        BackgroundState = 2;
        BundleID = "com.googlecode.iterm2";
        Hide = 0;
        Path = "/Applications/iTerm.app";
    },
        {
        BackgroundState = 2;
        BundleID = "com.microsoft.vscode";
        Hide = 0;
        Path = "/Applications/Visual Studio Code.app";
    },
        {
        BackgroundState = 3;
        BundleID = "com.nebula.karing";
        Hide = 0;
        Path = "/Applications/Karing.app";
    },
        {
        BackgroundState = 2;
        BundleID = "com.apple.preview";
        Hide = 0;
        Path = "/System/Applications/Preview.app";
    },
        {
        BackgroundState = 3;
        BundleID = "com.6x.dockx";
        Hide = 0;
        Path = "/Applications/DockX.app";
    },
        {
        BackgroundState = 2;
        BundleID = "com.apple.activitymonitor";
        Hide = 0;
        Path = "/System/Applications/Utilities/Activity Monitor.app";
    }
)
2026-10-10 10:02:03.355 Df veyra-gpui-prototype[16877:651933] [com.apple.launchservices:db] NotifyToken::RegisterDispatch(user.uid.501.com.apple.LaunchServices.database) fired for session key <private>
2026-10-10 10:02:06.312 Df veyra-gpui-prototype[16877:651931] [com.apple.launchservices:default] LSExceptions idle-timer fired, invalidating shared instance.
2026-10-10 10:02:08.332 Df replayd[1168:64f46d] [com.apple.runningboard:process] Hit the server for a process handle 4ef7956000041fd that resolved to: [xpcservice<com.apple.appkit.xpc.ThemeWidgetControlViewService([app<application.me.veyra.gpui-prototype.35334998.35335004(501)>:16877])(501)>{vt hash: 0}{definition:com.apple.appkit.xpc.ThemeWidgetControlViewService[standard][client]}:16893:16893]
2026-10-10 10:02:08.332 Df replayd[1168:64f46d] [com.apple.runningboard:process] Hit the server for a process handle 90cb817000041fc that resolved to: [xpcservice<com.apple.SafariPlatformSupport.Helper([app<application.me.veyra.gpui-prototype.35334998.35335004(501)>:16877])(501)>{vt hash: 0}{definition:com.apple.SafariPlatformSupport.Helper[standard][client]}:16892:16892]
2026-10-10 10:02:08.339 Df replayd[1168:64f46a] [com.apple.runningboard:monitor] Received state update for 16892 (xpcservice<com.apple.SafariPlatformSupport.Helper([app<application.me.veyra.gpui-prototype.35334998.35335004(501)>:16877])(501)>{vt hash: 0}{definition:com.apple.SafariPlatformSupport.Helper[standard][client]}:16892, running-NotVisible
2026-10-10 10:02:08.339 Df replayd[1168:64f46a] [com.apple.runningboard:monitor] Received state update for 16893 (xpcservice<com.apple.appkit.xpc.ThemeWidgetControlViewService([app<application.me.veyra.gpui-prototype.35334998.35335004(501)>:16877])(501)>{vt hash: 0}{definition:com.apple.appkit.xpc.ThemeWidgetControlViewService[standard][client]}:16893, running-NotVisible
2026-10-10 10:02:08.343 Df veyra-gpui-prototype[16877:651934] [com.apple.xpc:connection] [0x76fd9b1e00] activating connection: mach=false listener=false peer=false name=com.apple.appkit.xpc.ThemeWidgetControlViewService
2026-10-10 10:02:08.343 Df veyra-gpui-prototype[16877:651931] [com.apple.xpc:connection] [0x76fd9b1e00] invalidated after the last release of the connection object
2026-10-10 10:02:08.343 F  veyra-gpui-prototype[16877:651810] [com.apple.runtime-issues:AppKit] Invalid view geometry: width is negative.
2026-10-10 10:02:08.343 A  veyra-gpui-prototype[16877:651810] (libsystem_trace.dylib) Activity for state dumps
2026-10-10 10:02:08.343 F  veyra-gpui-prototype[16877:651810] [com.apple.runtime-issues:AppKit] Invalid view geometry: height is negative.
2026-10-10 10:02:08.343 A  veyra-gpui-prototype[16877:651810] (libsystem_trace.dylib) Activity for state dumps
2026-10-10 10:02:08.343 F  veyra-gpui-prototype[16877:651810] [com.apple.runtime-issues:AppKit] Invalid view geometry: width is negative.
2026-10-10 10:02:08.343 A  veyra-gpui-prototype[16877:651810] (libsystem_trace.dylib) Activity for state dumps
2026-10-10 10:02:08.343 F  veyra-gpui-prototype[16877:651810] [com.apple.runtime-issues:AppKit] Invalid view geometry: height is negative.
2026-10-10 10:02:08.343 A  veyra-gpui-prototype[16877:651810] (libsystem_trace.dylib) Activity for state dumps
2026-10-10 10:02:08.344 Df veyra-gpui-prototype[16877:651810] [com.apple.xpc:connection] [0x76fd9b2080] activating connection: mach=false listener=false peer=false name=(anonymous)
2026-10-10 10:02:08.344 Df veyra-gpui-prototype[16877:651810] [com.apple.xpc:connection] [0x76fd9b1e00] activating connection: mach=false listener=false peer=false name=(anonymous)
2026-10-10 10:02:08.345 F  veyra-gpui-prototype[16877:651810] [com.apple.runtime-issues:AppKit] Invalid view geometry: width is negative.
2026-10-10 10:02:08.345 A  veyra-gpui-prototype[16877:651810] (libsystem_trace.dylib) Activity for state dumps
2026-10-10 10:02:08.345 F  veyra-gpui-prototype[16877:651810] [com.apple.runtime-issues:AppKit] Invalid view geometry: height is negative.
2026-10-10 10:02:08.345 A  veyra-gpui-prototype[16877:651810] (libsystem_trace.dylib) Activity for state dumps
2026-10-10 10:02:08.362 Sd veyra-gpui-prototype[16877:0] (2688AFBC-5C39-3132-BCF5-8D00D32D7615) com.apple.appkit:StatusBar
{
    items =     (
                {
            activeState = 1;
            appearance = NSAppearanceNameDarkAqua;
            autosaveName = "Item-0";
            class = NSSceneStatusItem;
            hostWindowID = 0;
            isVisible = 1;
            statusItemSceneIdentifier = "398BFD23-D894-4480-B5B2-20A19547E560";
            variantSceneIdentifier = "398BFD23-D894-4480-B5B2-20A19547E560-Variant[Presentation]";
            windowNumber = 100000000;
            windowWidth = 34;
        }
    );
}
2026-10-10 10:02:08.829 A  veyra-gpui-prototype[16877:651931] (CoreSpotlight) end-index-batch
2026-10-10 10:02:08.829 A  veyra-gpui-prototype[16877:651931] (CoreSpotlight) index-items
2026-10-10 10:02:08.829 Df veyra-gpui-prototype[16877:651931] [com.apple.corespotlight:index] Submitting donation: <private> (1210 bytes with 0 enqueued)
2026-10-10 10:02:08.829 Df veyra-gpui-prototype[16877:651934] [com.apple.corespotlight:index] Performing donation: <private>
2026-10-10 10:02:08.830 Df veyra-gpui-prototype[16877:651934] [com.apple.xpc:connection] [0x76fd9b2300] activating connection: mach=false listener=false peer=false name=com.apple.SetStoreUpdateService
2026-10-10 10:02:08.830 Df veyra-gpui-prototype[16877:651934] [com.apple.Biome:BiomeCascade] Requesting new set donation <private>
2026-10-10 10:02:08.830 Df veyra-gpui-prototype[16877:651931] [com.apple.xpc:connection] [0x76fd9b2300] Re-initialization successful; calling out to event handler with XPC_ERROR_CONNECTION_INTERRUPTED
2026-10-10 10:02:08.830 Df veyra-gpui-prototype[16877:651931] [com.apple.xpc:connection] [0x76fd9b2300] invalidated because the current process cancelled the connection by calling xpc_connection_cancel()
2026-10-10 10:02:08.830 Df veyra-gpui-prototype[16877:651934] [com.apple.Biome:BiomeCascade] Service responded to request for new donation <private> with None
2026-10-10 10:02:08.830 Df veyra-gpui-prototype[16877:651934] [com.apple.corespotlight:index] Completed donation: <private> result: Error Domain=CSIndexErrorDomain Code=-1000 "Failed to request donation" UserInfo={NSDebugDescription=Failed to request donation, NSUnderlyingError=0x76fe433c30 {Error Domain=NSCocoaErrorDomain Code=4099 UserInfo={NSDebugDescription=<private>}}}
2026-10-10 10:02:11.758 Df veyra-gpui-prototype[16877:651810] [com.apple.xpc:connection] [0x76fd9b1e00] invalidated because the current process cancelled the connection by calling xpc_connection_cancel()
2026-10-10 10:02:11.758 Df veyra-gpui-prototype[16877:651810] [com.apple.xpc:connection] [0x76fd9b2080] invalidated because the current process cancelled the connection by calling xpc_connection_cancel()
2026-10-10 10:02:11.829 Df veyra-gpui-prototype[16877:6518f1] [com.apple.xpc:connection] [0x76fd9b21c0] activating connection: mach=false listener=false peer=false name=com.apple.appkit.xpc.ThemeWidgetControlViewService
2026-10-10 10:02:11.829 F  veyra-gpui-prototype[16877:651810] [com.apple.runtime-issues:AppKit] Invalid view geometry: width is negative.
2026-10-10 10:02:11.829 A  veyra-gpui-prototype[16877:651810] (libsystem_trace.dylib) Activity for state dumps
2026-10-10 10:02:11.829 F  veyra-gpui-prototype[16877:651810] [com.apple.runtime-issues:AppKit] Invalid view geometry: height is negative.
2026-10-10 10:02:11.829 A  veyra-gpui-prototype[16877:651810] (libsystem_trace.dylib) Activity for state dumps
2026-10-10 10:02:11.829 F  veyra-gpui-prototype[16877:651810] [com.apple.runtime-issues:AppKit] Invalid view geometry: width is negative.
2026-10-10 10:02:11.829 A  veyra-gpui-prototype[16877:651810] (libsystem_trace.dylib) Activity for state dumps
2026-10-10 10:02:11.829 F  veyra-gpui-prototype[16877:651810] [com.apple.runtime-issues:AppKit] Invalid view geometry: height is negative.
2026-10-10 10:02:11.829 A  veyra-gpui-prototype[16877:651810] (libsystem_trace.dylib) Activity for state dumps
2026-10-10 10:02:11.829 Df veyra-gpui-prototype[16877:651934] [com.apple.xpc:connection] [0x76fd9b21c0] invalidated after the last release of the connection object
2026-10-10 10:02:11.832 Df replayd[1168:64aacf] [com.apple.runningboard:process] Hit the server for a process handle 4ef7956000041fd that resolved to: [xpcservice<com.apple.appkit.xpc.ThemeWidgetControlViewService([app<application.me.veyra.gpui-prototype.35334998.35335004(501)>:16877])(501)>{vt hash: 0}{definition:com.apple.appkit.xpc.ThemeWidgetControlViewService[standard][client]}:16893:16893]
2026-10-10 10:02:11.832 Df replayd[1168:64aacf] [com.apple.runningboard:process] Hit the server for a process handle 90cb817000041fc that resolved to: [xpcservice<com.apple.SafariPlatformSupport.Helper([app<application.me.veyra.gpui-prototype.35334998.35335004(501)>:16877])(501)>{vt hash: 0}{definition:com.apple.SafariPlatformSupport.Helper[standard][client]}:16892:16892]
2026-10-10 10:02:11.834 Df veyra-gpui-prototype[16877:651810] [com.apple.xpc:connection] [0x76fd9b2080] activating connection: mach=false listener=false peer=false name=(anonymous)
2026-10-10 10:02:11.834 Df veyra-gpui-prototype[16877:651810] [com.apple.xpc:connection] [0x76fd9b21c0] activating connection: mach=false listener=false peer=false name=(anonymous)
2026-10-10 10:02:11.834 F  veyra-gpui-prototype[16877:651810] [com.apple.runtime-issues:AppKit] Invalid view geometry: width is negative.
2026-10-10 10:02:11.834 A  veyra-gpui-prototype[16877:651810] (libsystem_trace.dylib) Activity for state dumps
2026-10-10 10:02:11.834 F  veyra-gpui-prototype[16877:651810] [com.apple.runtime-issues:AppKit] Invalid view geometry: height is negative.
2026-10-10 10:02:11.834 A  veyra-gpui-prototype[16877:651810] (libsystem_trace.dylib) Activity for state dumps
2026-10-10 10:02:11.839 Sd veyra-gpui-prototype[16877:0] (2688AFBC-5C39-3132-BCF5-8D00D32D7615) com.apple.appkit:StatusBar
{
    items =     (
                {
            activeState = 1;
            appearance = NSAppearanceNameDarkAqua;
            autosaveName = "Item-0";
            class = NSSceneStatusItem;
            hostWindowID = 0;
            isVisible = 1;
            statusItemSceneIdentifier = "398BFD23-D894-4480-B5B2-20A19547E560";
            variantSceneIdentifier = "398BFD23-D894-4480-B5B2-20A19547E560-Variant[Presentation]";
            windowNumber = 100000000;
            windowWidth = 34;
        }
    );
}
2026-10-10 10:02:11.839 Df replayd[1168:64f4ea] [com.apple.runningboard:monitor] Received state update for 16892 (xpcservice<com.apple.SafariPlatformSupport.Helper([app<application.me.veyra.gpui-prototype.35334998.35335004(501)>:16877])(501)>{vt hash: 0}{definition:com.apple.SafariPlatformSupport.Helper[standard][client]}:16892, running-NotVisible
2026-10-10 10:02:11.839 Df replayd[1168:64f4ea] [com.apple.runningboard:monitor] Received state update for 16893 (xpcservice<com.apple.appkit.xpc.ThemeWidgetControlViewService([app<application.me.veyra.gpui-prototype.35334998.35335004(501)>:16877])(501)>{vt hash: 0}{definition:com.apple.appkit.xpc.ThemeWidgetControlViewService[standard][client]}:16893, running-NotVisible
2026-10-10 10:02:11.946 Df veyra-gpui-prototype[16877:651810] [com.apple.xpc:connection] [0x76fd9b1900] invalidated because the current process cancelled the connection by calling xpc_connection_cancel()
2026-10-10 10:02:11.946 Df veyra-gpui-prototype[16877:651810] [com.apple.xpc:connection] [0x76fd9b17c0] invalidated because the current process cancelled the connection by calling xpc_connection_cancel()
2026-10-10 10:02:12.259 A  veyra-gpui-prototype[16877:6518f1] (CoreSpotlight) end-index-batch
2026-10-10 10:02:12.260 A  veyra-gpui-prototype[16877:6518f1] (CoreSpotlight) index-items
2026-10-10 10:02:12.260 Df veyra-gpui-prototype[16877:6518f1] [com.apple.corespotlight:index] Submitting donation: <private> (1210 bytes with 0 enqueued)
2026-10-10 10:02:12.260 Df veyra-gpui-prototype[16877:651931] [com.apple.corespotlight:index] Performing donation: <private>
2026-10-10 10:02:12.260 Df veyra-gpui-prototype[16877:651931] [com.apple.xpc:connection] [0x76fd9b17c0] activating connection: mach=false listener=false peer=false name=com.apple.SetStoreUpdateService
2026-10-10 10:02:12.260 Df veyra-gpui-prototype[16877:651931] [com.apple.Biome:BiomeCascade] Requesting new set donation <private>
2026-10-10 10:02:12.260 Df veyra-gpui-prototype[16877:6518f1] [com.apple.xpc:connection] [0x76fd9b17c0] Re-initialization successful; calling out to event handler with XPC_ERROR_CONNECTION_INTERRUPTED
2026-10-10 10:02:12.260 Df veyra-gpui-prototype[16877:6518f1] [com.apple.xpc:connection] [0x76fd9b17c0] invalidated because the current process cancelled the connection by calling xpc_connection_cancel()
2026-10-10 10:02:12.261 Df veyra-gpui-prototype[16877:651931] [com.apple.Biome:BiomeCascade] Service responded to request for new donation <private> with None
2026-10-10 10:02:12.261 Df veyra-gpui-prototype[16877:651931] [com.apple.corespotlight:index] Completed donation: <private> result: Error Domain=CSIndexErrorDomain Code=-1000 "Failed to request donation" UserInfo={NSDebugDescription=Failed to request donation, NSUnderlyingError=0x76fe432610 {Error Domain=NSCocoaErrorDomain Code=4099 UserInfo={NSDebugDescription=<private>}}}
2026-10-10 10:02:21.329 Df runningboardd[601:65105a] [com.apple.runningboard:ttl] Acquiring assertion targeting [app<application.me.veyra.gpui-prototype.35334998.35335004(501)>:16877] from originator [osservice<com.apple.coreservices.launchservicesd>:567] with description <RBSAssertionDescriptor| "frontmost:16877" ID:601-567-62343 target:16877 attributes:[
	<RBSDomainAttribute| domain:"com.apple.launchservicesd" name:"RoleUserInteractiveFocal" sourceEnvironment:"(null)">
	]>
2026-10-10 10:02:21.329 Df runningboardd[601:65105a] [com.apple.runningboard:ttl] Assertion 601-567-62343 (target:[app<application.me.veyra.gpui-prototype.35334998.35335004(501)>:16877]) will be created as active
2026-10-10 10:02:21.329 Df WindowServer[595:12b3] [com.apple.SkyLight.processes:Focus] 81dfb[SetFrontProcess]: [DeferringManager] Updating policy {
    advicePolicy: .frontmost;
    frontmostProcess: 0x0-0x3d33d3 (VeyraPrototype) mainConnectionID: 1B7EB7;
} for reason: updated frontmost process
2026-10-10 10:02:21.329 Df WindowServer[595:12b3] [com.apple.SkyLight.processes:Focus] 81dfb[SetFrontProcess]: [DeferringManager] Deferring events from frontmost process PSN 0x0-0x3d33d3 (VeyraPrototype) -> <pid: 16877>
2026-10-10 10:02:21.329 Df WindowServer[595:12b3] [com.apple.BackBoard:EventDelivery] new deferring rules for pid:595: [
    [595-16E5]; <keyboardFocus; VeyraPrototype:0x0-0x3d33d3> -> <pid: 16877>; reason: frontmost PSN --> outbound target,
    [595-16E4]; <keyboardFocus; <frontmost>> -> <token: VeyraPrototype:0x0-0x3d33d3; pid: 595>; reason: frontmost PSN,
    [595-16E3]; <keyboardFocus> -> <token: <frontmost>; pid: 595>; reason: Deferring to <frontmost>
]
2026-10-10 10:02:21.329 Df WindowServer[595:12b3] [com.apple.BackBoard:EventDelivery] [<keyboardFocus> 0x75b6da4d90] setRules:forPID(595) generation: 12731: [
    [595-16E5]; <keyboardFocus; VeyraPrototype:0x0-0x3d33d3> -> <pid: 16877>; reason: frontmost PSN --> outbound target,
    [595-16E4]; <keyboardFocus; <frontmost>> -> <token: VeyraPrototype:0x0-0x3d33d3; pid: 595>; reason: frontmost PSN,
    [595-16E3]; <keyboardFocus> -> <token: <frontmost>; pid: 595>; reason: Deferring to <frontmost>
]
2026-10-10 10:02:21.329 Df runningboardd[601:651816] [com.apple.runningboard:ttl] Acquiring assertion targeting [app<application.me.veyra.gpui-prototype.35334998.35335004(501)>:16877] from originator [osservice<com.apple.coreservices.launchservicesd>:567] with description <RBSAssertionDescriptor| "notification:16877" ID:601-567-62344 target:16877 attributes:[
	<RBSDomainAttribute| domain:"com.apple.launchservicesd" name:"LSNotification" sourceEnvironment:"(null)">
	]>
2026-10-10 10:02:21.329 Df runningboardd[601:651816] [com.apple.runningboard:ttl] Assertion 601-567-62344 (target:[app<application.me.veyra.gpui-prototype.35334998.35335004(501)>:16877]) will be created as active
2026-10-10 10:02:21.329 Df runningboardd[601:65195e] [com.apple.runningboard:process] [app<application.me.veyra.gpui-prototype.35334998.35335004(501)>:16877] Ignoring jetsam update because this process is not memory-managed
2026-10-10 10:02:21.329 Df runningboardd[601:65195e] [com.apple.runningboard:process] [app<application.me.veyra.gpui-prototype.35334998.35335004(501)>:16877] Ignoring suspend because this process is not lifecycle managed
2026-10-10 10:02:21.329 Df WindowServer[595:12b3] [com.apple.BackBoard:EventDelivery] chain did update (setDeferringRules) <<keyboardFocus>; generation: 12731; finalStringTargetIndex: 3> containsEndOfChain: YES; [
    <token: <frontmost>; pid: 595>,
    <token: VeyraPrototype:0x0-0x3d33d3; pid: 595>,
    <pid: 16877>,
    <token: viewbridge-key-window; pid: 16877>
]
2026-10-10 10:02:21.329 Df runningboardd[601:65195e] [com.apple.runningboard:ttl] [app<application.me.veyra.gpui-prototype.35334998.35335004(501)>:16877] Set darwin role to: UserInteractiveFocal
2026-10-10 10:02:21.329 Df runningboardd[601:65195e] [com.apple.runningboard:process] [app<application.me.veyra.gpui-prototype.35334998.35335004(501)>:16877] Ignoring GPU update because this process is not GPU managed
2026-10-10 10:02:21.329 Df runningboardd[601:65195e] [com.apple.runningboard:process] [app<application.me.veyra.gpui-prototype.35334998.35335004(501)>:16877] Ignoring memory limit update because this process is not memory-managed
2026-10-10 10:02:21.329 Df runningboardd[601:65105a] [com.apple.runningboard:monitor] Calculated state for app<application.me.veyra.gpui-prototype.35334998.35335004(501)>: running-active (role: UserInteractiveFocal) (endowments: <private>)
2026-10-10 10:02:21.329 A  veyra-gpui-prototype[16877:6518f1] (RunningBoardServices) didChangeInheritances
2026-10-10 10:02:21.329 Df runningboardd[601:65195e] [com.apple.runningboard:process] [app<application.me.veyra.gpui-prototype.35334998.35335004(501)>:16877] Ignoring jetsam update because this process is not memory-managed
2026-10-10 10:02:21.329 Df runningboardd[601:65195e] [com.apple.runningboard:process] [app<application.me.veyra.gpui-prototype.35334998.35335004(501)>:16877] Ignoring suspend because this process is not lifecycle managed
2026-10-10 10:02:21.329 Df runningboardd[601:65195e] [com.apple.runningboard:process] [app<application.me.veyra.gpui-prototype.35334998.35335004(501)>:16877] Ignoring GPU update because this process is not GPU managed
2026-10-10 10:02:21.329 Df runningboardd[601:65195e] [com.apple.runningboard:process] [app<application.me.veyra.gpui-prototype.35334998.35335004(501)>:16877] Ignoring memory limit update because this process is not memory-managed
2026-10-10 10:02:21.329 Df MenuBarAgent[1108:651915] [com.apple.runningboard:monitor] Received state update for 16877 (app<application.me.veyra.gpui-prototype.35334998.35335004(501)>, running-active-NotVisible
2026-10-10 10:02:21.329 Df gamepolicyd[755:65167c] [com.apple.runningboard:monitor] Received state update for 16877 (app<application.me.veyra.gpui-prototype.35334998.35335004(501)>, running-active-NotVisible
2026-10-10 10:02:21.329 Df runningboardd[601:651816] [com.apple.runningboard:monitor] Calculated state for app<application.me.veyra.gpui-prototype.35334998.35335004(501)>: running-active (role: UserInteractiveFocal) (endowments: <private>)
2026-10-10 10:02:21.330 Df MenuBarAgent[1108:651c10] [com.apple.runningboard:monitor] Received state update for 16877 (app<application.me.veyra.gpui-prototype.35334998.35335004(501)>, running-active-NotVisible
2026-10-10 10:02:21.330 Df gamepolicyd[755:651c11] [com.apple.runningboard:monitor] Received state update for 16877 (app<application.me.veyra.gpui-prototype.35334998.35335004(501)>, running-active-NotVisible
2026-10-10 10:02:21.330 Df runningboardd[601:65195d] [com.apple.runningboard:ttl] Acquiring assertion targeting [app<application.me.veyra.gpui-prototype.35334998.35335004(501)>:16877] from originator [osservice<com.apple.WindowServer(88)>:595] with description <RBSAssertionDescriptor| "FUSBFrontmostProcess" ID:601-595-62345 target:16877 attributes:[
	<RBSDomainAttribute| domain:"com.apple.fuseboard" name:"Frontmost" sourceEnvironment:"(null)">,
	<RBSAcquisitionCompletionAttribute| policy:AfterApplication>
	]>
2026-10-10 10:02:21.330 Df runningboardd[601:65195d] [com.apple.runningboard:ttl] Assertion 601-595-62345 (target:[app<application.me.veyra.gpui-prototype.35334998.35335004(501)>:16877]) will be created as active
2026-10-10 10:02:21.330 Df runningboardd[601:65105a] [com.apple.runningboard:process] [app<application.me.veyra.gpui-prototype.35334998.35335004(501)>:16877] Ignoring jetsam update because this process is not memory-managed
2026-10-10 10:02:21.330 Df runningboardd[601:65105a] [com.apple.runningboard:process] [app<application.me.veyra.gpui-prototype.35334998.35335004(501)>:16877] Ignoring suspend because this process is not lifecycle managed
2026-10-10 10:02:21.330 Df runningboardd[601:65105a] [com.apple.runningboard:process] [app<application.me.veyra.gpui-prototype.35334998.35335004(501)>:16877] Ignoring GPU update because this process is not GPU managed
2026-10-10 10:02:21.330 Df runningboardd[601:65105a] [com.apple.runningboard:process] [app<application.me.veyra.gpui-prototype.35334998.35335004(501)>:16877] Ignoring memory limit update because this process is not memory-managed
2026-10-10 10:02:21.330 Df runningboardd[601:651816] [com.apple.runningboard:monitor] Calculated state for app<application.me.veyra.gpui-prototype.35334998.35335004(501)>: running-active (role: UserInteractiveFocal) (endowments: <private>)
2026-10-10 10:02:21.330 A  veyra-gpui-prototype[16877:6518f1] (RunningBoardServices) didChangeInheritances
2026-10-10 10:02:21.331 Df MenuBarAgent[1108:651915] [com.apple.runningboard:monitor] Received state update for 16877 (app<application.me.veyra.gpui-prototype.35334998.35335004(501)>, running-active-NotVisible
2026-10-10 10:02:21.331 Df gamepolicyd[755:65167c] [com.apple.runningboard:monitor] Received state update for 16877 (app<application.me.veyra.gpui-prototype.35334998.35335004(501)>, running-active-NotVisible
2026-10-10 10:02:21.345 A  veyra-gpui-prototype[16877:651810] (CoreFoundation) Loading Preferences From User CFPrefsD
2026-10-10 10:02:21.355 Df veyra-gpui-prototype[16877:6518f1] [com.apple.xpc:connection] [0x76fd9b1900] activating connection: mach=false listener=false peer=false name=com.apple.TextInputUI.xpc.CursorUIViewService
2026-10-10 10:02:21.355 Df veyra-gpui-prototype[16877:6518f1] [com.apple.xpc:connection] [0x76fd9b1900] invalidated after the last release of the connection object
2026-10-10 10:02:21.356 Df veyra-gpui-prototype[16877:651810] [com.apple.xpc:connection] [0x76fd9b0b40] activating connection: mach=false listener=false peer=false name=(anonymous)
2026-10-10 10:02:21.357 Df veyra-gpui-prototype[16877:651810] [com.apple.xpc:connection] [0x76fd9b1900] activating connection: mach=false listener=false peer=false name=(anonymous)
2026-10-10 10:02:21.375 Df veyra-gpui-prototype[16877:651931] [com.apple.xpc:connection] [0x76fd9b17c0] activating connection: mach=false listener=false peer=false name=com.apple.appkit.xpc.ThemeWidgetControlViewService
2026-10-10 10:02:21.375 Df veyra-gpui-prototype[16877:651931] [com.apple.xpc:connection] [0x76fd9b17c0] invalidated after the last release of the connection object
2026-10-10 10:02:21.376 Df veyra-gpui-prototype[16877:651810] [com.apple.xpc:connection] [0x76fd9b0a00] activating connection: mach=false listener=false peer=false name=(anonymous)
2026-10-10 10:02:21.376 Df veyra-gpui-prototype[16877:651810] [com.apple.xpc:connection] [0x76fd9b17c0] activating connection: mach=false listener=false peer=false name=(anonymous)
2026-10-10 10:02:21.387 Df veyra-gpui-prototype[16877:651810] [com.apple.TextInputUI:CursorUI] -[TUINSCursorUIController activate:]_block_invoke: Create CursorUIViewService: TUINSRemoteViewController
2026-10-10 10:02:21.387 Df veyra-gpui-prototype[16877:651810] [com.apple.xpc:connection] [0x76fd9b1400] invalidated because the current process cancelled the connection by calling xpc_connection_cancel()
2026-10-10 10:02:21.387 Df veyra-gpui-prototype[16877:651810] [com.apple.xpc:connection] [0x76fd9b12c0] invalidated because the current process cancelled the connection by calling xpc_connection_cancel()
2026-10-10 10:02:21.387 E  veyra-gpui-prototype[16877:651810] [com.apple.TextInputUI:CursorUI] ViewBridge to RemoteViewService Terminated: Error Domain=com.apple.ViewBridge.error Code=18 UserInfo={com.apple.ViewBridge.error.hint=this process disconnected remote view controller -- benign unless unexpected, com.apple.ViewBridge.error.description=NSViewBridgeErrorCanceled}
2026-10-10 10:02:21.392 Df WindowServer[595:12b3] [com.apple.BackBoard:EventDelivery] chain did update (setDeferringRules) <<keyboardFocus>; generation: 12732; finalStringTargetIndex: 3> containsEndOfChain: YES; [
    <token: <frontmost>; pid: 595>,
    <token: VeyraPrototype:0x0-0x3d33d3; pid: 595>,
    <pid: 16877>,
    <token: viewbridge-key-window; pid: 16877>
]
2026-10-10 10:02:21.392 Df WindowServer[595:12b3] [com.apple.BackBoard:EventDelivery] chain did update (setDeferringRules) <<keyboardFocus>; generation: 12733; finalStringTargetIndex: 3> containsEndOfChain: YES; [
    <token: <frontmost>; pid: 595>,
    <token: VeyraPrototype:0x0-0x3d33d3; pid: 595>,
    <pid: 16877>,
    <token: viewbridge-key-window; pid: 16877>
]
2026-10-10 10:02:21.837 A  veyra-gpui-prototype[16877:6518f9] (CoreSpotlight) end-index-batch
2026-10-10 10:02:21.837 A  veyra-gpui-prototype[16877:6518f9] (CoreSpotlight) index-items
2026-10-10 10:02:21.838 Df veyra-gpui-prototype[16877:6518f9] [com.apple.corespotlight:index] Submitting donation: <private> (1210 bytes with 0 enqueued)
2026-10-10 10:02:21.838 Df veyra-gpui-prototype[16877:6518f1] [com.apple.corespotlight:index] Performing donation: <private>
2026-10-10 10:02:21.838 Df veyra-gpui-prototype[16877:6518f1] [com.apple.xpc:connection] [0x76fd9b12c0] activating connection: mach=false listener=false peer=false name=com.apple.SetStoreUpdateService
2026-10-10 10:02:21.838 Df veyra-gpui-prototype[16877:6518f1] [com.apple.Biome:BiomeCascade] Requesting new set donation <private>
2026-10-10 10:02:21.838 Df veyra-gpui-prototype[16877:6518f9] [com.apple.xpc:connection] [0x76fd9b12c0] Re-initialization successful; calling out to event handler with XPC_ERROR_CONNECTION_INTERRUPTED
2026-10-10 10:02:21.838 Df veyra-gpui-prototype[16877:6518f9] [com.apple.xpc:connection] [0x76fd9b12c0] invalidated because the current process cancelled the connection by calling xpc_connection_cancel()
2026-10-10 10:02:21.838 Df veyra-gpui-prototype[16877:6518f1] [com.apple.Biome:BiomeCascade] Service responded to request for new donation <private> with None
2026-10-10 10:02:21.838 Df veyra-gpui-prototype[16877:6518f1] [com.apple.corespotlight:index] Completed donation: <private> result: Error Domain=CSIndexErrorDomain Code=-1000 "Failed to request donation" UserInfo={NSDebugDescription=Failed to request donation, NSUnderlyingError=0x76fe4304e0 {Error Domain=NSCocoaErrorDomain Code=4099 UserInfo={NSDebugDescription=<private>}}}
2026-10-10 10:02:23.070 Df runningboardd[601:65195d] [com.apple.runningboard:ttl] Invalidating assertion 601-567-62343 (target:[app<application.me.veyra.gpui-prototype.35334998.35335004(501)>:16877]) from originator [osservice<com.apple.coreservices.launchservicesd>:567]
2026-10-10 10:02:23.072 Df runningboardd[601:65195f] [com.apple.runningboard:ttl] Invalidating assertion 601-595-62345 (target:[app<application.me.veyra.gpui-prototype.35334998.35335004(501)>:16877]) from originator [osservice<com.apple.WindowServer(88)>:595]
2026-10-10 10:02:23.095 A  veyra-gpui-prototype[16877:651810] (CoreFoundation) Loading Preferences From User CFPrefsD
2026-10-10 10:02:23.176 Df runningboardd[601:65195e] [com.apple.runningboard:process] [app<application.me.veyra.gpui-prototype.35334998.35335004(501)>:16877] Ignoring jetsam update because this process is not memory-managed
2026-10-10 10:02:23.176 Df runningboardd[601:65195e] [com.apple.runningboard:process] [app<application.me.veyra.gpui-prototype.35334998.35335004(501)>:16877] Ignoring suspend because this process is not lifecycle managed
2026-10-10 10:02:23.176 Df runningboardd[601:65195e] [com.apple.runningboard:ttl] [app<application.me.veyra.gpui-prototype.35334998.35335004(501)>:16877] Set darwin role to: UserInteractiveNonFocal
2026-10-10 10:02:23.176 Df runningboardd[601:65195e] [com.apple.runningboard:process] [app<application.me.veyra.gpui-prototype.35334998.35335004(501)>:16877] Ignoring GPU update because this process is not GPU managed
2026-10-10 10:02:23.176 Df runningboardd[601:65195e] [com.apple.runningboard:process] [app<application.me.veyra.gpui-prototype.35334998.35335004(501)>:16877] Ignoring memory limit update because this process is not memory-managed
2026-10-10 10:02:23.176 A  veyra-gpui-prototype[16877:651d02] (RunningBoardServices) didChangeInheritances
2026-10-10 10:02:23.176 Df runningboardd[601:65195d] [com.apple.runningboard:monitor] Calculated state for app<application.me.veyra.gpui-prototype.35334998.35335004(501)>: running-active (role: UserInteractiveNonFocal) (endowments: <private>)
2026-10-10 10:02:23.176 Df MenuBarAgent[1108:651915] [com.apple.runningboard:monitor] Received state update for 16877 (app<application.me.veyra.gpui-prototype.35334998.35335004(501)>, running-active-NotVisible
2026-10-10 10:02:23.176 Df gamepolicyd[755:651c11] [com.apple.runningboard:monitor] Received state update for 16877 (app<application.me.veyra.gpui-prototype.35334998.35335004(501)>, running-active-NotVisible
2026-10-10 10:02:23.182 Df veyra-gpui-prototype[16877:651810] [com.apple.AppKit:StateRestoration] -[NSPersistentUIManager flushAllChanges]
2026-10-10 10:02:23.183 Df veyra-gpui-prototype[16877:651810] [com.apple.AppKit:StateRestoration] -[NSPersistentUIManager flushAllChanges] finishing enqueued operations
2026-10-10 10:02:23.183 Df veyra-gpui-prototype[16877:651d01] [com.apple.AppKit:StateRestoration] -[NSPersistentUIManager flushAllChanges]_block_invoke asyncing to main queue
2026-10-10 10:02:23.183 Df veyra-gpui-prototype[16877:651d02] [com.apple.AppKit:StateRestoration] -[NSPersistentUIManager flushAllChanges]_block_invoke writing records
2026-10-10 10:02:26.356 Df runningboardd[601:65195f] [com.apple.runningboard:assertion] Assertion did invalidate due to timeout: 601-567-62344 (target:[app<application.me.veyra.gpui-prototype.35334998.35335004(501)>:16877])
2026-10-10 10:02:26.426 Df veyra-gpui-prototype[16877:651810] [com.apple.xpc:connection] [0x76fd9b21c0] invalidated because the current process cancelled the connection by calling xpc_connection_cancel()
2026-10-10 10:02:26.426 Df veyra-gpui-prototype[16877:651810] [com.apple.xpc:connection] [0x76fd9b2080] invalidated because the current process cancelled the connection by calling xpc_connection_cancel()
2026-10-10 10:02:26.517 Df replayd[1168:64aacf] [com.apple.runningboard:process] Hit the server for a process handle 4ef7956000041fd that resolved to: [xpcservice<com.apple.appkit.xpc.ThemeWidgetControlViewService([app<application.me.veyra.gpui-prototype.35334998.35335004(501)>:16877])(501)>{vt hash: 0}{definition:com.apple.appkit.xpc.ThemeWidgetControlViewService[standard][client]}:16893:16893]
2026-10-10 10:02:26.517 Df replayd[1168:64aacf] [com.apple.runningboard:process] Hit the server for a process handle 90cb817000041fc that resolved to: [xpcservice<com.apple.SafariPlatformSupport.Helper([app<application.me.veyra.gpui-prototype.35334998.35335004(501)>:16877])(501)>{vt hash: 0}{definition:com.apple.SafariPlatformSupport.Helper[standard][client]}:16892:16892]
2026-10-10 10:02:26.518 Df runningboardd[601:65195d] [com.apple.runningboard:process] [app<application.me.veyra.gpui-prototype.35334998.35335004(501)>:16877] Ignoring jetsam update because this process is not memory-managed
2026-10-10 10:02:26.518 Df runningboardd[601:65195d] [com.apple.runningboard:process] [app<application.me.veyra.gpui-prototype.35334998.35335004(501)>:16877] Ignoring suspend because this process is not lifecycle managed
2026-10-10 10:02:26.518 Df runningboardd[601:65195d] [com.apple.runningboard:process] [app<application.me.veyra.gpui-prototype.35334998.35335004(501)>:16877] Ignoring GPU update because this process is not GPU managed
2026-10-10 10:02:26.518 Df runningboardd[601:65195d] [com.apple.runningboard:process] [app<application.me.veyra.gpui-prototype.35334998.35335004(501)>:16877] Ignoring memory limit update because this process is not memory-managed
2026-10-10 10:02:26.519 Df veyra-gpui-prototype[16877:651d02] [com.apple.xpc:connection] [0x76fd9b2080] activating connection: mach=false listener=false peer=false name=com.apple.appkit.xpc.ThemeWidgetControlViewService
2026-10-10 10:02:26.520 Df runningboardd[601:65195f] [com.apple.runningboard:monitor] Calculated state for app<application.me.veyra.gpui-prototype.35334998.35335004(501)>: running-active (role: UserInteractiveNonFocal) (endowments: <private>)
2026-10-10 10:02:26.520 F  veyra-gpui-prototype[16877:651810] [com.apple.runtime-issues:AppKit] Invalid view geometry: width is negative.
2026-10-10 10:02:26.520 A  veyra-gpui-prototype[16877:651810] (libsystem_trace.dylib) Activity for state dumps
2026-10-10 10:02:26.520 F  veyra-gpui-prototype[16877:651810] [com.apple.runtime-issues:AppKit] Invalid view geometry: height is negative.
2026-10-10 10:02:26.520 A  veyra-gpui-prototype[16877:651810] (libsystem_trace.dylib) Activity for state dumps
2026-10-10 10:02:26.520 Df veyra-gpui-prototype[16877:651d02] [com.apple.xpc:connection] [0x76fd9b2080] invalidated after the last release of the connection object
2026-10-10 10:02:26.520 F  veyra-gpui-prototype[16877:651810] [com.apple.runtime-issues:AppKit] Invalid view geometry: width is negative.
2026-10-10 10:02:26.520 A  veyra-gpui-prototype[16877:651810] (libsystem_trace.dylib) Activity for state dumps
2026-10-10 10:02:26.520 F  veyra-gpui-prototype[16877:651810] [com.apple.runtime-issues:AppKit] Invalid view geometry: height is negative.
2026-10-10 10:02:26.520 A  veyra-gpui-prototype[16877:651810] (libsystem_trace.dylib) Activity for state dumps
2026-10-10 10:02:26.520 Df MenuBarAgent[1108:651915] [com.apple.runningboard:monitor] Received state update for 16877 (app<application.me.veyra.gpui-prototype.35334998.35335004(501)>, running-active-NotVisible
2026-10-10 10:02:26.520 Df veyra-gpui-prototype[16877:651810] [com.apple.xpc:connection] [0x76fd9b21c0] activating connection: mach=false listener=false peer=false name=(anonymous)
2026-10-10 10:02:26.520 Df veyra-gpui-prototype[16877:651810] [com.apple.xpc:connection] [0x76fd9b2080] activating connection: mach=false listener=false peer=false name=(anonymous)
2026-10-10 10:02:26.520 Df gamepolicyd[755:651c11] [com.apple.runningboard:monitor] Received state update for 16877 (app<application.me.veyra.gpui-prototype.35334998.35335004(501)>, running-active-NotVisible
2026-10-10 10:02:26.521 F  veyra-gpui-prototype[16877:651810] [com.apple.runtime-issues:AppKit] Invalid view geometry: width is negative.
2026-10-10 10:02:26.521 A  veyra-gpui-prototype[16877:651810] (libsystem_trace.dylib) Activity for state dumps
2026-10-10 10:02:26.521 F  veyra-gpui-prototype[16877:651810] [com.apple.runtime-issues:AppKit] Invalid view geometry: height is negative.
2026-10-10 10:02:26.521 A  veyra-gpui-prototype[16877:651810] (libsystem_trace.dylib) Activity for state dumps
2026-10-10 10:02:26.525 Df replayd[1168:64f46a] [com.apple.runningboard:monitor] Received state update for 16892 (xpcservice<com.apple.SafariPlatformSupport.Helper([app<application.me.veyra.gpui-prototype.35334998.35335004(501)>:16877])(501)>{vt hash: 0}{definition:com.apple.SafariPlatformSupport.Helper[standard][client]}:16892, running-NotVisible
2026-10-10 10:02:26.525 Df replayd[1168:64f46a] [com.apple.runningboard:monitor] Received state update for 16893 (xpcservice<com.apple.appkit.xpc.ThemeWidgetControlViewService([app<application.me.veyra.gpui-prototype.35334998.35335004(501)>:16877])(501)>{vt hash: 0}{definition:com.apple.appkit.xpc.ThemeWidgetControlViewService[standard][client]}:16893, running-NotVisible
2026-10-10 10:02:26.528 Sd veyra-gpui-prototype[16877:0] (2688AFBC-5C39-3132-BCF5-8D00D32D7615) com.apple.appkit:StatusBar
{
    items =     (
                {
            activeState = 1;
            appearance = NSAppearanceNameDarkAqua;
            autosaveName = "Item-0";
            class = NSSceneStatusItem;
            hostWindowID = 0;
            isVisible = 1;
            statusItemSceneIdentifier = "398BFD23-D894-4480-B5B2-20A19547E560";
            variantSceneIdentifier = "398BFD23-D894-4480-B5B2-20A19547E560-Variant[Presentation]";
            windowNumber = 100000000;
            windowWidth = 34;
        }
    );
}
2026-10-10 10:02:26.930 A  veyra-gpui-prototype[16877:651d00] (CoreSpotlight) end-index-batch
2026-10-10 10:02:26.930 A  veyra-gpui-prototype[16877:651d00] (CoreSpotlight) index-items
2026-10-10 10:02:26.930 Df veyra-gpui-prototype[16877:651d00] [com.apple.corespotlight:index] Submitting donation: <private> (1210 bytes with 0 enqueued)
2026-10-10 10:02:26.930 Df veyra-gpui-prototype[16877:651d02] [com.apple.corespotlight:index] Performing donation: <private>
2026-10-10 10:02:26.930 Df veyra-gpui-prototype[16877:651d02] [com.apple.xpc:connection] [0x76fd9b12c0] activating connection: mach=false listener=false peer=false name=com.apple.SetStoreUpdateService
2026-10-10 10:02:26.930 Df veyra-gpui-prototype[16877:651d02] [com.apple.Biome:BiomeCascade] Requesting new set donation <private>
2026-10-10 10:02:26.930 Df veyra-gpui-prototype[16877:651d00] [com.apple.xpc:connection] [0x76fd9b12c0] Re-initialization successful; calling out to event handler with XPC_ERROR_CONNECTION_INTERRUPTED
2026-10-10 10:02:26.930 Df veyra-gpui-prototype[16877:651d00] [com.apple.xpc:connection] [0x76fd9b12c0] invalidated because the current process cancelled the connection by calling xpc_connection_cancel()
2026-10-10 10:02:26.930 Df veyra-gpui-prototype[16877:651d02] [com.apple.Biome:BiomeCascade] Service responded to request for new donation <private> with None
2026-10-10 10:02:26.931 Df veyra-gpui-prototype[16877:651d02] [com.apple.corespotlight:index] Completed donation: <private> result: Error Domain=CSIndexErrorDomain Code=-1000 "Failed to request donation" UserInfo={NSDebugDescription=Failed to request donation, NSUnderlyingError=0x76fe431230 {Error Domain=NSCocoaErrorDomain Code=4099 UserInfo={NSDebugDescription=<private>}}}
2026-10-10 10:02:31.463 Df veyra-gpui-prototype[16877:651d03] [com.apple.xpc:connection] [0x76fd9b12c0] activating connection: mach=false listener=false peer=false name=com.apple.TextInputUI.xpc.CursorUIViewService
2026-10-10 10:02:31.464 Df veyra-gpui-prototype[16877:651d03] [com.apple.xpc:connection] [0x76fd9b12c0] invalidated after the last release of the connection object
2026-10-10 10:02:31.464 Df veyra-gpui-prototype[16877:651810] [com.apple.xpc:connection] [0x76fd9b2300] activating connection: mach=false listener=false peer=false name=(anonymous)
2026-10-10 10:02:31.464 Df veyra-gpui-prototype[16877:651810] [com.apple.xpc:connection] [0x76fd9b12c0] activating connection: mach=false listener=false peer=false name=(anonymous)
2026-10-10 10:02:31.487 Df veyra-gpui-prototype[16877:651810] [com.apple.TextInputUI:CursorUI] -[TUINSCursorUIController activate:]_block_invoke: Create CursorUIViewService: TUINSRemoteViewController
2026-10-10 10:02:31.487 Df veyra-gpui-prototype[16877:651810] [com.apple.xpc:connection] [0x76fd9b1900] invalidated because the current process cancelled the connection by calling xpc_connection_cancel()
2026-10-10 10:02:31.487 Df veyra-gpui-prototype[16877:651810] [com.apple.xpc:connection] [0x76fd9b0b40] invalidated because the current process cancelled the connection by calling xpc_connection_cancel()
2026-10-10 10:02:31.954 A  veyra-gpui-prototype[16877:651d04] (CoreSpotlight) end-index-batch
2026-10-10 10:02:31.955 A  veyra-gpui-prototype[16877:651d04] (CoreSpotlight) index-items
2026-10-10 10:02:31.955 Df veyra-gpui-prototype[16877:651d04] [com.apple.corespotlight:index] Submitting donation: <private> (1210 bytes with 0 enqueued)
2026-10-10 10:02:31.955 Df veyra-gpui-prototype[16877:6518f9] [com.apple.corespotlight:index] Performing donation: <private>
2026-10-10 10:02:31.955 Df veyra-gpui-prototype[16877:6518f9] [com.apple.xpc:connection] [0x76fd9b1900] activating connection: mach=false listener=false peer=false name=com.apple.SetStoreUpdateService
2026-10-10 10:02:31.955 Df veyra-gpui-prototype[16877:6518f9] [com.apple.Biome:BiomeCascade] Requesting new set donation <private>
2026-10-10 10:02:31.955 Df veyra-gpui-prototype[16877:651d04] [com.apple.xpc:connection] [0x76fd9b1900] Re-initialization successful; calling out to event handler with XPC_ERROR_CONNECTION_INTERRUPTED
2026-10-10 10:02:31.955 Df veyra-gpui-prototype[16877:651d04] [com.apple.xpc:connection] [0x76fd9b1900] invalidated because the current process cancelled the connection by calling xpc_connection_cancel()
2026-10-10 10:02:31.955 Df veyra-gpui-prototype[16877:6518f9] [com.apple.Biome:BiomeCascade] Service responded to request for new donation <private> with None
2026-10-10 10:02:31.955 Df veyra-gpui-prototype[16877:6518f9] [com.apple.corespotlight:index] Completed donation: <private> result: Error Domain=CSIndexErrorDomain Code=-1000 "Failed to request donation" UserInfo={NSDebugDescription=Failed to request donation, NSUnderlyingError=0x76fe4336c0 {Error Domain=NSCocoaErrorDomain Code=4099 UserInfo={NSDebugDescription=<private>}}}
2026-10-10 10:02:32.809 Df veyra-gpui-prototype[16877:651810] [com.apple.xpc:connection] [0x76fd9b2080] invalidated because the current process cancelled the connection by calling xpc_connection_cancel()
2026-10-10 10:02:32.809 Df veyra-gpui-prototype[16877:651810] [com.apple.xpc:connection] [0x76fd9b21c0] invalidated because the current process cancelled the connection by calling xpc_connection_cancel()
2026-10-10 10:02:32.902 Df replayd[1168:64f4ea] [com.apple.runningboard:process] Hit the server for a process handle 4ef7956000041fd that resolved to: [xpcservice<com.apple.appkit.xpc.ThemeWidgetControlViewService([app<application.me.veyra.gpui-prototype.35334998.35335004(501)>:16877])(501)>{vt hash: 0}{definition:com.apple.appkit.xpc.ThemeWidgetControlViewService[standard][client]}:16893:16893]
2026-10-10 10:02:32.902 Df replayd[1168:64f4ea] [com.apple.runningboard:process] Hit the server for a process handle 90cb817000041fc that resolved to: [xpcservice<com.apple.SafariPlatformSupport.Helper([app<application.me.veyra.gpui-prototype.35334998.35335004(501)>:16877])(501)>{vt hash: 0}{definition:com.apple.SafariPlatformSupport.Helper[standard][client]}:16892:16892]
2026-10-10 10:02:32.903 Df veyra-gpui-prototype[16877:651933] [com.apple.xpc:connection] [0x76fd9b1400] activating connection: mach=false listener=false peer=false name=com.apple.appkit.xpc.ThemeWidgetControlViewService
2026-10-10 10:02:32.903 F  veyra-gpui-prototype[16877:651810] [com.apple.runtime-issues:AppKit] Invalid view geometry: width is negative.
2026-10-10 10:02:32.903 A  veyra-gpui-prototype[16877:651810] (libsystem_trace.dylib) Activity for state dumps
2026-10-10 10:02:32.903 F  veyra-gpui-prototype[16877:651810] [com.apple.runtime-issues:AppKit] Invalid view geometry: height is negative.
2026-10-10 10:02:32.903 A  veyra-gpui-prototype[16877:651810] (libsystem_trace.dylib) Activity for state dumps
2026-10-10 10:02:32.904 F  veyra-gpui-prototype[16877:651810] [com.apple.runtime-issues:AppKit] Invalid view geometry: width is negative.
2026-10-10 10:02:32.904 A  veyra-gpui-prototype[16877:651810] (libsystem_trace.dylib) Activity for state dumps
2026-10-10 10:02:32.904 F  veyra-gpui-prototype[16877:651810] [com.apple.runtime-issues:AppKit] Invalid view geometry: height is negative.
2026-10-10 10:02:32.904 A  veyra-gpui-prototype[16877:651810] (libsystem_trace.dylib) Activity for state dumps
2026-10-10 10:02:32.904 Df veyra-gpui-prototype[16877:651d04] [com.apple.xpc:connection] [0x76fd9b1400] invalidated after the last release of the connection object
2026-10-10 10:02:32.910 Df replayd[1168:6506fa] [com.apple.runningboard:monitor] Received state update for 16892 (xpcservice<com.apple.SafariPlatformSupport.Helper([app<application.me.veyra.gpui-prototype.35334998.35335004(501)>:16877])(501)>{vt hash: 0}{definition:com.apple.SafariPlatformSupport.Helper[standard][client]}:16892, running-NotVisible
2026-10-10 10:02:32.910 Df replayd[1168:6506fa] [com.apple.runningboard:monitor] Received state update for 16893 (xpcservice<com.apple.appkit.xpc.ThemeWidgetControlViewService([app<application.me.veyra.gpui-prototype.35334998.35335004(501)>:16877])(501)>{vt hash: 0}{definition:com.apple.appkit.xpc.ThemeWidgetControlViewService[standard][client]}:16893, running-NotVisible
2026-10-10 10:02:32.911 Df veyra-gpui-prototype[16877:651810] [com.apple.xpc:connection] [0x76fd9b21c0] activating connection: mach=false listener=false peer=false name=(anonymous)
2026-10-10 10:02:32.911 Df veyra-gpui-prototype[16877:651810] [com.apple.xpc:connection] [0x76fd9b1400] activating connection: mach=false listener=false peer=false name=(anonymous)
2026-10-10 10:02:32.911 Sd veyra-gpui-prototype[16877:0] (2688AFBC-5C39-3132-BCF5-8D00D32D7615) com.apple.appkit:StatusBar
{
    items =     (
                {
            activeState = 1;
            appearance = NSAppearanceNameDarkAqua;
            autosaveName = "Item-0";
            class = NSSceneStatusItem;
            hostWindowID = 0;
            isVisible = 1;
            statusItemSceneIdentifier = "398BFD23-D894-4480-B5B2-20A19547E560";
            variantSceneIdentifier = "398BFD23-D894-4480-B5B2-20A19547E560-Variant[Presentation]";
            windowNumber = 100000000;
            windowWidth = 34;
        }
    );
}
2026-10-10 10:02:32.912 F  veyra-gpui-prototype[16877:651810] [com.apple.runtime-issues:AppKit] Invalid view geometry: width is negative.
2026-10-10 10:02:32.912 A  veyra-gpui-prototype[16877:651810] (libsystem_trace.dylib) Activity for state dumps
2026-10-10 10:02:32.912 F  veyra-gpui-prototype[16877:651810] [com.apple.runtime-issues:AppKit] Invalid view geometry: height is negative.
2026-10-10 10:02:32.912 A  veyra-gpui-prototype[16877:651810] (libsystem_trace.dylib) Activity for state dumps
2026-10-10 10:02:33.311 A  veyra-gpui-prototype[16877:651d04] (CoreSpotlight) end-index-batch
2026-10-10 10:02:33.311 A  veyra-gpui-prototype[16877:651d04] (CoreSpotlight) index-items
2026-10-10 10:02:33.311 Df veyra-gpui-prototype[16877:6518f9] [com.apple.corespotlight:index] Submitting donation: <private> (1210 bytes with 0 enqueued)
2026-10-10 10:02:33.311 Df veyra-gpui-prototype[16877:651d04] [com.apple.corespotlight:index] Performing donation: <private>
2026-10-10 10:02:33.311 Df veyra-gpui-prototype[16877:651d04] [com.apple.xpc:connection] [0x76fd9b1900] activating connection: mach=false listener=false peer=false name=com.apple.SetStoreUpdateService
2026-10-10 10:02:33.311 Df veyra-gpui-prototype[16877:651d04] [com.apple.Biome:BiomeCascade] Requesting new set donation <private>
2026-10-10 10:02:33.312 Df veyra-gpui-prototype[16877:651933] [com.apple.xpc:connection] [0x76fd9b1900] Re-initialization successful; calling out to event handler with XPC_ERROR_CONNECTION_INTERRUPTED
2026-10-10 10:02:33.312 Df veyra-gpui-prototype[16877:651933] [com.apple.xpc:connection] [0x76fd9b1900] invalidated because the current process cancelled the connection by calling xpc_connection_cancel()
2026-10-10 10:02:33.312 Df veyra-gpui-prototype[16877:651d04] [com.apple.Biome:BiomeCascade] Service responded to request for new donation <private> with None
2026-10-10 10:02:33.312 Df veyra-gpui-prototype[16877:651d04] [com.apple.corespotlight:index] Completed donation: <private> result: Error Domain=CSIndexErrorDomain Code=-1000 "Failed to request donation" UserInfo={NSDebugDescription=Failed to request donation, NSUnderlyingError=0x76fe4334e0 {Error Domain=NSCocoaErrorDomain Code=4099 UserInfo={NSDebugDescription=<private>}}}
2026-10-10 10:02:36.395 Df veyra-gpui-prototype[16877:651810] [com.apple.xpc:connection] [0x76fd9b17c0] invalidated because the current process cancelled the connection by calling xpc_connection_cancel()
2026-10-10 10:02:36.395 Df veyra-gpui-prototype[16877:651810] [com.apple.xpc:connection] [0x76fd9b0a00] invalidated because the current process cancelled the connection by calling xpc_connection_cancel()
2026-10-10 10:02:36.662 A  veyra-gpui-prototype[16877:651810] (CoreFoundation) Loading Preferences From User CFPrefsD
2026-10-10 10:02:36.672 A  veyra-gpui-prototype[16877:651810] (CoreFoundation) Loading Preferences From User CFPrefsD
2026-10-10 10:02:38.117 Df veyra-gpui-prototype[16877:651810] (libMobileGestalt.dylib) Could not get size of EAN data (IOConnectCallScalarMethod kAppleNVMeEANGetSize returned 0xE00002E2)
2026-10-10 10:02:38.117 Df veyra-gpui-prototype[16877:651810] (libMobileGestalt.dylib) Failed to copy 'aptk' from EAN
2026-10-10 10:02:38.117 Df veyra-gpui-prototype[16877:651810] (libMobileGestalt.dylib) Failed to copy APTicket properties. Falling back to default policy.
2026-10-10 10:02:38.117 Df veyra-gpui-prototype[16877:651810] (libMobileGestalt.dylib) Creating default MGSysConfigPolicy
2026-10-10 10:02:38.117 Df veyra-gpui-prototype[16877:651810] (libMobileGestalt.dylib) syscfg is not initialized!
2026-10-10 10:02:38.117 Df veyra-gpui-prototype[16877:651810] (libMobileGestalt.dylib) CFDictionaryRef copySyscfgDictionary(void) enumeration of <private> failed.
2026-10-10 10:02:38.117 Df veyra-gpui-prototype[16877:651810] (libMobileGestalt.dylib) Failed to find key <private>
2026-10-10 10:02:38.145 A  veyra-gpui-prototype[16877:651810] (CoreFoundation) Loading Preferences From User CFPrefsD
2026-10-10 10:02:38.149 A  veyra-gpui-prototype[16877:651810] (CoreFoundation) Loading Preferences From User CFPrefsD
2026-10-10 10:02:38.161 Df veyra-gpui-prototype[16877:651810] [com.apple.AppKit:Pasteboard] NSPasteboard (name: Apple CFPasteboard general): data requested for type NSFilenamesPboardType at index 0
2026-10-10 10:02:38.162 Df veyra-gpui-prototype[16877:651810] [com.apple.AppKit:Pasteboard] NSPasteboard (name: Apple CFPasteboard general): data requested for type public.utf8-plain-text at index 0
2026-10-10 10:02:38.208 Df veyra-gpui-prototype[16877:651810] [com.apple.AppKit:Pasteboard] NSPasteboard (name: Apple CFPasteboard general): data requested for type zed-text-hash at index 0
2026-10-10 10:02:38.236 Df veyra-gpui-prototype[16877:651933] [com.apple.launchservices:db] NotifyToken::RegisterDispatch(user.uid.501.com.apple.LaunchServices.database) fired for session key <private>
2026-10-10 10:02:38.237 Df siriactionsd[964:651b7a] [com.apple.shortcuts:Daemon] Firing event: <distributed notification: com.apple.LaunchServices.applicationUnregistered, userInfo: [AnyHashable("isPlaceholder"): 0, AnyHashable("bundleIDs"): <__NSSingleObjectArrayI 0x7ce2d6ea00>(
me.veyra.gpui-prototype
)
]>
2026-10-10 10:02:38.366 Df veyra-gpui-prototype[16877:651d04] [com.apple.xpc:connection] [0x76fe4ecb40] activating connection: mach=false listener=false peer=false name=com.apple.appkit.xpc.ThemeWidgetControlViewService
2026-10-10 10:02:38.367 Df veyra-gpui-prototype[16877:651933] [com.apple.xpc:connection] [0x76fe4ecb40] invalidated after the last release of the connection object
2026-10-10 10:02:38.368 Df veyra-gpui-prototype[16877:651810] [com.apple.xpc:connection] [0x76fe4eca00] activating connection: mach=false listener=false peer=false name=(anonymous)
2026-10-10 10:02:38.368 Df veyra-gpui-prototype[16877:651810] [com.apple.xpc:connection] [0x76fe4ecb40] activating connection: mach=false listener=false peer=false name=(anonymous)
2026-10-10 10:02:38.963 A  veyra-gpui-prototype[16877:651810] (CoreFoundation) Loading Preferences From User CFPrefsD
2026-10-10 10:02:38.970 A  veyra-gpui-prototype[16877:651810] (CoreFoundation) Loading Preferences From User CFPrefsD
2026-10-10 10:02:39.119 Df veyra-gpui-prototype[16877:651810] [com.apple.xpc:connection] [0x76fd9b1400] invalidated because the current process cancelled the connection by calling xpc_connection_cancel()
2026-10-10 10:02:39.119 Df veyra-gpui-prototype[16877:651810] [com.apple.xpc:connection] [0x76fd9b21c0] invalidated because the current process cancelled the connection by calling xpc_connection_cancel()
2026-10-10 10:02:39.197 Df replayd[1168:64f46a] [com.apple.runningboard:monitor] Received state update for 16892 (xpcservice<com.apple.SafariPlatformSupport.Helper([app<application.me.veyra.gpui-prototype.35334998.35335004(501)>:16877])(501)>{vt hash: 0}{definition:com.apple.SafariPlatformSupport.Helper[standard][client]}:16892, running-NotVisible
2026-10-10 10:02:39.197 Df replayd[1168:64f46a] [com.apple.runningboard:monitor] Received state update for 16893 (xpcservice<com.apple.appkit.xpc.ThemeWidgetControlViewService([app<application.me.veyra.gpui-prototype.35334998.35335004(501)>:16877])(501)>{vt hash: 0}{definition:com.apple.appkit.xpc.ThemeWidgetControlViewService[standard][client]}:16893, running-NotVisible
2026-10-10 10:02:39.203 Df veyra-gpui-prototype[16877:651933] [com.apple.xpc:connection] [0x76fe4ecdc0] activating connection: mach=false listener=false peer=false name=com.apple.appkit.xpc.ThemeWidgetControlViewService
2026-10-10 10:02:39.203 F  veyra-gpui-prototype[16877:651810] [com.apple.runtime-issues:AppKit] Invalid view geometry: width is negative.
2026-10-10 10:02:39.203 A  veyra-gpui-prototype[16877:651810] (libsystem_trace.dylib) Activity for state dumps
2026-10-10 10:02:39.203 F  veyra-gpui-prototype[16877:651810] [com.apple.runtime-issues:AppKit] Invalid view geometry: height is negative.
2026-10-10 10:02:39.203 A  veyra-gpui-prototype[16877:651810] (libsystem_trace.dylib) Activity for state dumps
2026-10-10 10:02:39.203 F  veyra-gpui-prototype[16877:651810] [com.apple.runtime-issues:AppKit] Invalid view geometry: width is negative.
2026-10-10 10:02:39.203 A  veyra-gpui-prototype[16877:651810] (libsystem_trace.dylib) Activity for state dumps
2026-10-10 10:02:39.203 F  veyra-gpui-prototype[16877:651810] [com.apple.runtime-issues:AppKit] Invalid view geometry: height is negative.
2026-10-10 10:02:39.203 A  veyra-gpui-prototype[16877:651810] (libsystem_trace.dylib) Activity for state dumps
2026-10-10 10:02:39.203 Df veyra-gpui-prototype[16877:651933] [com.apple.xpc:connection] [0x76fe4ecdc0] invalidated after the last release of the connection object
2026-10-10 10:02:39.204 Df veyra-gpui-prototype[16877:651810] [com.apple.xpc:connection] [0x76fe4ecf00] activating connection: mach=false listener=false peer=false name=(anonymous)
2026-10-10 10:02:39.204 Df veyra-gpui-prototype[16877:651810] [com.apple.xpc:connection] [0x76fe4ecdc0] activating connection: mach=false listener=false peer=false name=(anonymous)
2026-10-10 10:02:39.204 F  veyra-gpui-prototype[16877:651810] [com.apple.runtime-issues:AppKit] Invalid view geometry: width is negative.
2026-10-10 10:02:39.204 A  veyra-gpui-prototype[16877:651810] (libsystem_trace.dylib) Activity for state dumps
2026-10-10 10:02:39.204 F  veyra-gpui-prototype[16877:651810] [com.apple.runtime-issues:AppKit] Invalid view geometry: height is negative.
2026-10-10 10:02:39.204 A  veyra-gpui-prototype[16877:651810] (libsystem_trace.dylib) Activity for state dumps
2026-10-10 10:02:39.209 Sd veyra-gpui-prototype[16877:0] (2688AFBC-5C39-3132-BCF5-8D00D32D7615) com.apple.appkit:StatusBar
{
    items =     (
                {
            activeState = 1;
            appearance = NSAppearanceNameDarkAqua;
            autosaveName = "Item-0";
            class = NSSceneStatusItem;
            hostWindowID = 0;
            isVisible = 1;
            statusItemSceneIdentifier = "398BFD23-D894-4480-B5B2-20A19547E560";
            variantSceneIdentifier = "398BFD23-D894-4480-B5B2-20A19547E560-Variant[Presentation]";
            windowNumber = 100000000;
            windowWidth = 34;
        }
    );
}
2026-10-10 10:02:39.588 Df veyra-gpui-prototype[16877:651810] [com.apple.xpc:connection] [0x76fe4ecdc0] invalidated because the current process cancelled the connection by calling xpc_connection_cancel()
2026-10-10 10:02:39.588 Df veyra-gpui-prototype[16877:651810] [com.apple.xpc:connection] [0x76fe4ecf00] invalidated because the current process cancelled the connection by calling xpc_connection_cancel()
2026-10-10 10:02:39.620 A  veyra-gpui-prototype[16877:6518f9] (CoreSpotlight) end-index-batch
2026-10-10 10:02:39.620 A  veyra-gpui-prototype[16877:6518f9] (CoreSpotlight) index-items
2026-10-10 10:02:39.620 Df veyra-gpui-prototype[16877:6518f9] [com.apple.corespotlight:index] Submitting donation: <private> (1210 bytes with 0 enqueued)
2026-10-10 10:02:39.621 Df veyra-gpui-prototype[16877:6518f9] [com.apple.corespotlight:index] Performing donation: <private>
2026-10-10 10:02:39.621 Df veyra-gpui-prototype[16877:6518f9] [com.apple.xpc:connection] [0x76fe4ecc80] activating connection: mach=false listener=false peer=false name=com.apple.SetStoreUpdateService
2026-10-10 10:02:39.621 Df veyra-gpui-prototype[16877:6518f9] [com.apple.Biome:BiomeCascade] Requesting new set donation <private>
2026-10-10 10:02:39.623 Df veyra-gpui-prototype[16877:651933] [com.apple.xpc:connection] [0x76fe4ecc80] Re-initialization successful; calling out to event handler with XPC_ERROR_CONNECTION_INTERRUPTED
2026-10-10 10:02:39.623 Df veyra-gpui-prototype[16877:651933] [com.apple.xpc:connection] [0x76fe4ecc80] invalidated because the current process cancelled the connection by calling xpc_connection_cancel()
2026-10-10 10:02:39.623 Df veyra-gpui-prototype[16877:6518f9] [com.apple.Biome:BiomeCascade] Service responded to request for new donation <private> with None
2026-10-10 10:02:39.623 Df veyra-gpui-prototype[16877:6518f9] [com.apple.corespotlight:index] Completed donation: <private> result: Error Domain=CSIndexErrorDomain Code=-1000 "Failed to request donation" UserInfo={NSDebugDescription=Failed to request donation, NSUnderlyingError=0x76fe4332d0 {Error Domain=NSCocoaErrorDomain Code=4099 UserInfo={NSDebugDescription=<private>}}}
2026-10-10 10:02:39.699 Df veyra-gpui-prototype[16877:6518f9] [com.apple.xpc:connection] [0x76fe4ed040] activating connection: mach=false listener=false peer=false name=com.apple.appkit.xpc.ThemeWidgetControlViewService
2026-10-10 10:02:39.699 F  veyra-gpui-prototype[16877:651810] [com.apple.runtime-issues:AppKit] Invalid view geometry: width is negative.
2026-10-10 10:02:39.699 A  veyra-gpui-prototype[16877:651810] (libsystem_trace.dylib) Activity for state dumps
2026-10-10 10:02:39.699 F  veyra-gpui-prototype[16877:651810] [com.apple.runtime-issues:AppKit] Invalid view geometry: height is negative.
2026-10-10 10:02:39.699 A  veyra-gpui-prototype[16877:651810] (libsystem_trace.dylib) Activity for state dumps
2026-10-10 10:02:39.699 Df veyra-gpui-prototype[16877:651933] [com.apple.xpc:connection] [0x76fe4ed040] invalidated after the last release of the connection object
2026-10-10 10:02:39.699 F  veyra-gpui-prototype[16877:651810] [com.apple.runtime-issues:AppKit] Invalid view geometry: width is negative.
2026-10-10 10:02:39.699 A  veyra-gpui-prototype[16877:651810] (libsystem_trace.dylib) Activity for state dumps
2026-10-10 10:02:39.699 F  veyra-gpui-prototype[16877:651810] [com.apple.runtime-issues:AppKit] Invalid view geometry: height is negative.
2026-10-10 10:02:39.699 A  veyra-gpui-prototype[16877:651810] (libsystem_trace.dylib) Activity for state dumps
2026-10-10 10:02:39.699 Df replayd[1168:64f4ec] [com.apple.runningboard:monitor] Received state update for 16892 (xpcservice<com.apple.SafariPlatformSupport.Helper([app<application.me.veyra.gpui-prototype.35334998.35335004(501)>:16877])(501)>{vt hash: 0}{definition:com.apple.SafariPlatformSupport.Helper[standard][client]}:16892, running-NotVisible
2026-10-10 10:02:39.699 Df replayd[1168:64f4ec] [com.apple.runningboard:monitor] Received state update for 16893 (xpcservice<com.apple.appkit.xpc.ThemeWidgetControlViewService([app<application.me.veyra.gpui-prototype.35334998.35335004(501)>:16877])(501)>{vt hash: 0}{definition:com.apple.appkit.xpc.ThemeWidgetControlViewService[standard][client]}:16893, running-NotVisible
2026-10-10 10:02:39.707 Df veyra-gpui-prototype[16877:651810] [com.apple.xpc:connection] [0x76fe4ecf00] activating connection: mach=false listener=false peer=false name=(anonymous)
2026-10-10 10:02:39.707 Df veyra-gpui-prototype[16877:651810] [com.apple.xpc:connection] [0x76fe4ed040] activating connection: mach=false listener=false peer=false name=(anonymous)
2026-10-10 10:02:39.708 F  veyra-gpui-prototype[16877:651810] [com.apple.runtime-issues:AppKit] Invalid view geometry: width is negative.
2026-10-10 10:02:39.708 A  veyra-gpui-prototype[16877:651810] (libsystem_trace.dylib) Activity for state dumps
2026-10-10 10:02:39.708 F  veyra-gpui-prototype[16877:651810] [com.apple.runtime-issues:AppKit] Invalid view geometry: height is negative.
2026-10-10 10:02:39.708 A  veyra-gpui-prototype[16877:651810] (libsystem_trace.dylib) Activity for state dumps
2026-10-10 10:02:40.187 A  veyra-gpui-prototype[16877:6518f9] (CoreSpotlight) end-index-batch
2026-10-10 10:02:40.187 A  veyra-gpui-prototype[16877:6518f9] (CoreSpotlight) index-items
2026-10-10 10:02:40.187 Df veyra-gpui-prototype[16877:651933] [com.apple.corespotlight:index] Submitting donation: <private> (1210 bytes with 0 enqueued)
2026-10-10 10:02:40.187 Df veyra-gpui-prototype[16877:6518f9] [com.apple.corespotlight:index] Performing donation: <private>
2026-10-10 10:02:40.187 Df veyra-gpui-prototype[16877:6518f9] [com.apple.xpc:connection] [0x76fe4ed180] activating connection: mach=false listener=false peer=false name=com.apple.SetStoreUpdateService
2026-10-10 10:02:40.187 Df veyra-gpui-prototype[16877:6518f9] [com.apple.Biome:BiomeCascade] Requesting new set donation <private>
2026-10-10 10:02:40.188 Df veyra-gpui-prototype[16877:651d04] [com.apple.xpc:connection] [0x76fe4ed180] Re-initialization successful; calling out to event handler with XPC_ERROR_CONNECTION_INTERRUPTED
2026-10-10 10:02:40.188 Df veyra-gpui-prototype[16877:651d04] [com.apple.xpc:connection] [0x76fe4ed180] invalidated because the current process cancelled the connection by calling xpc_connection_cancel()
2026-10-10 10:02:40.188 Df veyra-gpui-prototype[16877:6518f9] [com.apple.Biome:BiomeCascade] Service responded to request for new donation <private> with None
2026-10-10 10:02:40.188 Df veyra-gpui-prototype[16877:6518f9] [com.apple.corespotlight:index] Completed donation: <private> result: Error Domain=CSIndexErrorDomain Code=-1000 "Failed to request donation" UserInfo={NSDebugDescription=Failed to request donation, NSUnderlyingError=0x76fe4323d0 {Error Domain=NSCocoaErrorDomain Code=4099 UserInfo={NSDebugDescription=<private>}}}
2026-10-10 10:02:44.015 A  veyra-gpui-prototype[16877:651810] (AppKit) performClick:
2026-10-10 10:02:44.015 A  veyra-gpui-prototype[16877:651810] (AppKit) sendActionFrom:
2026-10-10 10:02:44.015 A  veyra-gpui-prototype[16877:651810] (AppKit) sendAction:
2026-10-10 10:02:44.016 Df veyra-gpui-prototype[16877:651810] [com.apple.inputAnalytics.client:IASignalAnalytics] channel:<private> signal:<private> uniqueStringId:<private> timestamp:<private> payload:<private>
2026-10-10 10:02:44.016 Df veyra-gpui-prototype[16877:651810] [com.apple.xpc:connection] [0x76fe4ed180] activating connection: mach=true listener=false peer=false name=com.apple.inputanalyticsd
2026-10-10 10:02:44.016 Df veyra-gpui-prototype[16877:651810] [com.apple.processmanager:front-35286506] PostHideProcess: pid=16877 processToShow=0x0-0x2 (ourselves)
2026-10-10 10:02:44.019 Df veyra-gpui-prototype[16877:651810] [com.apple.AppKit:Window] window <GPUIWindow: 0x76fd256f80> windowNumber=25d0 windowShouldClose: prevented close
2026-10-10 10:02:44.128 Df veyra-gpui-prototype[16877:651d03] [com.apple.xpc:connection] [0x76fd9b0500] invalidated because the current process cancelled the connection by calling xpc_connection_cancel()
2026-10-10 10:02:44.128 Df veyra-gpui-prototype[16877:651d03] [com.apple.xpc:session] [0x76fcac3840] Session canceled.
2026-10-10 10:02:44.128 Df veyra-gpui-prototype[16877:6518f9] [com.apple.UIIntelligenceSupport:xpc] agent connection cancelled (details: Session manually canceled)
2026-10-10 10:02:44.128 Df veyra-gpui-prototype[16877:6518f9] [com.apple.xpc:session] [0x76fcac3840] Disposing of session
2026-10-10 10:02:44.128 Df intelligencecontextd[1079:651e32] [com.apple.UIIntelligenceSupport:xpc] client ConnectionID(1287, ProcessInfo("me.veyra.gpui-prototype", pid: 16877)) disconnected
2026-10-10 10:02:44.141 Df runningboardd[601:65195d] [com.apple.runningboard:ttl] Invalidating assertion 601-595-62296 (target:[app<application.me.veyra.gpui-prototype.35334998.35335004(501)>:16877]) from originator [osservice<com.apple.WindowServer(88)>:595]
2026-10-10 10:02:44.148 Df veyra-gpui-prototype[16877:651810] [com.apple.xpc:connection] [0x76fe4ed040] invalidated because the current process cancelled the connection by calling xpc_connection_cancel()
2026-10-10 10:02:44.148 Df veyra-gpui-prototype[16877:651810] [com.apple.xpc:connection] [0x76fe4ecf00] invalidated because the current process cancelled the connection by calling xpc_connection_cancel()
2026-10-10 10:02:44.162 Df runningboardd[601:65105a] [com.apple.runningboard:process] [app<application.me.veyra.gpui-prototype.35334998.35335004(501)>:16877] Ignoring jetsam update because this process is not memory-managed
2026-10-10 10:02:44.162 Df runningboardd[601:65105a] [com.apple.runningboard:process] [app<application.me.veyra.gpui-prototype.35334998.35335004(501)>:16877] Ignoring suspend because this process is not lifecycle managed
2026-10-10 10:02:44.162 Df runningboardd[601:65105a] [com.apple.runningboard:process] [app<application.me.veyra.gpui-prototype.35334998.35335004(501)>:16877] Ignoring GPU update because this process is not GPU managed
2026-10-10 10:02:44.162 Df runningboardd[601:65105a] [com.apple.runningboard:process] [app<application.me.veyra.gpui-prototype.35334998.35335004(501)>:16877] Ignoring memory limit update because this process is not memory-managed
2026-10-10 10:02:44.163 Df runningboardd[601:65195e] [com.apple.runningboard:monitor] Calculated state for app<application.me.veyra.gpui-prototype.35334998.35335004(501)>: running-active (role: UserInteractiveNonFocal) (endowments: <private>)
2026-10-10 10:02:44.163 Df MenuBarAgent[1108:651e36] [com.apple.runningboard:monitor] Received state update for 16877 (app<application.me.veyra.gpui-prototype.35334998.35335004(501)>, running-active-NotVisible
2026-10-10 10:02:44.163 Df gamepolicyd[755:651d1c] [com.apple.runningboard:monitor] Received state update for 16877 (app<application.me.veyra.gpui-prototype.35334998.35335004(501)>, running-active-NotVisible
2026-10-10 10:02:44.174 Df runningboardd[601:65195e] [com.apple.runningboard:ttl] Invalidating assertion 601-595-62297 (target:[app<application.me.veyra.gpui-prototype.35334998.35335004(501)>:16877]) from originator [osservice<com.apple.WindowServer(88)>:595]
2026-10-10 10:02:44.280 Df runningboardd[601:65195e] [com.apple.runningboard:assertion] Removed last relative-start-date-defining assertion for process app<application.me.veyra.gpui-prototype.35334998.35335004(501)>
2026-10-10 10:02:44.280 Df runningboardd[601:65195f] [com.apple.runningboard:process] [app<application.me.veyra.gpui-prototype.35334998.35335004(501)>:16877] Ignoring jetsam update because this process is not memory-managed
2026-10-10 10:02:44.280 Df runningboardd[601:65195f] [com.apple.runningboard:process] [app<application.me.veyra.gpui-prototype.35334998.35335004(501)>:16877] Ignoring suspend because this process is not lifecycle managed
2026-10-10 10:02:44.280 Df runningboardd[601:65195f] [com.apple.runningboard:process] [app<application.me.veyra.gpui-prototype.35334998.35335004(501)>:16877] Ignoring GPU update because this process is not GPU managed
2026-10-10 10:02:44.280 Df runningboardd[601:65195f] [com.apple.runningboard:process] [app<application.me.veyra.gpui-prototype.35334998.35335004(501)>:16877] Ignoring memory limit update because this process is not memory-managed
2026-10-10 10:02:44.280 Df runningboardd[601:65195f] [com.apple.runningboard:ttl] [app<application.me.veyra.gpui-prototype.35334998.35335004(501)>:16877] visiblity is no
2026-10-10 10:02:44.280 A  veyra-gpui-prototype[16877:651d04] (RunningBoardServices) didChangeInheritances
2026-10-10 10:02:44.281 Df runningboardd[601:65195f] [com.apple.runningboard:monitor] Calculated state for app<application.me.veyra.gpui-prototype.35334998.35335004(501)>: running-active (role: UserInteractiveNonFocal) (endowments: <private>)
2026-10-10 10:02:44.281 Df MenuBarAgent[1108:651c10] [com.apple.runningboard:monitor] Received state update for 16877 (app<application.me.veyra.gpui-prototype.35334998.35335004(501)>, running-active-NotVisible
2026-10-10 10:02:44.281 Df gamepolicyd[755:651d1c] [com.apple.runningboard:monitor] Received state update for 16877 (app<application.me.veyra.gpui-prototype.35334998.35335004(501)>, running-active-NotVisible
2026-10-10 10:02:44.361 Df replayd[1168:64f46d] [com.apple.runningboard:process] Hit the server for a process handle 4ef7956000041fd that resolved to: [xpcservice<com.apple.appkit.xpc.ThemeWidgetControlViewService([app<application.me.veyra.gpui-prototype.35334998.35335004(501)>:16877])(501)>{vt hash: 0}{definition:com.apple.appkit.xpc.ThemeWidgetControlViewService[standard][client]}:16893:16893]
2026-10-10 10:02:44.361 Df replayd[1168:64f46d] [com.apple.runningboard:process] Hit the server for a process handle 90cb817000041fc that resolved to: [xpcservice<com.apple.SafariPlatformSupport.Helper([app<application.me.veyra.gpui-prototype.35334998.35335004(501)>:16877])(501)>{vt hash: 0}{definition:com.apple.SafariPlatformSupport.Helper[standard][client]}:16892:16892]
2026-10-10 10:02:44.368 Df replayd[1168:64f4ec] [com.apple.runningboard:monitor] Received state update for 16892 (xpcservice<com.apple.SafariPlatformSupport.Helper([app<application.me.veyra.gpui-prototype.35334998.35335004(501)>:16877])(501)>{vt hash: 0}{definition:com.apple.SafariPlatformSupport.Helper[standard][client]}:16892, running-NotVisible
2026-10-10 10:02:44.368 Df replayd[1168:64f4ec] [com.apple.runningboard:monitor] Received state update for 16893 (xpcservice<com.apple.appkit.xpc.ThemeWidgetControlViewService([app<application.me.veyra.gpui-prototype.35334998.35335004(501)>:16877])(501)>{vt hash: 0}{definition:com.apple.appkit.xpc.ThemeWidgetControlViewService[standard][client]}:16893, running-NotVisible
2026-10-10 10:02:44.624 A  veyra-gpui-prototype[16877:6518f9] (CoreSpotlight) end-index-batch
2026-10-10 10:02:44.624 A  veyra-gpui-prototype[16877:6518f9] (CoreSpotlight) index-items
2026-10-10 10:02:44.625 Df veyra-gpui-prototype[16877:6518f9] [com.apple.corespotlight:index] Submitting donation: <private> (736 bytes with 0 enqueued)
2026-10-10 10:02:44.625 Df veyra-gpui-prototype[16877:651d04] [com.apple.corespotlight:index] Performing donation: <private>
2026-10-10 10:02:44.625 Df veyra-gpui-prototype[16877:651d04] [com.apple.xpc:connection] [0x76fe4ecc80] activating connection: mach=false listener=false peer=false name=com.apple.SetStoreUpdateService
2026-10-10 10:02:44.625 Df veyra-gpui-prototype[16877:651d04] [com.apple.Biome:BiomeCascade] Requesting new set donation <private>
2026-10-10 10:02:44.625 Df suggestd[984:651c2b] [com.apple.suggestions:suggestions] SGDSpotlightReceiver: deleting 1 unique identifiers (1 after de-duplication) for me.veyra.gpui-prototype: <private>
2026-10-10 10:02:44.625 Df veyra-gpui-prototype[16877:651d03] [com.apple.xpc:connection] [0x76fe4ecc80] Re-initialization successful; calling out to event handler with XPC_ERROR_CONNECTION_INTERRUPTED
2026-10-10 10:02:44.625 Df veyra-gpui-prototype[16877:651d03] [com.apple.xpc:connection] [0x76fe4ecc80] invalidated because the current process cancelled the connection by calling xpc_connection_cancel()
2026-10-10 10:02:44.625 Df veyra-gpui-prototype[16877:651d04] [com.apple.Biome:BiomeCascade] Service responded to request for new donation <private> with None
2026-10-10 10:02:44.625 Df veyra-gpui-prototype[16877:651d04] [com.apple.corespotlight:index] Completed donation: <private> result: Error Domain=CSIndexErrorDomain Code=-1000 "Failed to request donation" UserInfo={NSDebugDescription=Failed to request donation, NSUnderlyingError=0x76fe4319b0 {Error Domain=NSCocoaErrorDomain Code=4099 UserInfo={NSDebugDescription=<private>}}}
2026-10-10 10:02:47.797 Df replayd[1168:651ddb] [com.apple.runningboard:process] Hit the server for a process handle 4ef7956000041fd that resolved to: [xpcservice<com.apple.appkit.xpc.ThemeWidgetControlViewService([app<application.me.veyra.gpui-prototype.35334998.35335004(501)>:16877])(501)>{vt hash: 0}{definition:com.apple.appkit.xpc.ThemeWidgetControlViewService[standard][client]}:16893:16893]
2026-10-10 10:02:47.797 Df replayd[1168:651ddb] [com.apple.runningboard:process] Hit the server for a process handle 90cb817000041fc that resolved to: [xpcservice<com.apple.SafariPlatformSupport.Helper([app<application.me.veyra.gpui-prototype.35334998.35335004(501)>:16877])(501)>{vt hash: 0}{definition:com.apple.SafariPlatformSupport.Helper[standard][client]}:16892:16892]
2026-10-10 10:02:47.804 Df replayd[1168:64f46d] [com.apple.runningboard:monitor] Received state update for 16892 (xpcservice<com.apple.SafariPlatformSupport.Helper([app<application.me.veyra.gpui-prototype.35334998.35335004(501)>:16877])(501)>{vt hash: 0}{definition:com.apple.SafariPlatformSupport.Helper[standard][client]}:16892, running-NotVisible
2026-10-10 10:02:47.804 Df replayd[1168:64f46d] [com.apple.runningboard:monitor] Received state update for 16893 (xpcservice<com.apple.appkit.xpc.ThemeWidgetControlViewService([app<application.me.veyra.gpui-prototype.35334998.35335004(501)>:16877])(501)>{vt hash: 0}{definition:com.apple.appkit.xpc.ThemeWidgetControlViewService[standard][client]}:16893, running-NotVisible
2026-10-10 10:02:53.383 Df veyra-gpui-prototype[16877:651810] [com.apple.xpc:connection] [0x76fe4ecb40] invalidated because the current process cancelled the connection by calling xpc_connection_cancel()
2026-10-10 10:02:53.383 Df veyra-gpui-prototype[16877:651810] [com.apple.xpc:connection] [0x76fe4eca00] invalidated because the current process cancelled the connection by calling xpc_connection_cancel()
2026-10-10 10:02:56.430 Df veyra-gpui-prototype[16877:651810] [com.apple.AppKit:StateRestoration] -[NSPersistentUIManager flushAllChanges]
2026-10-10 10:02:56.432 Df veyra-gpui-prototype[16877:651810] [com.apple.AppKit:StateRestoration] -[NSPersistentUIManager flushAllChanges] finishing enqueued operations
2026-10-10 10:02:56.432 Df veyra-gpui-prototype[16877:651d04] [com.apple.AppKit:StateRestoration] -[NSPersistentUIManager flushAllChanges]_block_invoke asyncing to main queue
2026-10-10 10:02:56.432 Df veyra-gpui-prototype[16877:6518f9] [com.apple.AppKit:StateRestoration] -[NSPersistentUIManager flushAllChanges]_block_invoke writing records
2026-10-10 10:03:08.518 Df veyra-gpui-prototype[16877:6518f9] [com.apple.xpc:connection] [0x76fe4ec8c0] activating connection: mach=false listener=false peer=false name=com.apple.appkit.xpc.ThemeWidgetControlViewService
2026-10-10 10:03:08.518 Df veyra-gpui-prototype[16877:651933] [com.apple.xpc:connection] [0x76fe4ec8c0] invalidated after the last release of the connection object
2026-10-10 10:03:08.522 Df veyra-gpui-prototype[16877:651810] [com.apple.xpc:connection] [0x76fe4eca00] activating connection: mach=false listener=false peer=false name=(anonymous)
2026-10-10 10:03:08.522 Df veyra-gpui-prototype[16877:651810] [com.apple.xpc:connection] [0x76fe4ec8c0] activating connection: mach=false listener=false peer=false name=(anonymous)
2026-10-10 10:03:23.549 Df veyra-gpui-prototype[16877:651810] [com.apple.xpc:connection] [0x76fe4ec8c0] invalidated because the current process cancelled the connection by calling xpc_connection_cancel()
2026-10-10 10:03:23.549 Df veyra-gpui-prototype[16877:651810] [com.apple.xpc:connection] [0x76fe4eca00] invalidated because the current process cancelled the connection by calling xpc_connection_cancel()
2026-10-10 10:03:34.913 Df runningboardd[601:652440] [com.apple.runningboard:ttl] Acquiring assertion targeting [app<application.me.veyra.gpui-prototype.35334998.35335004(501)>:16877] from originator [osservice<com.apple.MenuBarAgent(501)>:1108] with description <RBSAssertionDescriptor| "FBWorkspace (BG-Active[40])" ID:601-1108-62409 target:16877 attributes:[
	<RBSDomainAttribute| domain:"com.apple.frontboard" name:"SuspendableLPRunReason-Suspend" sourceEnvironment:"(null)">,
	<RBSDomainAttribute| domain:"com.apple.frontboard" name:"SuspendableRole-NonUI" sourceEnvironment:"(null)">,
	<RBSDomainAttribute| domain:"com.apple.frontboard" name:"SuspendableJetsamPriority-Active" sourceEnvironment:"(null)">
	]>
2026-10-10 10:03:34.914 Df runningboardd[601:652440] [com.apple.runningboard:ttl] Assertion 601-1108-62409 (target:[app<application.me.veyra.gpui-prototype.35334998.35335004(501)>:16877]) will be created as active
2026-10-10 10:03:34.914 Df MenuBarAgent[1108:6523c4] [com.apple.FrontBoard:ProcessWorkspace] [app<application.me.veyra.gpui-prototype.35334998.35335004>:16877] Workspace state did change: XX-None[0] --> BG-Active[40] (assertion acquired).
2026-10-10 10:03:34.914 Df runningboardd[601:652441] [com.apple.runningboard:process] [app<application.me.veyra.gpui-prototype.35334998.35335004(501)>:16877] Ignoring jetsam update because this process is not memory-managed
2026-10-10 10:03:34.914 Df runningboardd[601:652441] [com.apple.runningboard:process] [app<application.me.veyra.gpui-prototype.35334998.35335004(501)>:16877] Ignoring suspend because this process is not lifecycle managed
2026-10-10 10:03:34.914 Df runningboardd[601:652441] [com.apple.runningboard:process] [app<application.me.veyra.gpui-prototype.35334998.35335004(501)>:16877] Ignoring GPU update because this process is not GPU managed
2026-10-10 10:03:34.914 Df runningboardd[601:652441] [com.apple.runningboard:process] [app<application.me.veyra.gpui-prototype.35334998.35335004(501)>:16877] Ignoring memory limit update because this process is not memory-managed
2026-10-10 10:03:34.915 Df runningboardd[601:652441] [com.apple.runningboard:monitor] Calculated state for app<application.me.veyra.gpui-prototype.35334998.35335004(501)>: running-active (role: UserInteractiveNonFocal) (endowments: <private>)
2026-10-10 10:03:34.915 Df MenuBarAgent[1108:6524c8] [com.apple.runningboard:monitor] Received state update for 16877 (app<application.me.veyra.gpui-prototype.35334998.35335004(501)>, running-active-NotVisible
2026-10-10 10:03:34.916 Df gamepolicyd[755:65215b] [com.apple.runningboard:monitor] Received state update for 16877 (app<application.me.veyra.gpui-prototype.35334998.35335004(501)>, running-active-NotVisible
2026-10-10 10:03:35.020 Df MenuBarAgent[1108:6523c4] [com.apple.FrontBoard:ProcessWorkspace] [app<application.me.veyra.gpui-prototype.35334998.35335004>:16877] Workspace state did change: BG-Active[40] --> XX-None[0] (assertion dropped).
2026-10-10 10:03:35.020 Df runningboardd[601:652441] [com.apple.runningboard:ttl] Invalidating assertion 601-1108-62409 (target:[app<application.me.veyra.gpui-prototype.35334998.35335004(501)>:16877]) from originator [osservice<com.apple.MenuBarAgent(501)>:1108]
2026-10-10 10:03:35.126 Df runningboardd[601:652441] [com.apple.runningboard:process] [app<application.me.veyra.gpui-prototype.35334998.35335004(501)>:16877] Ignoring jetsam update because this process is not memory-managed
2026-10-10 10:03:35.126 Df runningboardd[601:652441] [com.apple.runningboard:process] [app<application.me.veyra.gpui-prototype.35334998.35335004(501)>:16877] Ignoring suspend because this process is not lifecycle managed
2026-10-10 10:03:35.126 Df runningboardd[601:652441] [com.apple.runningboard:process] [app<application.me.veyra.gpui-prototype.35334998.35335004(501)>:16877] Ignoring GPU update because this process is not GPU managed
2026-10-10 10:03:35.126 Df runningboardd[601:652441] [com.apple.runningboard:process] [app<application.me.veyra.gpui-prototype.35334998.35335004(501)>:16877] Ignoring memory limit update because this process is not memory-managed
2026-10-10 10:03:35.127 Df runningboardd[601:652447] [com.apple.runningboard:monitor] Calculated state for app<application.me.veyra.gpui-prototype.35334998.35335004(501)>: running-active (role: UserInteractiveNonFocal) (endowments: <private>)
2026-10-10 10:03:35.127 Df MenuBarAgent[1108:6524c7] [com.apple.runningboard:monitor] Received state update for 16877 (app<application.me.veyra.gpui-prototype.35334998.35335004(501)>, running-active-NotVisible
2026-10-10 10:03:35.127 Df gamepolicyd[755:65215b] [com.apple.runningboard:monitor] Received state update for 16877 (app<application.me.veyra.gpui-prototype.35334998.35335004(501)>, running-active-NotVisible
2026-10-10 10:03:36.138 Df runningboardd[601:652405] [com.apple.runningboard:ttl] Acquiring assertion targeting [app<application.me.veyra.gpui-prototype.35334998.35335004(501)>:16877] from originator [osservice<com.apple.MenuBarAgent(501)>:1108] with description <RBSAssertionDescriptor| "FBWorkspace (BG-Active[40])" ID:601-1108-62413 target:16877 attributes:[
	<RBSDomainAttribute| domain:"com.apple.frontboard" name:"SuspendableLPRunReason-Suspend" sourceEnvironment:"(null)">,
	<RBSDomainAttribute| domain:"com.apple.frontboard" name:"SuspendableRole-NonUI" sourceEnvironment:"(null)">,
	<RBSDomainAttribute| domain:"com.apple.frontboard" name:"SuspendableJetsamPriority-Active" sourceEnvironment:"(null)">
	]>
2026-10-10 10:03:36.138 Df runningboardd[601:652405] [com.apple.runningboard:ttl] Assertion 601-1108-62413 (target:[app<application.me.veyra.gpui-prototype.35334998.35335004(501)>:16877]) will be created as active
2026-10-10 10:03:36.138 Df MenuBarAgent[1108:6523c4] [com.apple.FrontBoard:ProcessWorkspace] [app<application.me.veyra.gpui-prototype.35334998.35335004>:16877] Workspace state did change: XX-None[0] --> BG-Active[40] (assertion acquired).
2026-10-10 10:03:36.138 Df veyra-gpui-prototype[16877:651810] [com.apple.FrontBoard:SceneClient] [com.apple.appkit.status-items:398BFD23-D894-4480-B5B2-20A19547E560] Received action(s) for "NSMenuBarNavigationSceneExtension": AppKit.NSMenuBarNavigateAction
2026-10-10 10:03:36.138 Df runningboardd[601:652405] [com.apple.runningboard:process] [app<application.me.veyra.gpui-prototype.35334998.35335004(501)>:16877] Ignoring jetsam update because this process is not memory-managed
2026-10-10 10:03:36.138 Df runningboardd[601:652405] [com.apple.runningboard:process] [app<application.me.veyra.gpui-prototype.35334998.35335004(501)>:16877] Ignoring suspend because this process is not lifecycle managed
2026-10-10 10:03:36.138 Df runningboardd[601:652405] [com.apple.runningboard:process] [app<application.me.veyra.gpui-prototype.35334998.35335004(501)>:16877] Ignoring GPU update because this process is not GPU managed
2026-10-10 10:03:36.138 Df runningboardd[601:652405] [com.apple.runningboard:process] [app<application.me.veyra.gpui-prototype.35334998.35335004(501)>:16877] Ignoring memory limit update because this process is not memory-managed
2026-10-10 10:03:36.139 Df runningboardd[601:651816] [com.apple.runningboard:monitor] Calculated state for app<application.me.veyra.gpui-prototype.35334998.35335004(501)>: running-active (role: UserInteractiveNonFocal) (endowments: <private>)
2026-10-10 10:03:36.139 Df MenuBarAgent[1108:6524c7] [com.apple.runningboard:monitor] Received state update for 16877 (app<application.me.veyra.gpui-prototype.35334998.35335004(501)>, running-active-NotVisible
2026-10-10 10:03:36.140 Df WindowServer[595:12b3] [com.apple.SkyLight.processes:Focus] 1b7eb7[StealKeyFocusReturningID]: [DeferringManager] Updating policy {
    advicePolicy: .keyThief;
    frontmostProcess: 0x0-0x3b23b2 (ChatGPT) mainConnectionID: 108AEF;
    keyThiefConnectionID: 1B7EB7;
} for reason: key thief updated 1b7eb7 0x0-0x3d33d3 (VeyraPrototype)
2026-10-10 10:03:36.140 Df WindowServer[595:12b3] [com.apple.BackBoard:EventDelivery] <BSCompoundAssertion:0x75b6d38be0> (com.apple.backboard.hid.delivery.localDelivery.preventFlushing) acquire for reason:key thief updated 1b7eb7 0x0-0x3d33d3 (VeyraPrototype) <1944> acq:0x75bb167660 count:1
2026-10-10 10:03:36.140 Df veyra-gpui-prototype[16877:6518f9] [com.apple.BackBoard:TouchDeliveryObserver] connection activation
2026-10-10 10:03:36.144 Df gamepolicyd[755:65215b] [com.apple.runningboard:monitor] Received state update for 16877 (app<application.me.veyra.gpui-prototype.35334998.35335004(501)>, running-active-NotVisible
2026-10-10 10:03:36.212 Df runningboardd[601:652440] [com.apple.runningboard:ttl] Acquiring assertion targeting [app<application.me.veyra.gpui-prototype.35334998.35335004(501)>:16877] from originator [osservice<com.apple.WindowServer(88)>:595] with description <RBSAssertionDescriptor| "AppVisible" ID:601-595-62415 target:16877 attributes:[
	<RBSDomainAttribute| domain:"com.apple.appnap" name:"AppVisible" sourceEnvironment:"(null)">,
	<RBSAcquisitionCompletionAttribute| policy:AfterApplication>
	]>
2026-10-10 10:03:36.212 Df runningboardd[601:652440] [com.apple.runningboard:ttl] Assertion 601-595-62415 (target:[app<application.me.veyra.gpui-prototype.35334998.35335004(501)>:16877]) will be created as active
2026-10-10 10:03:36.212 Df runningboardd[601:652405] [com.apple.runningboard:process] [app<application.me.veyra.gpui-prototype.35334998.35335004(501)>:16877] Ignoring jetsam update because this process is not memory-managed
2026-10-10 10:03:36.212 Df runningboardd[601:652405] [com.apple.runningboard:process] [app<application.me.veyra.gpui-prototype.35334998.35335004(501)>:16877] Ignoring suspend because this process is not lifecycle managed
2026-10-10 10:03:36.212 Df runningboardd[601:652405] [com.apple.runningboard:process] [app<application.me.veyra.gpui-prototype.35334998.35335004(501)>:16877] Ignoring GPU update because this process is not GPU managed
2026-10-10 10:03:36.212 Df runningboardd[601:652405] [com.apple.runningboard:process] [app<application.me.veyra.gpui-prototype.35334998.35335004(501)>:16877] Ignoring memory limit update because this process is not memory-managed
2026-10-10 10:03:36.213 Df runningboardd[601:652405] [com.apple.runningboard:monitor] Calculated state for app<application.me.veyra.gpui-prototype.35334998.35335004(501)>: running-active (role: UserInteractiveNonFocal) (endowments: <private>)
2026-10-10 10:03:36.213 Df MenuBarAgent[1108:6524c7] [com.apple.runningboard:monitor] Received state update for 16877 (app<application.me.veyra.gpui-prototype.35334998.35335004(501)>, running-active-NotVisible
2026-10-10 10:03:36.213 Df gamepolicyd[755:65215b] [com.apple.runningboard:monitor] Received state update for 16877 (app<application.me.veyra.gpui-prototype.35334998.35335004(501)>, running-active-NotVisible
2026-10-10 10:03:36.239 Df runningboardd[601:652405] [com.apple.runningboard:ttl] Acquiring assertion targeting [app<application.me.veyra.gpui-prototype.35334998.35335004(501)>:16877] from originator [osservice<com.apple.WindowServer(88)>:595] with description <RBSAssertionDescriptor| "FUSBProcessWindowState: visible" ID:601-595-62416 target:16877 attributes:[
	<RBSDomainAttribute| domain:"com.apple.fuseboard" name:"Visible" sourceEnvironment:"(null)">,
	<RBSAcquisitionCompletionAttribute| policy:AfterApplication>
	]>
2026-10-10 10:03:36.239 Df runningboardd[601:652405] [com.apple.runningboard:ttl] Assertion 601-595-62416 (target:[app<application.me.veyra.gpui-prototype.35334998.35335004(501)>:16877]) will be created as active
2026-10-10 10:03:36.239 Df runningboardd[601:652441] [com.apple.runningboard:process] [app<application.me.veyra.gpui-prototype.35334998.35335004(501)>:16877] Ignoring jetsam update because this process is not memory-managed
2026-10-10 10:03:36.239 Df runningboardd[601:652441] [com.apple.runningboard:process] [app<application.me.veyra.gpui-prototype.35334998.35335004(501)>:16877] Ignoring suspend because this process is not lifecycle managed
2026-10-10 10:03:36.239 Df runningboardd[601:652441] [com.apple.runningboard:process] [app<application.me.veyra.gpui-prototype.35334998.35335004(501)>:16877] Ignoring GPU update because this process is not GPU managed
2026-10-10 10:03:36.239 Df runningboardd[601:652441] [com.apple.runningboard:process] [app<application.me.veyra.gpui-prototype.35334998.35335004(501)>:16877] Ignoring memory limit update because this process is not memory-managed
2026-10-10 10:03:36.239 Df runningboardd[601:652441] [com.apple.runningboard:ttl] [app<application.me.veyra.gpui-prototype.35334998.35335004(501)>:16877] visiblity is yes
2026-10-10 10:03:36.239 Df runningboardd[601:652440] [com.apple.runningboard:monitor] Calculated state for app<application.me.veyra.gpui-prototype.35334998.35335004(501)>: running-active (role: UserInteractiveNonFocal) (endowments: <private>)
2026-10-10 10:03:36.239 A  veyra-gpui-prototype[16877:6518f9] (RunningBoardServices) didChangeInheritances
2026-10-10 10:03:36.239 Df MenuBarAgent[1108:6524c7] [com.apple.runningboard:monitor] Received state update for 16877 (app<application.me.veyra.gpui-prototype.35334998.35335004(501)>, running-active-NotVisible
2026-10-10 10:03:36.239 Df gamepolicyd[755:652442] [com.apple.runningboard:monitor] Received state update for 16877 (app<application.me.veyra.gpui-prototype.35334998.35335004(501)>, running-active-NotVisible
2026-10-10 10:03:36.668 A  veyra-gpui-prototype[16877:6518f9] (CoreSpotlight) end-index-batch
2026-10-10 10:03:36.668 A  veyra-gpui-prototype[16877:6518f9] (CoreSpotlight) index-items
2026-10-10 10:03:36.668 Df veyra-gpui-prototype[16877:6518f9] [com.apple.corespotlight:index] Submitting donation: <private> (736 bytes with 0 enqueued)
2026-10-10 10:03:36.668 Df veyra-gpui-prototype[16877:6524f5] [com.apple.corespotlight:index] Performing donation: <private>
2026-10-10 10:03:36.668 Df veyra-gpui-prototype[16877:6524f5] [com.apple.xpc:connection] [0x76fe4ed400] activating connection: mach=false listener=false peer=false name=com.apple.SetStoreUpdateService
2026-10-10 10:03:36.668 Df veyra-gpui-prototype[16877:6524f5] [com.apple.Biome:BiomeCascade] Requesting new set donation <private>
2026-10-10 10:03:36.669 Df veyra-gpui-prototype[16877:6518f9] [com.apple.xpc:connection] [0x76fe4ed400] Re-initialization successful; calling out to event handler with XPC_ERROR_CONNECTION_INTERRUPTED
2026-10-10 10:03:36.669 Df veyra-gpui-prototype[16877:6518f9] [com.apple.xpc:connection] [0x76fe4ed400] invalidated because the current process cancelled the connection by calling xpc_connection_cancel()
2026-10-10 10:03:36.669 Df veyra-gpui-prototype[16877:6524f5] [com.apple.Biome:BiomeCascade] Service responded to request for new donation <private> with None
2026-10-10 10:03:36.669 Df veyra-gpui-prototype[16877:6524f5] [com.apple.corespotlight:index] Completed donation: <private> result: Error Domain=CSIndexErrorDomain Code=-1000 "Failed to request donation" UserInfo={NSDebugDescription=Failed to request donation, NSUnderlyingError=0x76fe566df0 {Error Domain=NSCocoaErrorDomain Code=4099 UserInfo={NSDebugDescription=<private>}}}
2026-10-10 10:03:41.491 Df MenuBarAgent[1108:6524c8] [com.apple.FrontBoard:ProcessWorkspace] [app<application.me.veyra.gpui-prototype.35334998.35335004>:16877] Workspace state did change: BG-Active[40] --> XX-None[0] (assertion dropped).
2026-10-10 10:03:41.491 Df runningboardd[601:652405] [com.apple.runningboard:ttl] Invalidating assertion 601-1108-62413 (target:[app<application.me.veyra.gpui-prototype.35334998.35335004(501)>:16877]) from originator [osservice<com.apple.MenuBarAgent(501)>:1108]
2026-10-10 10:03:41.598 Df runningboardd[601:652405] [com.apple.runningboard:process] [app<application.me.veyra.gpui-prototype.35334998.35335004(501)>:16877] Ignoring jetsam update because this process is not memory-managed
2026-10-10 10:03:41.598 Df runningboardd[601:652405] [com.apple.runningboard:process] [app<application.me.veyra.gpui-prototype.35334998.35335004(501)>:16877] Ignoring suspend because this process is not lifecycle managed
2026-10-10 10:03:41.598 Df runningboardd[601:652405] [com.apple.runningboard:process] [app<application.me.veyra.gpui-prototype.35334998.35335004(501)>:16877] Ignoring GPU update because this process is not GPU managed
2026-10-10 10:03:41.598 Df runningboardd[601:652405] [com.apple.runningboard:process] [app<application.me.veyra.gpui-prototype.35334998.35335004(501)>:16877] Ignoring memory limit update because this process is not memory-managed
2026-10-10 10:03:41.599 Df runningboardd[601:652447] [com.apple.runningboard:monitor] Calculated state for app<application.me.veyra.gpui-prototype.35334998.35335004(501)>: running-active (role: UserInteractiveNonFocal) (endowments: <private>)
2026-10-10 10:03:41.599 Df MenuBarAgent[1108:6524c8] [com.apple.runningboard:monitor] Received state update for 16877 (app<application.me.veyra.gpui-prototype.35334998.35335004(501)>, running-active-NotVisible
2026-10-10 10:03:41.599 Df gamepolicyd[755:652442] [com.apple.runningboard:monitor] Received state update for 16877 (app<application.me.veyra.gpui-prototype.35334998.35335004(501)>, running-active-NotVisible
2026-10-10 10:03:43.695 Df veyra-gpui-prototype[16877:6524f2] [com.apple.xpc:connection] [0x76fe4ed400] activating connection: mach=false listener=false peer=false name=com.apple.appkit.xpc.ThemeWidgetControlViewService
2026-10-10 10:03:43.695 Df veyra-gpui-prototype[16877:6524f5] [com.apple.xpc:connection] [0x76fe4ed400] invalidated after the last release of the connection object
2026-10-10 10:03:43.699 Df veyra-gpui-prototype[16877:651810] [com.apple.xpc:connection] [0x76fe4ed540] activating connection: mach=false listener=false peer=false name=(anonymous)
2026-10-10 10:03:43.699 Df veyra-gpui-prototype[16877:651810] [com.apple.xpc:connection] [0x76fe4ed400] activating connection: mach=false listener=false peer=false name=(anonymous)
2026-10-10 10:03:56.192 Df veyra-gpui-prototype[16877:651810] (HIToolbox) TSM AdjustCapsLockLEDForKeyTransitionHandling - _ISSetPhysicalKeyboardCapsLockLED Inhibit
2026-10-10 10:03:58.733 Df veyra-gpui-prototype[16877:651810] [com.apple.xpc:connection] [0x76fe4ed400] invalidated because the current process cancelled the connection by calling xpc_connection_cancel()
2026-10-10 10:03:58.733 Df veyra-gpui-prototype[16877:651810] [com.apple.xpc:connection] [0x76fe4ed540] invalidated because the current process cancelled the connection by calling xpc_connection_cancel()
2026-10-10 10:04:13.234 Df veyra-gpui-prototype[16877:651810] [com.apple.FrontBoard:SceneClient] [com.apple.appkit.status-items:398BFD23-D894-4480-B5B2-20A19547E560] Sending action(s) to "NSMenuBarNavigationSceneExtension": AppKit.NSMenuBarNavigateAction
2026-10-10 10:04:13.250 Df runningboardd[601:652448] [com.apple.runningboard:ttl] Acquiring assertion targeting [app<application.me.veyra.gpui-prototype.35334998.35335004(501)>:16877] from originator [osservice<com.apple.MenuBarAgent(501)>:1108] with description <RBSAssertionDescriptor| "FBWorkspace (BG-Active[40])" ID:601-1108-62425 target:16877 attributes:[
	<RBSDomainAttribute| domain:"com.apple.frontboard" name:"SuspendableLPRunReason-Suspend" sourceEnvironment:"(null)">,
	<RBSDomainAttribute| domain:"com.apple.frontboard" name:"SuspendableRole-NonUI" sourceEnvironment:"(null)">,
	<RBSDomainAttribute| domain:"com.apple.frontboard" name:"SuspendableJetsamPriority-Active" sourceEnvironment:"(null)">
	]>
2026-10-10 10:04:13.250 Df runningboardd[601:652448] [com.apple.runningboard:ttl] Assertion 601-1108-62425 (target:[app<application.me.veyra.gpui-prototype.35334998.35335004(501)>:16877]) will be created as active
2026-10-10 10:04:13.250 Df MenuBarAgent[1108:652721] [com.apple.FrontBoard:ProcessWorkspace] [app<application.me.veyra.gpui-prototype.35334998.35335004>:16877] Workspace state did change: XX-None[0] --> BG-Active[40] (assertion acquired).
2026-10-10 10:04:13.250 Df runningboardd[601:652448] [com.apple.runningboard:process] [app<application.me.veyra.gpui-prototype.35334998.35335004(501)>:16877] Ignoring jetsam update because this process is not memory-managed
2026-10-10 10:04:13.250 Df runningboardd[601:652448] [com.apple.runningboard:process] [app<application.me.veyra.gpui-prototype.35334998.35335004(501)>:16877] Ignoring suspend because this process is not lifecycle managed
2026-10-10 10:04:13.250 Df runningboardd[601:652448] [com.apple.runningboard:process] [app<application.me.veyra.gpui-prototype.35334998.35335004(501)>:16877] Ignoring GPU update because this process is not GPU managed
2026-10-10 10:04:13.250 Df runningboardd[601:652448] [com.apple.runningboard:process] [app<application.me.veyra.gpui-prototype.35334998.35335004(501)>:16877] Ignoring memory limit update because this process is not memory-managed
2026-10-10 10:04:13.251 Df runningboardd[601:6526fc] [com.apple.runningboard:monitor] Calculated state for app<application.me.veyra.gpui-prototype.35334998.35335004(501)>: running-active (role: UserInteractiveNonFocal) (endowments: <private>)
2026-10-10 10:04:13.251 Df MenuBarAgent[1108:652842] [com.apple.runningboard:monitor] Received state update for 16877 (app<application.me.veyra.gpui-prototype.35334998.35335004(501)>, running-active-NotVisible
2026-10-10 10:04:13.251 Df gamepolicyd[755:652442] [com.apple.runningboard:monitor] Received state update for 16877 (app<application.me.veyra.gpui-prototype.35334998.35335004(501)>, running-active-NotVisible
2026-10-10 10:04:13.412 Df veyra-gpui-prototype[16877:651d04] [com.apple.xpc:connection] [0x76fe4ed540] activating connection: mach=false listener=false peer=false name=com.apple.appkit.xpc.ThemeWidgetControlViewService
2026-10-10 10:04:13.412 Df veyra-gpui-prototype[16877:651d04] [com.apple.xpc:connection] [0x76fe4ed540] invalidated after the last release of the connection object
2026-10-10 10:04:13.413 Df veyra-gpui-prototype[16877:651810] [com.apple.xpc:connection] [0x76fe4ed680] activating connection: mach=false listener=false peer=false name=(anonymous)
2026-10-10 10:04:13.413 Df veyra-gpui-prototype[16877:651810] [com.apple.xpc:connection] [0x76fe4ed400] activating connection: mach=false listener=false peer=false name=(anonymous)
2026-10-10 10:04:13.475 A  veyra-gpui-prototype[16877:651810] (AppKit) perform action for menu item
2026-10-10 10:04:13.475 A  veyra-gpui-prototype[16877:651810] (AppKit) sendAction:
2026-10-10 10:04:13.478 Df veyra-gpui-prototype[16877:651d04] [com.apple.xpc:connection] [0x76fe4ed7c0] activating connection: mach=true listener=false peer=false name=com.apple.proactive.app-client.donation
2026-10-10 10:04:13.479 Df veyra-gpui-prototype[16877:651810] [com.apple.FrontBoard:Common] [com.apple.appkit.status-items:398BFD23-D894-4480-B5B2-20A19547E560] Component <_TtCC6AppKit33NSMenuBarNavigationSceneExtension15ClientComponent: 0x76fda2c8c0> handled action(s): <private>
2026-10-10 10:04:13.485 Df veyra-gpui-prototype[16877:651810] [com.apple.processmanager:front-35286506] PostShowProcess: pid=16877 processToShow=0x0-0x2 (ourselves)
2026-10-10 10:04:13.487 Df runningboardd[601:652449] [com.apple.runningboard:ttl] Acquiring assertion targeting [app<application.me.veyra.gpui-prototype.35334998.35335004(501)>:16877] from originator [osservice<com.apple.coreservices.launchservicesd>:567] with description <RBSAssertionDescriptor| "frontmost:16877" ID:601-567-62426 target:16877 attributes:[
	<RBSDomainAttribute| domain:"com.apple.launchservicesd" name:"RoleUserInteractiveFocal" sourceEnvironment:"(null)">
	]>
2026-10-10 10:04:13.487 Df runningboardd[601:652449] [com.apple.runningboard:ttl] Assertion 601-567-62426 (target:[app<application.me.veyra.gpui-prototype.35334998.35335004(501)>:16877]) will be created as active
2026-10-10 10:04:13.487 Df runningboardd[601:652447] [com.apple.runningboard:process] [app<application.me.veyra.gpui-prototype.35334998.35335004(501)>:16877] Ignoring jetsam update because this process is not memory-managed
2026-10-10 10:04:13.487 Df runningboardd[601:652447] [com.apple.runningboard:process] [app<application.me.veyra.gpui-prototype.35334998.35335004(501)>:16877] Ignoring suspend because this process is not lifecycle managed
2026-10-10 10:04:13.487 Df runningboardd[601:652447] [com.apple.runningboard:ttl] [app<application.me.veyra.gpui-prototype.35334998.35335004(501)>:16877] Set darwin role to: UserInteractiveFocal
2026-10-10 10:04:13.487 Df runningboardd[601:652447] [com.apple.runningboard:process] [app<application.me.veyra.gpui-prototype.35334998.35335004(501)>:16877] Ignoring GPU update because this process is not GPU managed
2026-10-10 10:04:13.487 Df runningboardd[601:652447] [com.apple.runningboard:process] [app<application.me.veyra.gpui-prototype.35334998.35335004(501)>:16877] Ignoring memory limit update because this process is not memory-managed
2026-10-10 10:04:13.488 Df WindowServer[595:12b3] [com.apple.SkyLight.processes:Focus] 1b7eb7[SetFrontProcessWithInfo]: [DeferringManager] Updating policy {
    advicePolicy: .frontmost;
    frontmostProcess: 0x0-0x3d33d3 (VeyraPrototype) mainConnectionID: 1B7EB7;
} for reason: updated frontmost process
2026-10-10 10:04:13.488 Df WindowServer[595:12b3] [com.apple.SkyLight.processes:Focus] 1b7eb7[SetFrontProcessWithInfo]: [DeferringManager] Deferring events from frontmost process PSN 0x0-0x3d33d3 (VeyraPrototype) -> <pid: 16877>
2026-10-10 10:04:13.488 Df WindowServer[595:12b3] [com.apple.BackBoard:EventDelivery] new deferring rules for pid:595: [
    [595-16FF]; <keyboardFocus; VeyraPrototype:0x0-0x3d33d3> -> <pid: 16877>; reason: frontmost PSN --> outbound target,
    [595-16FE]; <keyboardFocus; <frontmost>> -> <token: VeyraPrototype:0x0-0x3d33d3; pid: 595>; reason: frontmost PSN,
    [595-16FD]; <keyboardFocus> -> <token: <frontmost>; pid: 595>; reason: Deferring to <frontmost>
]
2026-10-10 10:04:13.488 Df WindowServer[595:12b3] [com.apple.BackBoard:EventDelivery] [<keyboardFocus> 0x75b6da4d90] setRules:forPID(595) generation: 12779: [
    [595-16FF]; <keyboardFocus; VeyraPrototype:0x0-0x3d33d3> -> <pid: 16877>; reason: frontmost PSN --> outbound target,
    [595-16FE]; <keyboardFocus; <frontmost>> -> <token: VeyraPrototype:0x0-0x3d33d3; pid: 595>; reason: frontmost PSN,
    [595-16FD]; <keyboardFocus> -> <token: <frontmost>; pid: 595>; reason: Deferring to <frontmost>
]
2026-10-10 10:04:13.488 Df WindowServer[595:12b3] [com.apple.BackBoard:EventDelivery] chain did update (setDeferringRules) <<keyboardFocus>; generation: 12779; finalStringTargetIndex: 1> containsEndOfChain: YES; [
    <token: <frontmost>; pid: 595>,
    <token: VeyraPrototype:0x0-0x3d33d3; pid: 595>,
    <pid: 16877>
]
2026-10-10 10:04:13.489 Df runningboardd[601:652448] [com.apple.runningboard:ttl] Acquiring assertion targeting [app<application.me.veyra.gpui-prototype.35334998.35335004(501)>:16877] from originator [osservice<com.apple.WindowServer(88)>:595] with description <RBSAssertionDescriptor| "FUSBFrontmostProcess" ID:601-595-62427 target:16877 attributes:[
	<RBSDomainAttribute| domain:"com.apple.fuseboard" name:"Frontmost" sourceEnvironment:"(null)">,
	<RBSAcquisitionCompletionAttribute| policy:AfterApplication>
	]>
2026-10-10 10:04:13.489 Df runningboardd[601:652448] [com.apple.runningboard:ttl] Assertion 601-595-62427 (target:[app<application.me.veyra.gpui-prototype.35334998.35335004(501)>:16877]) will be created as active
2026-10-10 10:04:13.489 Df runningboardd[601:652449] [com.apple.runningboard:monitor] Calculated state for app<application.me.veyra.gpui-prototype.35334998.35335004(501)>: running-active (role: UserInteractiveFocal) (endowments: <private>)
2026-10-10 10:04:13.490 Df runningboardd[601:652449] [com.apple.runningboard:process] [app<application.me.veyra.gpui-prototype.35334998.35335004(501)>:16877] Ignoring jetsam update because this process is not memory-managed
2026-10-10 10:04:13.490 Df runningboardd[601:652449] [com.apple.runningboard:process] [app<application.me.veyra.gpui-prototype.35334998.35335004(501)>:16877] Ignoring suspend because this process is not lifecycle managed
2026-10-10 10:04:13.490 Df runningboardd[601:652449] [com.apple.runningboard:process] [app<application.me.veyra.gpui-prototype.35334998.35335004(501)>:16877] Ignoring GPU update because this process is not GPU managed
2026-10-10 10:04:13.490 Df runningboardd[601:652449] [com.apple.runningboard:process] [app<application.me.veyra.gpui-prototype.35334998.35335004(501)>:16877] Ignoring memory limit update because this process is not memory-managed
2026-10-10 10:04:13.490 Df MenuBarAgent[1108:652721] [com.apple.runningboard:monitor] Received state update for 16877 (app<application.me.veyra.gpui-prototype.35334998.35335004(501)>, running-active-NotVisible
2026-10-10 10:04:13.490 Df runningboardd[601:652449] [com.apple.runningboard:monitor] Calculated state for app<application.me.veyra.gpui-prototype.35334998.35335004(501)>: running-active (role: UserInteractiveFocal) (endowments: <private>)
2026-10-10 10:04:13.491 Df WindowServer[595:12b3] [com.apple.BackBoard:EventDelivery] chain did update (setDeferringRules) <<keyboardFocus>; generation: 12780; finalStringTargetIndex: 3> containsEndOfChain: YES; [
    <token: <frontmost>; pid: 595>,
    <token: VeyraPrototype:0x0-0x3d33d3; pid: 595>,
    <pid: 16877>,
    <token: viewbridge-key-window; pid: 16877>
]
2026-10-10 10:04:13.491 Df runningboardd[601:652447] [com.apple.runningboard:ttl] Acquiring assertion targeting [app<application.me.veyra.gpui-prototype.35334998.35335004(501)>:16877] from originator [osservice<com.apple.coreservices.launchservicesd>:567] with description <RBSAssertionDescriptor| "notification:16877" ID:601-567-62428 target:16877 attributes:[
	<RBSDomainAttribute| domain:"com.apple.launchservicesd" name:"LSNotification" sourceEnvironment:"(null)">
	]>
2026-10-10 10:04:13.491 Df runningboardd[601:652447] [com.apple.runningboard:ttl] Assertion 601-567-62428 (target:[app<application.me.veyra.gpui-prototype.35334998.35335004(501)>:16877]) will be created as active
2026-10-10 10:04:13.491 A  veyra-gpui-prototype[16877:6524f4] (RunningBoardServices) didChangeInheritances
2026-10-10 10:04:13.492 A  veyra-gpui-prototype[16877:6524f2] (RunningBoardServices) didChangeInheritances
2026-10-10 10:04:13.492 Df runningboardd[601:652448] [com.apple.runningboard:process] [app<application.me.veyra.gpui-prototype.35334998.35335004(501)>:16877] Ignoring jetsam update because this process is not memory-managed
2026-10-10 10:04:13.492 Df runningboardd[601:652448] [com.apple.runningboard:process] [app<application.me.veyra.gpui-prototype.35334998.35335004(501)>:16877] Ignoring suspend because this process is not lifecycle managed
2026-10-10 10:04:13.492 Df runningboardd[601:652448] [com.apple.runningboard:process] [app<application.me.veyra.gpui-prototype.35334998.35335004(501)>:16877] Ignoring GPU update because this process is not GPU managed
2026-10-10 10:04:13.492 Df runningboardd[601:652448] [com.apple.runningboard:process] [app<application.me.veyra.gpui-prototype.35334998.35335004(501)>:16877] Ignoring memory limit update because this process is not memory-managed
2026-10-10 10:04:13.492 Df gamepolicyd[755:652442] [com.apple.runningboard:monitor] Received state update for 16877 (app<application.me.veyra.gpui-prototype.35334998.35335004(501)>, running-active-NotVisible
2026-10-10 10:04:13.492 Df MenuBarAgent[1108:652842] [com.apple.runningboard:monitor] Received state update for 16877 (app<application.me.veyra.gpui-prototype.35334998.35335004(501)>, running-active-NotVisible
2026-10-10 10:04:13.492 Df runningboardd[601:652449] [com.apple.runningboard:monitor] Calculated state for app<application.me.veyra.gpui-prototype.35334998.35335004(501)>: running-active (role: UserInteractiveFocal) (endowments: <private>)
2026-10-10 10:04:13.492 Df gamepolicyd[755:6526fe] [com.apple.runningboard:monitor] Received state update for 16877 (app<application.me.veyra.gpui-prototype.35334998.35335004(501)>, running-active-NotVisible
2026-10-10 10:04:13.492 Df MenuBarAgent[1108:652843] [com.apple.runningboard:monitor] Received state update for 16877 (app<application.me.veyra.gpui-prototype.35334998.35335004(501)>, running-active-NotVisible
2026-10-10 10:04:13.492 Df gamepolicyd[755:652442] [com.apple.runningboard:monitor] Received state update for 16877 (app<application.me.veyra.gpui-prototype.35334998.35335004(501)>, running-active-NotVisible
2026-10-10 10:04:13.505 Df veyra-gpui-prototype[16877:6524f2] [com.apple.UIIntelligenceSupport:xpc] establishing connection to agent
2026-10-10 10:04:13.505 Df veyra-gpui-prototype[16877:6524f2] [com.apple.xpc:session] [0x76fc57de00] Session created.
2026-10-10 10:04:13.505 Df veyra-gpui-prototype[16877:6524f2] [com.apple.xpc:session] [0x76fc57de00] Session created from connection [0x76fe4ed540]
2026-10-10 10:04:13.505 Df veyra-gpui-prototype[16877:6524f2] [com.apple.xpc:connection] [0x76fe4ed540] activating connection: mach=true listener=false peer=false name=com.apple.uiintelligencesupport.agent
2026-10-10 10:04:13.505 Df veyra-gpui-prototype[16877:6524f2] [com.apple.xpc:session] [0x76fc57de00] Session activated
2026-10-10 10:04:13.505 Df intelligencecontextd[1079:651e32] [com.apple.UIIntelligenceSupport:xpc] Accepting new connection ConnectionID(1289, ProcessInfo("me.veyra.gpui-prototype", pid: 16877))
2026-10-10 10:04:13.505 Df veyra-gpui-prototype[16877:6524f2] [com.apple.UIIntelligenceSupport:xpc] Connection established with agent PID: 1079
2026-10-10 10:04:13.507 Df veyra-gpui-prototype[16877:651d04] [com.apple.xpc:connection] [0x76fe4eca00] activating connection: mach=false listener=false peer=false name=com.apple.TextInputUI.xpc.CursorUIViewService
2026-10-10 10:04:13.507 Df veyra-gpui-prototype[16877:651810] [com.apple.FrontBoard:SceneClient] [com.apple.appkit.status-items:398BFD23-D894-4480-B5B2-20A19547E560] Received action(s) for "NSMenuBarNavigationSceneExtension": AppKit.NSMenuBarNavigateAction
2026-10-10 10:04:13.508 Df veyra-gpui-prototype[16877:651810] [com.apple.FrontBoard:Common] [com.apple.appkit.status-items:398BFD23-D894-4480-B5B2-20A19547E560] Component <_TtCC6AppKit33NSMenuBarNavigationSceneExtension15ClientComponent: 0x76fda2c8c0> handled action(s): <private>
2026-10-10 10:04:13.508 Df veyra-gpui-prototype[16877:6524f2] [com.apple.xpc:connection] [0x76fe4eca00] invalidated after the last release of the connection object
2026-10-10 10:04:13.512 Df WindowServer[595:12b3] [com.apple.BackBoard:EventDelivery] chain did update (setDeferringRules) <<keyboardFocus>; generation: 12781; finalStringTargetIndex: 3> containsEndOfChain: YES; [
    <token: <frontmost>; pid: 595>,
    <token: VeyraPrototype:0x0-0x3d33d3; pid: 595>,
    <pid: 16877>,
    <token: viewbridge-key-window; pid: 16877>
]
2026-10-10 10:04:13.513 Df veyra-gpui-prototype[16877:651810] [com.apple.xpc:connection] [0x76fe4ecc80] activating connection: mach=false listener=false peer=false name=(anonymous)
2026-10-10 10:04:13.513 Df veyra-gpui-prototype[16877:651810] [com.apple.xpc:connection] [0x76fe4eca00] activating connection: mach=false listener=false peer=false name=(anonymous)
2026-10-10 10:04:13.522 Df runningboardd[601:6526fc] [com.apple.runningboard:ttl] Invalidating assertion 601-595-62415 (target:[app<application.me.veyra.gpui-prototype.35334998.35335004(501)>:16877]) from originator [osservice<com.apple.WindowServer(88)>:595]
2026-10-10 10:04:13.523 Df runningboardd[601:6526fc] [com.apple.runningboard:ttl] Invalidating assertion 601-595-62416 (target:[app<application.me.veyra.gpui-prototype.35334998.35335004(501)>:16877]) from originator [osservice<com.apple.WindowServer(88)>:595]
2026-10-10 10:04:13.528 Df runningboardd[601:6526fc] [com.apple.runningboard:ttl] Acquiring assertion targeting [app<application.me.veyra.gpui-prototype.35334998.35335004(501)>:16877] from originator [osservice<com.apple.WindowServer(88)>:595] with description <RBSAssertionDescriptor| "AppVisible" ID:601-595-62430 target:16877 attributes:[
	<RBSDomainAttribute| domain:"com.apple.appnap" name:"AppVisible" sourceEnvironment:"(null)">,
	<RBSAcquisitionCompletionAttribute| policy:AfterApplication>
	]>
2026-10-10 10:04:13.528 Df runningboardd[601:6526fc] [com.apple.runningboard:ttl] Assertion 601-595-62430 (target:[app<application.me.veyra.gpui-prototype.35334998.35335004(501)>:16877]) will be created as active
2026-10-10 10:04:13.541 Df veyra-gpui-prototype[16877:6524f4] [com.apple.xpc:connection] [0x76fe4ec8c0] activating connection: mach=false listener=false peer=false name=com.apple.appkit.xpc.ThemeWidgetControlViewService
2026-10-10 10:04:13.541 Df veyra-gpui-prototype[16877:6524f4] [com.apple.xpc:connection] [0x76fe4ec8c0] invalidated after the last release of the connection object
2026-10-10 10:04:13.541 F  veyra-gpui-prototype[16877:651810] [com.apple.runtime-issues:AppKit] Invalid view geometry: width is negative.
2026-10-10 10:04:13.541 A  veyra-gpui-prototype[16877:651810] (libsystem_trace.dylib) Activity for state dumps
2026-10-10 10:04:13.541 F  veyra-gpui-prototype[16877:651810] [com.apple.runtime-issues:AppKit] Invalid view geometry: height is negative.
2026-10-10 10:04:13.541 A  veyra-gpui-prototype[16877:651810] (libsystem_trace.dylib) Activity for state dumps
2026-10-10 10:04:13.541 F  veyra-gpui-prototype[16877:651810] [com.apple.runtime-issues:AppKit] Invalid view geometry: width is negative.
2026-10-10 10:04:13.541 A  veyra-gpui-prototype[16877:651810] (libsystem_trace.dylib) Activity for state dumps
2026-10-10 10:04:13.541 F  veyra-gpui-prototype[16877:651810] [com.apple.runtime-issues:AppKit] Invalid view geometry: height is negative.
2026-10-10 10:04:13.541 A  veyra-gpui-prototype[16877:651810] (libsystem_trace.dylib) Activity for state dumps
2026-10-10 10:04:13.546 Df veyra-gpui-prototype[16877:651810] [com.apple.xpc:connection] [0x76fe4ed900] activating connection: mach=false listener=false peer=false name=(anonymous)
2026-10-10 10:04:13.546 Df veyra-gpui-prototype[16877:651810] [com.apple.xpc:connection] [0x76fe4ec8c0] activating connection: mach=false listener=false peer=false name=(anonymous)
2026-10-10 10:04:13.547 Sd veyra-gpui-prototype[16877:0] (2688AFBC-5C39-3132-BCF5-8D00D32D7615) com.apple.appkit:StatusBar
{
    items =     (
                {
            activeState = 1;
            appearance = NSAppearanceNameDarkAqua;
            autosaveName = "Item-0";
            class = NSSceneStatusItem;
            hostWindowID = 0;
            isVisible = 1;
            statusItemSceneIdentifier = "398BFD23-D894-4480-B5B2-20A19547E560";
            variantSceneIdentifier = "398BFD23-D894-4480-B5B2-20A19547E560-Variant[Presentation]";
            windowNumber = 100000000;
            windowWidth = 34;
        }
    );
}
2026-10-10 10:04:13.548 F  veyra-gpui-prototype[16877:651810] [com.apple.runtime-issues:AppKit] Invalid view geometry: width is negative.
2026-10-10 10:04:13.548 A  veyra-gpui-prototype[16877:651810] (libsystem_trace.dylib) Activity for state dumps
2026-10-10 10:04:13.548 F  veyra-gpui-prototype[16877:651810] [com.apple.runtime-issues:AppKit] Invalid view geometry: height is negative.
2026-10-10 10:04:13.548 A  veyra-gpui-prototype[16877:651810] (libsystem_trace.dylib) Activity for state dumps
2026-10-10 10:04:13.550 Df veyra-gpui-prototype[16877:651810] [com.apple.TextInputUI:CursorUI] -[TUINSCursorUIController activate:]_block_invoke: Create CursorUIViewService: TUINSRemoteViewController
2026-10-10 10:04:13.550 Df veyra-gpui-prototype[16877:651810] [com.apple.xpc:connection] [0x76fd9b12c0] invalidated because the current process cancelled the connection by calling xpc_connection_cancel()
2026-10-10 10:04:13.550 Df veyra-gpui-prototype[16877:651810] [com.apple.xpc:connection] [0x76fd9b2300] invalidated because the current process cancelled the connection by calling xpc_connection_cancel()
2026-10-10 10:04:13.555 Df WindowServer[595:12b3] [com.apple.BackBoard:EventDelivery] chain did update (setDeferringRules) <<keyboardFocus>; generation: 12782; finalStringTargetIndex: 3> containsEndOfChain: YES; [
    <token: <frontmost>; pid: 595>,
    <token: VeyraPrototype:0x0-0x3d33d3; pid: 595>,
    <pid: 16877>,
    <token: viewbridge-key-window; pid: 16877>
]
2026-10-10 10:04:13.555 Df runningboardd[601:652448] [com.apple.runningboard:ttl] Acquiring assertion targeting [app<application.me.veyra.gpui-prototype.35334998.35335004(501)>:16877] from originator [osservice<com.apple.WindowServer(88)>:595] with description <RBSAssertionDescriptor| "FUSBProcessWindowState: visible" ID:601-595-62431 target:16877 attributes:[
	<RBSDomainAttribute| domain:"com.apple.fuseboard" name:"Visible" sourceEnvironment:"(null)">,
	<RBSAcquisitionCompletionAttribute| policy:AfterApplication>
	]>
2026-10-10 10:04:13.555 Df runningboardd[601:652448] [com.apple.runningboard:ttl] Assertion 601-595-62431 (target:[app<application.me.veyra.gpui-prototype.35334998.35335004(501)>:16877]) will be created as active
2026-10-10 10:04:13.556 Df WindowServer[595:12b3] [com.apple.BackBoard:EventDelivery] chain did update (setDeferringRules) <<keyboardFocus>; generation: 12783; finalStringTargetIndex: 3> containsEndOfChain: YES; [
    <token: <frontmost>; pid: 595>,
    <token: VeyraPrototype:0x0-0x3d33d3; pid: 595>,
    <pid: 16877>,
    <token: viewbridge-key-window; pid: 16877>
]
2026-10-10 10:04:13.556 A  veyra-gpui-prototype[16877:651d04] (RunningBoardServices) didChangeInheritances
2026-10-10 10:04:13.595 A  veyra-gpui-prototype[16877:6524f4] (RunningBoardServices) didChangeInheritances
2026-10-10 10:04:13.616 Df MenuBarAgent[1108:652843] [com.apple.FrontBoard:ProcessWorkspace] [app<application.me.veyra.gpui-prototype.35334998.35335004>:16877] Workspace state did change: BG-Active[40] --> XX-None[0] (assertion dropped).
2026-10-10 10:04:13.616 Df runningboardd[601:652447] [com.apple.runningboard:ttl] Invalidating assertion 601-1108-62425 (target:[app<application.me.veyra.gpui-prototype.35334998.35335004(501)>:16877]) from originator [osservice<com.apple.MenuBarAgent(501)>:1108]
2026-10-10 10:04:13.723 Df runningboardd[601:652449] [com.apple.runningboard:process] [app<application.me.veyra.gpui-prototype.35334998.35335004(501)>:16877] Ignoring jetsam update because this process is not memory-managed
2026-10-10 10:04:13.723 Df runningboardd[601:652449] [com.apple.runningboard:process] [app<application.me.veyra.gpui-prototype.35334998.35335004(501)>:16877] Ignoring suspend because this process is not lifecycle managed
2026-10-10 10:04:13.723 Df runningboardd[601:652449] [com.apple.runningboard:process] [app<application.me.veyra.gpui-prototype.35334998.35335004(501)>:16877] Ignoring GPU update because this process is not GPU managed
2026-10-10 10:04:13.723 Df runningboardd[601:652449] [com.apple.runningboard:process] [app<application.me.veyra.gpui-prototype.35334998.35335004(501)>:16877] Ignoring memory limit update because this process is not memory-managed
2026-10-10 10:04:13.723 Df runningboardd[601:6526fc] [com.apple.runningboard:monitor] Calculated state for app<application.me.veyra.gpui-prototype.35334998.35335004(501)>: running-active (role: UserInteractiveFocal) (endowments: <private>)
2026-10-10 10:04:13.724 Df MenuBarAgent[1108:652843] [com.apple.runningboard:monitor] Received state update for 16877 (app<application.me.veyra.gpui-prototype.35334998.35335004(501)>, running-active-NotVisible
2026-10-10 10:04:13.724 Df gamepolicyd[755:6526fe] [com.apple.runningboard:monitor] Received state update for 16877 (app<application.me.veyra.gpui-prototype.35334998.35335004(501)>, running-active-NotVisible
2026-10-10 10:04:13.973 A  veyra-gpui-prototype[16877:6524f4] (CoreSpotlight) end-index-batch
2026-10-10 10:04:13.973 A  veyra-gpui-prototype[16877:6524f4] (CoreSpotlight) index-items
2026-10-10 10:04:13.973 Df veyra-gpui-prototype[16877:6524f4] [com.apple.corespotlight:index] Submitting donation: <private> (1254 bytes with 0 enqueued)
2026-10-10 10:04:13.973 Df veyra-gpui-prototype[16877:651d04] [com.apple.corespotlight:index] Performing donation: <private>
2026-10-10 10:04:13.974 Df veyra-gpui-prototype[16877:651d04] [com.apple.xpc:connection] [0x76fe4edcc0] activating connection: mach=false listener=false peer=false name=com.apple.SetStoreUpdateService
2026-10-10 10:04:13.974 Df veyra-gpui-prototype[16877:651d04] [com.apple.Biome:BiomeCascade] Requesting new set donation <private>
2026-10-10 10:04:13.974 Df veyra-gpui-prototype[16877:6524f4] [com.apple.xpc:connection] [0x76fe4edcc0] Re-initialization successful; calling out to event handler with XPC_ERROR_CONNECTION_INTERRUPTED
2026-10-10 10:04:13.974 Df veyra-gpui-prototype[16877:6524f4] [com.apple.xpc:connection] [0x76fe4edcc0] invalidated because the current process cancelled the connection by calling xpc_connection_cancel()
2026-10-10 10:04:13.974 Df veyra-gpui-prototype[16877:651d04] [com.apple.Biome:BiomeCascade] Service responded to request for new donation <private> with None
2026-10-10 10:04:13.974 Df veyra-gpui-prototype[16877:651d04] [com.apple.corespotlight:index] Completed donation: <private> result: Error Domain=CSIndexErrorDomain Code=-1000 "Failed to request donation" UserInfo={NSDebugDescription=Failed to request donation, NSUnderlyingError=0x76fe5fe640 {Error Domain=NSCocoaErrorDomain Code=4099 UserInfo={NSDebugDescription=<private>}}}
2026-10-10 10:04:15.323 Df runningboardd[601:6526fc] [com.apple.runningboard:ttl] Invalidating assertion 601-567-62426 (target:[app<application.me.veyra.gpui-prototype.35334998.35335004(501)>:16877]) from originator [osservice<com.apple.coreservices.launchservicesd>:567]
2026-10-10 10:04:15.325 Df runningboardd[601:652448] [com.apple.runningboard:ttl] Invalidating assertion 601-595-62427 (target:[app<application.me.veyra.gpui-prototype.35334998.35335004(501)>:16877]) from originator [osservice<com.apple.WindowServer(88)>:595]
2026-10-10 10:04:15.343 A  veyra-gpui-prototype[16877:651810] (CoreFoundation) Loading Preferences From User CFPrefsD
2026-10-10 10:04:15.358 A  veyra-gpui-prototype[16877:651810] (CoreFoundation) Loading Preferences From User CFPrefsD
2026-10-10 10:04:15.415 A  veyra-gpui-prototype[16877:651810] (CoreFoundation) Loading Preferences From User CFPrefsD
2026-10-10 10:04:15.429 Df runningboardd[601:652449] [com.apple.runningboard:process] [app<application.me.veyra.gpui-prototype.35334998.35335004(501)>:16877] Ignoring jetsam update because this process is not memory-managed
2026-10-10 10:04:15.429 Df runningboardd[601:652449] [com.apple.runningboard:process] [app<application.me.veyra.gpui-prototype.35334998.35335004(501)>:16877] Ignoring suspend because this process is not lifecycle managed
2026-10-10 10:04:15.429 Df runningboardd[601:652449] [com.apple.runningboard:ttl] [app<application.me.veyra.gpui-prototype.35334998.35335004(501)>:16877] Set darwin role to: UserInteractiveNonFocal
2026-10-10 10:04:15.429 Df runningboardd[601:652449] [com.apple.runningboard:process] [app<application.me.veyra.gpui-prototype.35334998.35335004(501)>:16877] Ignoring GPU update because this process is not GPU managed
2026-10-10 10:04:15.429 Df runningboardd[601:652449] [com.apple.runningboard:process] [app<application.me.veyra.gpui-prototype.35334998.35335004(501)>:16877] Ignoring memory limit update because this process is not memory-managed
2026-10-10 10:04:15.429 A  veyra-gpui-prototype[16877:6524f6] (RunningBoardServices) didChangeInheritances
2026-10-10 10:04:15.429 Df runningboardd[601:6526fd] [com.apple.runningboard:monitor] Calculated state for app<application.me.veyra.gpui-prototype.35334998.35335004(501)>: running-active (role: UserInteractiveNonFocal) (endowments: <private>)
2026-10-10 10:04:15.430 Df MenuBarAgent[1108:652721] [com.apple.runningboard:monitor] Received state update for 16877 (app<application.me.veyra.gpui-prototype.35334998.35335004(501)>, running-active-NotVisible
2026-10-10 10:04:15.430 Df gamepolicyd[755:6526fe] [com.apple.runningboard:monitor] Received state update for 16877 (app<application.me.veyra.gpui-prototype.35334998.35335004(501)>, running-active-NotVisible
2026-10-10 10:04:15.448 Df veyra-gpui-prototype[16877:651810] [com.apple.AppKit:StateRestoration] -[NSPersistentUIManager flushAllChanges]
2026-10-10 10:04:15.453 Df veyra-gpui-prototype[16877:651810] [com.apple.AppKit:StateRestoration] -[NSPersistentUIManager flushAllChanges] finishing enqueued operations
2026-10-10 10:04:15.453 Df veyra-gpui-prototype[16877:6528d1] [com.apple.AppKit:StateRestoration] -[NSPersistentUIManager flushAllChanges]_block_invoke asyncing to main queue
2026-10-10 10:04:15.453 Df veyra-gpui-prototype[16877:6524f6] [com.apple.AppKit:StateRestoration] -[NSPersistentUIManager flushAllChanges]_block_invoke writing records
2026-10-10 10:04:16.686 A  veyra-gpui-prototype[16877:651810] (CoreFoundation) Loading Preferences From User CFPrefsD
2026-10-10 10:04:16.695 A  veyra-gpui-prototype[16877:651810] (CoreFoundation) Loading Preferences From User CFPrefsD
2026-10-10 10:04:19.491 Df runningboardd[601:652449] [com.apple.runningboard:assertion] Assertion did invalidate due to timeout: 601-567-62428 (target:[app<application.me.veyra.gpui-prototype.35334998.35335004(501)>:16877])
2026-10-10 10:04:19.692 Df runningboardd[601:652449] [com.apple.runningboard:process] [app<application.me.veyra.gpui-prototype.35334998.35335004(501)>:16877] Ignoring jetsam update because this process is not memory-managed
2026-10-10 10:04:19.692 Df runningboardd[601:652449] [com.apple.runningboard:process] [app<application.me.veyra.gpui-prototype.35334998.35335004(501)>:16877] Ignoring suspend because this process is not lifecycle managed
2026-10-10 10:04:19.692 Df runningboardd[601:652449] [com.apple.runningboard:process] [app<application.me.veyra.gpui-prototype.35334998.35335004(501)>:16877] Ignoring GPU update because this process is not GPU managed
2026-10-10 10:04:19.692 Df runningboardd[601:652449] [com.apple.runningboard:process] [app<application.me.veyra.gpui-prototype.35334998.35335004(501)>:16877] Ignoring memory limit update because this process is not memory-managed
2026-10-10 10:04:19.692 Df runningboardd[601:652448] [com.apple.runningboard:monitor] Calculated state for app<application.me.veyra.gpui-prototype.35334998.35335004(501)>: running-active (role: UserInteractiveNonFocal) (endowments: <private>)
2026-10-10 10:04:19.692 Df MenuBarAgent[1108:652842] [com.apple.runningboard:monitor] Received state update for 16877 (app<application.me.veyra.gpui-prototype.35334998.35335004(501)>, running-active-NotVisible
2026-10-10 10:04:19.692 Df gamepolicyd[755:652442] [com.apple.runningboard:monitor] Received state update for 16877 (app<application.me.veyra.gpui-prototype.35334998.35335004(501)>, running-active-NotVisible
2026-10-10 10:04:21.830 Df veyra-gpui-prototype[16877:651810] [com.apple.xpc:connection] [0x76fe4ec8c0] invalidated because the current process cancelled the connection by calling xpc_connection_cancel()
2026-10-10 10:04:21.830 Df veyra-gpui-prototype[16877:651810] [com.apple.xpc:connection] [0x76fe4ed900] invalidated because the current process cancelled the connection by calling xpc_connection_cancel()
2026-10-10 10:04:21.906 Df replayd[1168:64f4ec] [com.apple.runningboard:process] Hit the server for a process handle 4ef7956000041fd that resolved to: [xpcservice<com.apple.appkit.xpc.ThemeWidgetControlViewService([app<application.me.veyra.gpui-prototype.35334998.35335004(501)>:16877])(501)>{vt hash: 0}{definition:com.apple.appkit.xpc.ThemeWidgetControlViewService[standard][client]}:16893:16893]
2026-10-10 10:04:21.907 Df replayd[1168:64f4ec] [com.apple.runningboard:process] Hit the server for a process handle 90cb817000041fc that resolved to: [xpcservice<com.apple.SafariPlatformSupport.Helper([app<application.me.veyra.gpui-prototype.35334998.35335004(501)>:16877])(501)>{vt hash: 0}{definition:com.apple.SafariPlatformSupport.Helper[standard][client]}:16892:16892]
2026-10-10 10:04:21.914 Df replayd[1168:6506fb] [com.apple.runningboard:monitor] Received state update for 16892 (xpcservice<com.apple.SafariPlatformSupport.Helper([app<application.me.veyra.gpui-prototype.35334998.35335004(501)>:16877])(501)>{vt hash: 0}{definition:com.apple.SafariPlatformSupport.Helper[standard][client]}:16892, running-NotVisible
2026-10-10 10:04:21.914 Df replayd[1168:6506fb] [com.apple.runningboard:monitor] Received state update for 16893 (xpcservice<com.apple.appkit.xpc.ThemeWidgetControlViewService([app<application.me.veyra.gpui-prototype.35334998.35335004(501)>:16877])(501)>{vt hash: 0}{definition:com.apple.appkit.xpc.ThemeWidgetControlViewService[standard][client]}:16893, running-NotVisible
2026-10-10 10:04:21.916 Df veyra-gpui-prototype[16877:6524f6] [com.apple.xpc:connection] [0x76fe4ed900] activating connection: mach=false listener=false peer=false name=com.apple.appkit.xpc.ThemeWidgetControlViewService
2026-10-10 10:04:21.916 F  veyra-gpui-prototype[16877:651810] [com.apple.runtime-issues:AppKit] Invalid view geometry: width is negative.
2026-10-10 10:04:21.916 A  veyra-gpui-prototype[16877:651810] (libsystem_trace.dylib) Activity for state dumps
2026-10-10 10:04:21.916 F  veyra-gpui-prototype[16877:651810] [com.apple.runtime-issues:AppKit] Invalid view geometry: height is negative.
2026-10-10 10:04:21.916 A  veyra-gpui-prototype[16877:651810] (libsystem_trace.dylib) Activity for state dumps
2026-10-10 10:04:21.916 F  veyra-gpui-prototype[16877:651810] [com.apple.runtime-issues:AppKit] Invalid view geometry: width is negative.
2026-10-10 10:04:21.916 A  veyra-gpui-prototype[16877:651810] (libsystem_trace.dylib) Activity for state dumps
2026-10-10 10:04:21.916 F  veyra-gpui-prototype[16877:651810] [com.apple.runtime-issues:AppKit] Invalid view geometry: height is negative.
2026-10-10 10:04:21.916 A  veyra-gpui-prototype[16877:651810] (libsystem_trace.dylib) Activity for state dumps
2026-10-10 10:04:21.916 Df veyra-gpui-prototype[16877:6524f6] [com.apple.xpc:connection] [0x76fe4ed900] invalidated after the last release of the connection object
2026-10-10 10:04:21.921 Df veyra-gpui-prototype[16877:651810] [com.apple.xpc:connection] [0x76fe4ec8c0] activating connection: mach=false listener=false peer=false name=(anonymous)
2026-10-10 10:04:21.921 Df veyra-gpui-prototype[16877:651810] [com.apple.xpc:connection] [0x76fe4ed900] activating connection: mach=false listener=false peer=false name=(anonymous)
2026-10-10 10:04:21.922 Sd veyra-gpui-prototype[16877:0] (2688AFBC-5C39-3132-BCF5-8D00D32D7615) com.apple.appkit:StatusBar
{
    items =     (
                {
            activeState = 1;
            appearance = NSAppearanceNameDarkAqua;
            autosaveName = "Item-0";
            class = NSSceneStatusItem;
            hostWindowID = 0;
            isVisible = 1;
            statusItemSceneIdentifier = "398BFD23-D894-4480-B5B2-20A19547E560";
            variantSceneIdentifier = "398BFD23-D894-4480-B5B2-20A19547E560-Variant[Presentation]";
            windowNumber = 100000000;
            windowWidth = 34;
        }
    );
}
2026-10-10 10:04:21.923 F  veyra-gpui-prototype[16877:651810] [com.apple.runtime-issues:AppKit] Invalid view geometry: width is negative.
2026-10-10 10:04:21.923 A  veyra-gpui-prototype[16877:651810] (libsystem_trace.dylib) Activity for state dumps
2026-10-10 10:04:21.923 F  veyra-gpui-prototype[16877:651810] [com.apple.runtime-issues:AppKit] Invalid view geometry: height is negative.
2026-10-10 10:04:21.923 A  veyra-gpui-prototype[16877:651810] (libsystem_trace.dylib) Activity for state dumps
2026-10-10 10:04:22.332 A  veyra-gpui-prototype[16877:6528d2] (CoreSpotlight) end-index-batch
2026-10-10 10:04:22.332 A  veyra-gpui-prototype[16877:6528d2] (CoreSpotlight) index-items
2026-10-10 10:04:22.332 Df veyra-gpui-prototype[16877:6528d2] [com.apple.corespotlight:index] Submitting donation: <private> (1210 bytes with 0 enqueued)
2026-10-10 10:04:22.332 Df veyra-gpui-prototype[16877:6524f2] [com.apple.corespotlight:index] Performing donation: <private>
2026-10-10 10:04:22.332 Df veyra-gpui-prototype[16877:6524f2] [com.apple.xpc:connection] [0x76fe4edcc0] activating connection: mach=false listener=false peer=false name=com.apple.SetStoreUpdateService
2026-10-10 10:04:22.332 Df veyra-gpui-prototype[16877:6524f2] [com.apple.Biome:BiomeCascade] Requesting new set donation <private>
2026-10-10 10:04:22.333 Df veyra-gpui-prototype[16877:6528d2] [com.apple.xpc:connection] [0x76fe4edcc0] Re-initialization successful; calling out to event handler with XPC_ERROR_CONNECTION_INTERRUPTED
2026-10-10 10:04:22.333 Df veyra-gpui-prototype[16877:6528d2] [com.apple.xpc:connection] [0x76fe4edcc0] invalidated because the current process cancelled the connection by calling xpc_connection_cancel()
2026-10-10 10:04:22.333 Df veyra-gpui-prototype[16877:6524f2] [com.apple.Biome:BiomeCascade] Service responded to request for new donation <private> with None
2026-10-10 10:04:22.333 Df veyra-gpui-prototype[16877:6524f2] [com.apple.corespotlight:index] Completed donation: <private> result: Error Domain=CSIndexErrorDomain Code=-1000 "Failed to request donation" UserInfo={NSDebugDescription=Failed to request donation, NSUnderlyingError=0x76fe5fe610 {Error Domain=NSCocoaErrorDomain Code=4099 UserInfo={NSDebugDescription=<private>}}}
2026-10-10 10:04:27.996 Df runningboardd[601:652448] [com.apple.runningboard:ttl] Acquiring assertion targeting [app<application.me.veyra.gpui-prototype.35334998.35335004(501)>:16877] from originator [osservice<com.apple.coreservices.launchservicesd>:567] with description <RBSAssertionDescriptor| "frontmost:16877" ID:601-567-62438 target:16877 attributes:[
	<RBSDomainAttribute| domain:"com.apple.launchservicesd" name:"RoleUserInteractiveFocal" sourceEnvironment:"(null)">
	]>
2026-10-10 10:04:27.996 Df runningboardd[601:652448] [com.apple.runningboard:ttl] Assertion 601-567-62438 (target:[app<application.me.veyra.gpui-prototype.35334998.35335004(501)>:16877]) will be created as active
2026-10-10 10:04:27.996 Df WindowServer[595:12b3] [com.apple.SkyLight.processes:Focus] 81dfb[SetFrontProcess]: [DeferringManager] Updating policy {
    advicePolicy: .frontmost;
    frontmostProcess: 0x0-0x3d33d3 (VeyraPrototype) mainConnectionID: 1B7EB7;
} for reason: updated frontmost process
2026-10-10 10:04:27.997 Df WindowServer[595:12b3] [com.apple.SkyLight.processes:Focus] 81dfb[SetFrontProcess]: [DeferringManager] Deferring events from frontmost process PSN 0x0-0x3d33d3 (VeyraPrototype) -> <pid: 16877>
2026-10-10 10:04:27.997 Df WindowServer[595:12b3] [com.apple.BackBoard:EventDelivery] new deferring rules for pid:595: [
    [595-1705]; <keyboardFocus; VeyraPrototype:0x0-0x3d33d3> -> <pid: 16877>; reason: frontmost PSN --> outbound target,
    [595-1704]; <keyboardFocus; <frontmost>> -> <token: VeyraPrototype:0x0-0x3d33d3; pid: 595>; reason: frontmost PSN,
    [595-1703]; <keyboardFocus> -> <token: <frontmost>; pid: 595>; reason: Deferring to <frontmost>
]
2026-10-10 10:04:27.997 Df WindowServer[595:12b3] [com.apple.BackBoard:EventDelivery] [<keyboardFocus> 0x75b6da4d90] setRules:forPID(595) generation: 12792: [
    [595-1705]; <keyboardFocus; VeyraPrototype:0x0-0x3d33d3> -> <pid: 16877>; reason: frontmost PSN --> outbound target,
    [595-1704]; <keyboardFocus; <frontmost>> -> <token: VeyraPrototype:0x0-0x3d33d3; pid: 595>; reason: frontmost PSN,
    [595-1703]; <keyboardFocus> -> <token: <frontmost>; pid: 595>; reason: Deferring to <frontmost>
]
2026-10-10 10:04:27.997 Df runningboardd[601:652448] [com.apple.runningboard:ttl] Acquiring assertion targeting [app<application.me.veyra.gpui-prototype.35334998.35335004(501)>:16877] from originator [osservice<com.apple.coreservices.launchservicesd>:567] with description <RBSAssertionDescriptor| "notification:16877" ID:601-567-62439 target:16877 attributes:[
	<RBSDomainAttribute| domain:"com.apple.launchservicesd" name:"LSNotification" sourceEnvironment:"(null)">
	]>
2026-10-10 10:04:27.997 Df runningboardd[601:652448] [com.apple.runningboard:ttl] Assertion 601-567-62439 (target:[app<application.me.veyra.gpui-prototype.35334998.35335004(501)>:16877]) will be created as active
2026-10-10 10:04:27.997 Df runningboardd[601:652a21] [com.apple.runningboard:process] [app<application.me.veyra.gpui-prototype.35334998.35335004(501)>:16877] Ignoring jetsam update because this process is not memory-managed
2026-10-10 10:04:27.997 Df runningboardd[601:652a21] [com.apple.runningboard:process] [app<application.me.veyra.gpui-prototype.35334998.35335004(501)>:16877] Ignoring suspend because this process is not lifecycle managed
2026-10-10 10:04:27.997 Df runningboardd[601:652a21] [com.apple.runningboard:ttl] [app<application.me.veyra.gpui-prototype.35334998.35335004(501)>:16877] Set darwin role to: UserInteractiveFocal
2026-10-10 10:04:27.997 Df runningboardd[601:652a21] [com.apple.runningboard:process] [app<application.me.veyra.gpui-prototype.35334998.35335004(501)>:16877] Ignoring GPU update because this process is not GPU managed
2026-10-10 10:04:27.997 Df runningboardd[601:652a21] [com.apple.runningboard:process] [app<application.me.veyra.gpui-prototype.35334998.35335004(501)>:16877] Ignoring memory limit update because this process is not memory-managed
2026-10-10 10:04:27.997 Df WindowServer[595:12b3] [com.apple.BackBoard:EventDelivery] chain did update (setDeferringRules) <<keyboardFocus>; generation: 12792; finalStringTargetIndex: 3> containsEndOfChain: YES; [
    <token: <frontmost>; pid: 595>,
    <token: VeyraPrototype:0x0-0x3d33d3; pid: 595>,
    <pid: 16877>,
    <token: viewbridge-key-window; pid: 16877>
]
2026-10-10 10:04:27.997 Df runningboardd[601:6526fc] [com.apple.runningboard:monitor] Calculated state for app<application.me.veyra.gpui-prototype.35334998.35335004(501)>: running-active (role: UserInteractiveFocal) (endowments: <private>)
2026-10-10 10:04:27.997 Df runningboardd[601:652a2b] [com.apple.runningboard:process] [app<application.me.veyra.gpui-prototype.35334998.35335004(501)>:16877] Ignoring jetsam update because this process is not memory-managed
2026-10-10 10:04:27.997 Df runningboardd[601:652a2b] [com.apple.runningboard:process] [app<application.me.veyra.gpui-prototype.35334998.35335004(501)>:16877] Ignoring suspend because this process is not lifecycle managed
2026-10-10 10:04:27.997 Df runningboardd[601:652a2b] [com.apple.runningboard:process] [app<application.me.veyra.gpui-prototype.35334998.35335004(501)>:16877] Ignoring GPU update because this process is not GPU managed
2026-10-10 10:04:27.997 Df runningboardd[601:652a2b] [com.apple.runningboard:process] [app<application.me.veyra.gpui-prototype.35334998.35335004(501)>:16877] Ignoring memory limit update because this process is not memory-managed
2026-10-10 10:04:27.997 Df MenuBarAgent[1108:652842] [com.apple.runningboard:monitor] Received state update for 16877 (app<application.me.veyra.gpui-prototype.35334998.35335004(501)>, running-active-NotVisible
2026-10-10 10:04:27.997 Df runningboardd[601:652a25] [com.apple.runningboard:monitor] Calculated state for app<application.me.veyra.gpui-prototype.35334998.35335004(501)>: running-active (role: UserInteractiveFocal) (endowments: <private>)
2026-10-10 10:04:27.997 A  veyra-gpui-prototype[16877:6528d4] (RunningBoardServices) didChangeInheritances
2026-10-10 10:04:27.997 Df gamepolicyd[755:652442] [com.apple.runningboard:monitor] Received state update for 16877 (app<application.me.veyra.gpui-prototype.35334998.35335004(501)>, running-active-NotVisible
2026-10-10 10:04:27.997 Df MenuBarAgent[1108:652721] [com.apple.runningboard:monitor] Received state update for 16877 (app<application.me.veyra.gpui-prototype.35334998.35335004(501)>, running-active-NotVisible
2026-10-10 10:04:27.998 Df runningboardd[601:652a25] [com.apple.runningboard:ttl] Acquiring assertion targeting [app<application.me.veyra.gpui-prototype.35334998.35335004(501)>:16877] from originator [osservice<com.apple.WindowServer(88)>:595] with description <RBSAssertionDescriptor| "FUSBFrontmostProcess" ID:601-595-62440 target:16877 attributes:[
	<RBSDomainAttribute| domain:"com.apple.fuseboard" name:"Frontmost" sourceEnvironment:"(null)">,
	<RBSAcquisitionCompletionAttribute| policy:AfterApplication>
	]>
2026-10-10 10:04:27.998 Df runningboardd[601:652a25] [com.apple.runningboard:ttl] Assertion 601-595-62440 (target:[app<application.me.veyra.gpui-prototype.35334998.35335004(501)>:16877]) will be created as active
2026-10-10 10:04:27.998 Df runningboardd[601:652a25] [com.apple.runningboard:process] [app<application.me.veyra.gpui-prototype.35334998.35335004(501)>:16877] Ignoring jetsam update because this process is not memory-managed
2026-10-10 10:04:27.998 Df runningboardd[601:652a25] [com.apple.runningboard:process] [app<application.me.veyra.gpui-prototype.35334998.35335004(501)>:16877] Ignoring suspend because this process is not lifecycle managed
2026-10-10 10:04:27.998 Df runningboardd[601:652a25] [com.apple.runningboard:process] [app<application.me.veyra.gpui-prototype.35334998.35335004(501)>:16877] Ignoring GPU update because this process is not GPU managed
2026-10-10 10:04:27.998 Df runningboardd[601:652a25] [com.apple.runningboard:process] [app<application.me.veyra.gpui-prototype.35334998.35335004(501)>:16877] Ignoring memory limit update because this process is not memory-managed
2026-10-10 10:04:27.998 Df runningboardd[601:652a21] [com.apple.runningboard:monitor] Calculated state for app<application.me.veyra.gpui-prototype.35334998.35335004(501)>: running-active (role: UserInteractiveFocal) (endowments: <private>)
2026-10-10 10:04:27.998 A  veyra-gpui-prototype[16877:6524f6] (RunningBoardServices) didChangeInheritances
2026-10-10 10:04:27.998 Df MenuBarAgent[1108:652842] [com.apple.runningboard:monitor] Received state update for 16877 (app<application.me.veyra.gpui-prototype.35334998.35335004(501)>, running-active-NotVisible
2026-10-10 10:04:28.000 Df gamepolicyd[755:652a2d] [com.apple.runningboard:monitor] Received state update for 16877 (app<application.me.veyra.gpui-prototype.35334998.35335004(501)>, running-active-NotVisible
2026-10-10 10:04:28.000 Df gamepolicyd[755:652442] [com.apple.runningboard:monitor] Received state update for 16877 (app<application.me.veyra.gpui-prototype.35334998.35335004(501)>, running-active-NotVisible
2026-10-10 10:04:28.032 Df WindowServer[595:12b3] [com.apple.BackBoard:EventDelivery] chain did update (setDeferringRules) <<keyboardFocus>; generation: 12794; finalStringTargetIndex: 3> containsEndOfChain: YES; [
    <token: <frontmost>; pid: 595>,
    <token: VeyraPrototype:0x0-0x3d33d3; pid: 595>,
    <pid: 16877>,
    <token: viewbridge-key-window; pid: 16877>
]
2026-10-10 10:04:28.034 Df veyra-gpui-prototype[16877:6528d4] [com.apple.xpc:connection] [0x76fe4edf40] activating connection: mach=false listener=false peer=false name=com.apple.TextInputUI.xpc.CursorUIViewService
2026-10-10 10:04:28.039 Df veyra-gpui-prototype[16877:6524f2] [com.apple.xpc:connection] [0x76fe4edf40] invalidated after the last release of the connection object
2026-10-10 10:04:28.039 Df veyra-gpui-prototype[16877:651810] [com.apple.xpc:connection] [0x76fe4edcc0] activating connection: mach=false listener=false peer=false name=(anonymous)
2026-10-10 10:04:28.039 Df veyra-gpui-prototype[16877:651810] [com.apple.xpc:connection] [0x76fe4edf40] activating connection: mach=false listener=false peer=false name=(anonymous)
2026-10-10 10:04:28.078 Df veyra-gpui-prototype[16877:651810] [com.apple.TextInputUI:CursorUI] -[TUINSCursorUIController activate:]_block_invoke: Create CursorUIViewService: TUINSRemoteViewController
2026-10-10 10:04:28.078 Df veyra-gpui-prototype[16877:651810] [com.apple.xpc:connection] [0x76fe4eca00] invalidated because the current process cancelled the connection by calling xpc_connection_cancel()
2026-10-10 10:04:28.078 Df veyra-gpui-prototype[16877:651810] [com.apple.xpc:connection] [0x76fe4ecc80] invalidated because the current process cancelled the connection by calling xpc_connection_cancel()
2026-10-10 10:04:28.082 Df WindowServer[595:12b3] [com.apple.BackBoard:EventDelivery] chain did update (setDeferringRules) <<keyboardFocus>; generation: 12795; finalStringTargetIndex: 3> containsEndOfChain: YES; [
    <token: <frontmost>; pid: 595>,
    <token: VeyraPrototype:0x0-0x3d33d3; pid: 595>,
    <pid: 16877>,
    <token: viewbridge-key-window; pid: 16877>
]
2026-10-10 10:04:28.083 Df WindowServer[595:12b3] [com.apple.BackBoard:EventDelivery] chain did update (setDeferringRules) <<keyboardFocus>; generation: 12796; finalStringTargetIndex: 3> containsEndOfChain: YES; [
    <token: <frontmost>; pid: 595>,
    <token: VeyraPrototype:0x0-0x3d33d3; pid: 595>,
    <pid: 16877>,
    <token: viewbridge-key-window; pid: 16877>
]
2026-10-10 10:04:28.417 Df veyra-gpui-prototype[16877:651810] [com.apple.xpc:connection] [0x76fe4ed400] invalidated because the current process cancelled the connection by calling xpc_connection_cancel()
2026-10-10 10:04:28.417 Df veyra-gpui-prototype[16877:651810] [com.apple.xpc:connection] [0x76fe4ed680] invalidated because the current process cancelled the connection by calling xpc_connection_cancel()
2026-10-10 10:04:28.420 Df WindowServer[595:12b3] [com.apple.BackBoard:EventDelivery] chain did update (setDeferringRules) <<keyboardFocus>; generation: 12797; finalStringTargetIndex: 3> containsEndOfChain: YES; [
    <token: <frontmost>; pid: 595>,
    <token: VeyraPrototype:0x0-0x3d33d3; pid: 595>,
    <pid: 16877>,
    <token: viewbridge-key-window; pid: 16877>
]
2026-10-10 10:04:28.517 A  veyra-gpui-prototype[16877:6524f6] (CoreSpotlight) end-index-batch
2026-10-10 10:04:28.517 A  veyra-gpui-prototype[16877:6524f6] (CoreSpotlight) index-items
2026-10-10 10:04:28.517 Df veyra-gpui-prototype[16877:6524f6] [com.apple.corespotlight:index] Submitting donation: <private> (1210 bytes with 0 enqueued)
2026-10-10 10:04:28.517 Df veyra-gpui-prototype[16877:6528d4] [com.apple.corespotlight:index] Performing donation: <private>
2026-10-10 10:04:28.517 Df veyra-gpui-prototype[16877:6528d4] [com.apple.xpc:connection] [0x76fe4ed680] activating connection: mach=false listener=false peer=false name=com.apple.SetStoreUpdateService
2026-10-10 10:04:28.518 Df veyra-gpui-prototype[16877:6528d4] [com.apple.Biome:BiomeCascade] Requesting new set donation <private>
2026-10-10 10:04:28.518 Df veyra-gpui-prototype[16877:6524f6] [com.apple.xpc:connection] [0x76fe4ed680] Re-initialization successful; calling out to event handler with XPC_ERROR_CONNECTION_INTERRUPTED
2026-10-10 10:04:28.518 Df veyra-gpui-prototype[16877:6524f6] [com.apple.xpc:connection] [0x76fe4ed680] invalidated because the current process cancelled the connection by calling xpc_connection_cancel()
2026-10-10 10:04:28.518 Df veyra-gpui-prototype[16877:6528d4] [com.apple.Biome:BiomeCascade] Service responded to request for new donation <private> with None
2026-10-10 10:04:28.518 Df veyra-gpui-prototype[16877:6528d4] [com.apple.corespotlight:index] Completed donation: <private> result: Error Domain=CSIndexErrorDomain Code=-1000 "Failed to request donation" UserInfo={NSDebugDescription=Failed to request donation, NSUnderlyingError=0x76fe5fde60 {Error Domain=NSCocoaErrorDomain Code=4099 UserInfo={NSDebugDescription=<private>}}}
2026-10-10 10:04:30.448 Df runningboardd[601:652a25] [com.apple.runningboard:ttl] Invalidating assertion 601-567-62438 (target:[app<application.me.veyra.gpui-prototype.35334998.35335004(501)>:16877]) from originator [osservice<com.apple.coreservices.launchservicesd>:567]
2026-10-10 10:04:30.450 Df runningboardd[601:6526fc] [com.apple.runningboard:ttl] Invalidating assertion 601-595-62440 (target:[app<application.me.veyra.gpui-prototype.35334998.35335004(501)>:16877]) from originator [osservice<com.apple.WindowServer(88)>:595]
2026-10-10 10:04:30.476 A  veyra-gpui-prototype[16877:651810] (CoreFoundation) Loading Preferences From User CFPrefsD
2026-10-10 10:04:30.554 Df runningboardd[601:6526fc] [com.apple.runningboard:process] [app<application.me.veyra.gpui-prototype.35334998.35335004(501)>:16877] Ignoring jetsam update because this process is not memory-managed
2026-10-10 10:04:30.554 Df runningboardd[601:6526fc] [com.apple.runningboard:process] [app<application.me.veyra.gpui-prototype.35334998.35335004(501)>:16877] Ignoring suspend because this process is not lifecycle managed
2026-10-10 10:04:30.554 Df runningboardd[601:6526fc] [com.apple.runningboard:ttl] [app<application.me.veyra.gpui-prototype.35334998.35335004(501)>:16877] Set darwin role to: UserInteractiveNonFocal
2026-10-10 10:04:30.554 Df runningboardd[601:6526fc] [com.apple.runningboard:process] [app<application.me.veyra.gpui-prototype.35334998.35335004(501)>:16877] Ignoring GPU update because this process is not GPU managed
2026-10-10 10:04:30.554 Df runningboardd[601:6526fc] [com.apple.runningboard:process] [app<application.me.veyra.gpui-prototype.35334998.35335004(501)>:16877] Ignoring memory limit update because this process is not memory-managed
2026-10-10 10:04:30.554 Df runningboardd[601:6526fc] [com.apple.runningboard:monitor] Calculated state for app<application.me.veyra.gpui-prototype.35334998.35335004(501)>: running-active (role: UserInteractiveNonFocal) (endowments: <private>)
2026-10-10 10:04:30.554 A  veyra-gpui-prototype[16877:6524f2] (RunningBoardServices) didChangeInheritances
2026-10-10 10:04:30.555 Df MenuBarAgent[1108:652842] [com.apple.runningboard:monitor] Received state update for 16877 (app<application.me.veyra.gpui-prototype.35334998.35335004(501)>, running-active-NotVisible
2026-10-10 10:04:30.555 Df gamepolicyd[755:652442] [com.apple.runningboard:monitor] Received state update for 16877 (app<application.me.veyra.gpui-prototype.35334998.35335004(501)>, running-active-NotVisible
2026-10-10 10:04:30.569 Df veyra-gpui-prototype[16877:651810] [com.apple.AppKit:StateRestoration] -[NSPersistentUIManager flushAllChanges]
2026-10-10 10:04:30.581 Df veyra-gpui-prototype[16877:651810] [com.apple.AppKit:StateRestoration] -[NSPersistentUIManager flushAllChanges] finishing enqueued operations
2026-10-10 10:04:30.581 Df veyra-gpui-prototype[16877:6524f2] [com.apple.AppKit:StateRestoration] -[NSPersistentUIManager flushAllChanges]_block_invoke asyncing to main queue
2026-10-10 10:04:30.581 Df veyra-gpui-prototype[16877:652abb] [com.apple.AppKit:StateRestoration] -[NSPersistentUIManager flushAllChanges]_block_invoke writing records
2026-10-10 10:04:33.788 Df runningboardd[601:652a25] [com.apple.runningboard:ttl] Acquiring assertion targeting [app<application.me.veyra.gpui-prototype.35334998.35335004(501)>:16877] from originator [osservice<com.apple.MenuBarAgent(501)>:1108] with description <RBSAssertionDescriptor| "FBWorkspace (BG-Active[40])" ID:601-1108-62447 target:16877 attributes:[
	<RBSDomainAttribute| domain:"com.apple.frontboard" name:"SuspendableLPRunReason-Suspend" sourceEnvironment:"(null)">,
	<RBSDomainAttribute| domain:"com.apple.frontboard" name:"SuspendableRole-NonUI" sourceEnvironment:"(null)">,
	<RBSDomainAttribute| domain:"com.apple.frontboard" name:"SuspendableJetsamPriority-Active" sourceEnvironment:"(null)">
	]>
2026-10-10 10:04:33.788 Df runningboardd[601:652a25] [com.apple.runningboard:ttl] Assertion 601-1108-62447 (target:[app<application.me.veyra.gpui-prototype.35334998.35335004(501)>:16877]) will be created as active
2026-10-10 10:04:33.788 Df MenuBarAgent[1108:652843] [com.apple.FrontBoard:ProcessWorkspace] [app<application.me.veyra.gpui-prototype.35334998.35335004>:16877] Workspace state did change: XX-None[0] --> BG-Active[40] (assertion acquired).
2026-10-10 10:04:33.789 Df runningboardd[601:652448] [com.apple.runningboard:process] [app<application.me.veyra.gpui-prototype.35334998.35335004(501)>:16877] Ignoring jetsam update because this process is not memory-managed
2026-10-10 10:04:33.789 Df runningboardd[601:652448] [com.apple.runningboard:process] [app<application.me.veyra.gpui-prototype.35334998.35335004(501)>:16877] Ignoring suspend because this process is not lifecycle managed
2026-10-10 10:04:33.789 Df runningboardd[601:652448] [com.apple.runningboard:process] [app<application.me.veyra.gpui-prototype.35334998.35335004(501)>:16877] Ignoring GPU update because this process is not GPU managed
2026-10-10 10:04:33.789 Df runningboardd[601:652448] [com.apple.runningboard:process] [app<application.me.veyra.gpui-prototype.35334998.35335004(501)>:16877] Ignoring memory limit update because this process is not memory-managed
2026-10-10 10:04:33.790 Df runningboardd[601:652a25] [com.apple.runningboard:monitor] Calculated state for app<application.me.veyra.gpui-prototype.35334998.35335004(501)>: running-active (role: UserInteractiveNonFocal) (endowments: <private>)
2026-10-10 10:04:33.791 Df MenuBarAgent[1108:652842] [com.apple.runningboard:monitor] Received state update for 16877 (app<application.me.veyra.gpui-prototype.35334998.35335004(501)>, running-active-NotVisible
2026-10-10 10:04:33.791 Df gamepolicyd[755:652442] [com.apple.runningboard:monitor] Received state update for 16877 (app<application.me.veyra.gpui-prototype.35334998.35335004(501)>, running-active-NotVisible
2026-10-10 10:04:33.894 Df MenuBarAgent[1108:652843] [com.apple.FrontBoard:ProcessWorkspace] [app<application.me.veyra.gpui-prototype.35334998.35335004>:16877] Workspace state did change: BG-Active[40] --> XX-None[0] (assertion dropped).
2026-10-10 10:04:33.894 Df runningboardd[601:652a2b] [com.apple.runningboard:ttl] Invalidating assertion 601-1108-62447 (target:[app<application.me.veyra.gpui-prototype.35334998.35335004(501)>:16877]) from originator [osservice<com.apple.MenuBarAgent(501)>:1108]
2026-10-10 10:04:33.994 Df runningboardd[601:652a2b] [com.apple.runningboard:assertion] Assertion did invalidate due to timeout: 601-567-62439 (target:[app<application.me.veyra.gpui-prototype.35334998.35335004(501)>:16877])
2026-10-10 10:04:34.000 Df runningboardd[601:652a2b] [com.apple.runningboard:process] [app<application.me.veyra.gpui-prototype.35334998.35335004(501)>:16877] Ignoring jetsam update because this process is not memory-managed
2026-10-10 10:04:34.000 Df runningboardd[601:652a2b] [com.apple.runningboard:process] [app<application.me.veyra.gpui-prototype.35334998.35335004(501)>:16877] Ignoring suspend because this process is not lifecycle managed
2026-10-10 10:04:34.000 Df runningboardd[601:652a2b] [com.apple.runningboard:process] [app<application.me.veyra.gpui-prototype.35334998.35335004(501)>:16877] Ignoring GPU update because this process is not GPU managed
2026-10-10 10:04:34.000 Df runningboardd[601:652a2b] [com.apple.runningboard:process] [app<application.me.veyra.gpui-prototype.35334998.35335004(501)>:16877] Ignoring memory limit update because this process is not memory-managed
2026-10-10 10:04:34.001 Df runningboardd[601:652a25] [com.apple.runningboard:monitor] Calculated state for app<application.me.veyra.gpui-prototype.35334998.35335004(501)>: running-active (role: UserInteractiveNonFocal) (endowments: <private>)
2026-10-10 10:04:34.001 Df MenuBarAgent[1108:652842] [com.apple.runningboard:monitor] Received state update for 16877 (app<application.me.veyra.gpui-prototype.35334998.35335004(501)>, running-active-NotVisible
2026-10-10 10:04:34.001 Df gamepolicyd[755:652a2d] [com.apple.runningboard:monitor] Received state update for 16877 (app<application.me.veyra.gpui-prototype.35334998.35335004(501)>, running-active-NotVisible
2026-10-10 10:04:34.896 Df runningboardd[601:652a25] [com.apple.runningboard:ttl] Acquiring assertion targeting [app<application.me.veyra.gpui-prototype.35334998.35335004(501)>:16877] from originator [osservice<com.apple.MenuBarAgent(501)>:1108] with description <RBSAssertionDescriptor| "FBWorkspace (BG-Active[40])" ID:601-1108-62449 target:16877 attributes:[
	<RBSDomainAttribute| domain:"com.apple.frontboard" name:"SuspendableLPRunReason-Suspend" sourceEnvironment:"(null)">,
	<RBSDomainAttribute| domain:"com.apple.frontboard" name:"SuspendableRole-NonUI" sourceEnvironment:"(null)">,
	<RBSDomainAttribute| domain:"com.apple.frontboard" name:"SuspendableJetsamPriority-Active" sourceEnvironment:"(null)">
	]>
2026-10-10 10:04:34.896 Df runningboardd[601:652a25] [com.apple.runningboard:ttl] Assertion 601-1108-62449 (target:[app<application.me.veyra.gpui-prototype.35334998.35335004(501)>:16877]) will be created as active
2026-10-10 10:04:34.896 Df MenuBarAgent[1108:652842] [com.apple.FrontBoard:ProcessWorkspace] [app<application.me.veyra.gpui-prototype.35334998.35335004>:16877] Workspace state did change: XX-None[0] --> BG-Active[40] (assertion acquired).
2026-10-10 10:04:34.896 Df veyra-gpui-prototype[16877:651810] [com.apple.FrontBoard:SceneClient] [com.apple.appkit.status-items:398BFD23-D894-4480-B5B2-20A19547E560] Received action(s) for "NSMenuBarNavigationSceneExtension": AppKit.NSMenuBarNavigateAction
2026-10-10 10:04:34.896 Df runningboardd[601:652a25] [com.apple.runningboard:process] [app<application.me.veyra.gpui-prototype.35334998.35335004(501)>:16877] Ignoring jetsam update because this process is not memory-managed
2026-10-10 10:04:34.896 Df runningboardd[601:652a25] [com.apple.runningboard:process] [app<application.me.veyra.gpui-prototype.35334998.35335004(501)>:16877] Ignoring suspend because this process is not lifecycle managed
2026-10-10 10:04:34.896 Df runningboardd[601:652a25] [com.apple.runningboard:process] [app<application.me.veyra.gpui-prototype.35334998.35335004(501)>:16877] Ignoring GPU update because this process is not GPU managed
2026-10-10 10:04:34.896 Df runningboardd[601:652a25] [com.apple.runningboard:process] [app<application.me.veyra.gpui-prototype.35334998.35335004(501)>:16877] Ignoring memory limit update because this process is not memory-managed
2026-10-10 10:04:34.897 Df runningboardd[601:652a2b] [com.apple.runningboard:monitor] Calculated state for app<application.me.veyra.gpui-prototype.35334998.35335004(501)>: running-active (role: UserInteractiveNonFocal) (endowments: <private>)
2026-10-10 10:04:34.897 Df MenuBarAgent[1108:652843] [com.apple.runningboard:monitor] Received state update for 16877 (app<application.me.veyra.gpui-prototype.35334998.35335004(501)>, running-active-NotVisible
2026-10-10 10:04:34.897 Df WindowServer[595:12b3] [com.apple.SkyLight.processes:Focus] 1b7eb7[StealKeyFocusReturningID]: [DeferringManager] Updating policy {
    advicePolicy: .keyThief;
    frontmostProcess: 0x0-0x3b23b2 (ChatGPT) mainConnectionID: 108AEF;
    keyThiefConnectionID: 1B7EB7;
} for reason: key thief updated 1b7eb7 0x0-0x3d33d3 (VeyraPrototype)
2026-10-10 10:04:34.897 Df WindowServer[595:12b3] [com.apple.BackBoard:EventDelivery] <BSCompoundAssertion:0x75b6d38be0> (com.apple.backboard.hid.delivery.localDelivery.preventFlushing) acquire for reason:key thief updated 1b7eb7 0x0-0x3d33d3 (VeyraPrototype) <1950> acq:0x75bb167900 count:1
2026-10-10 10:04:34.902 Df gamepolicyd[755:652a2d] [com.apple.runningboard:monitor] Received state update for 16877 (app<application.me.veyra.gpui-prototype.35334998.35335004(501)>, running-active-NotVisible
2026-10-10 10:04:35.414 A  veyra-gpui-prototype[16877:6524f6] (CoreSpotlight) end-index-batch
2026-10-10 10:04:35.414 A  veyra-gpui-prototype[16877:6524f6] (CoreSpotlight) index-items
2026-10-10 10:04:35.414 Df veyra-gpui-prototype[16877:6524f6] [com.apple.corespotlight:index] Submitting donation: <private> (1210 bytes with 0 enqueued)
2026-10-10 10:04:35.415 Df veyra-gpui-prototype[16877:6528d2] [com.apple.corespotlight:index] Performing donation: <private>
2026-10-10 10:04:35.415 Df veyra-gpui-prototype[16877:6528d2] [com.apple.xpc:connection] [0x76fe4eda40] activating connection: mach=false listener=false peer=false name=com.apple.SetStoreUpdateService
2026-10-10 10:04:35.415 Df veyra-gpui-prototype[16877:6528d2] [com.apple.Biome:BiomeCascade] Requesting new set donation <private>
2026-10-10 10:04:35.415 Df veyra-gpui-prototype[16877:652abb] [com.apple.xpc:connection] [0x76fe4eda40] Re-initialization successful; calling out to event handler with XPC_ERROR_CONNECTION_INTERRUPTED
2026-10-10 10:04:35.415 Df veyra-gpui-prototype[16877:652abb] [com.apple.xpc:connection] [0x76fe4eda40] invalidated because the current process cancelled the connection by calling xpc_connection_cancel()
2026-10-10 10:04:35.415 Df veyra-gpui-prototype[16877:6528d2] [com.apple.Biome:BiomeCascade] Service responded to request for new donation <private> with None
2026-10-10 10:04:35.416 Df veyra-gpui-prototype[16877:6528d2] [com.apple.corespotlight:index] Completed donation: <private> result: Error Domain=CSIndexErrorDomain Code=-1000 "Failed to request donation" UserInfo={NSDebugDescription=Failed to request donation, NSUnderlyingError=0x76fe566340 {Error Domain=NSCocoaErrorDomain Code=4099 UserInfo={NSDebugDescription=<private>}}}
2026-10-10 10:04:36.600 Df veyra-gpui-prototype[16877:651810] [com.apple.FrontBoard:SceneClient] [com.apple.appkit.status-items:398BFD23-D894-4480-B5B2-20A19547E560] Sending action(s) to "NSMenuBarNavigationSceneExtension": AppKit.NSMenuBarNavigateAction
2026-10-10 10:04:36.778 Df veyra-gpui-prototype[16877:652abb] [com.apple.xpc:connection] [0x76fe4eda40] activating connection: mach=false listener=false peer=false name=com.apple.appkit.xpc.ThemeWidgetControlViewService
2026-10-10 10:04:36.778 Df veyra-gpui-prototype[16877:652abb] [com.apple.xpc:connection] [0x76fe4eda40] invalidated after the last release of the connection object
2026-10-10 10:04:36.779 Df veyra-gpui-prototype[16877:651810] [com.apple.xpc:connection] [0x76fe4eca00] activating connection: mach=false listener=false peer=false name=(anonymous)
2026-10-10 10:04:36.779 Df veyra-gpui-prototype[16877:651810] [com.apple.xpc:connection] [0x76fe4eda40] activating connection: mach=false listener=false peer=false name=(anonymous)
2026-10-10 10:04:36.842 A  veyra-gpui-prototype[16877:651810] (AppKit) perform action for menu item
2026-10-10 10:04:36.842 A  veyra-gpui-prototype[16877:651810] (AppKit) sendAction:
2026-10-10 10:04:36.842 Df veyra-gpui-prototype[16877:651810] [com.apple.FrontBoard:Common] [com.apple.appkit.status-items:398BFD23-D894-4480-B5B2-20A19547E560] Component <_TtCC6AppKit33NSMenuBarNavigationSceneExtension15ClientComponent: 0x76fda2c8c0> handled action(s): <private>
2026-10-10 10:04:36.847 Df veyra-gpui-prototype[16877:651810] [com.apple.FrontBoard:SceneClient] [com.apple.appkit.status-items:398BFD23-D894-4480-B5B2-20A19547E560] Received action(s) for "NSMenuBarNavigationSceneExtension": AppKit.NSMenuBarNavigateAction
2026-10-10 10:04:36.848 Df veyra-gpui-prototype[16877:651810] [com.apple.FrontBoard:Common] [com.apple.appkit.status-items:398BFD23-D894-4480-B5B2-20A19547E560] Component <_TtCC6AppKit33NSMenuBarNavigationSceneExtension15ClientComponent: 0x76fda2c8c0> handled action(s): <private>
2026-10-10 10:04:36.848 Df veyra-gpui-prototype[16877:651810] [com.apple.AppKit:Application] terminate:
2026-10-10 10:04:36.848 Df veyra-gpui-prototype[16877:651810] [com.apple.AppKit:AutomaticTermination] void _NSDisableAutomaticTerminationAndLog(NSString *) Terminating
2026-10-10 10:04:36.848 Df veyra-gpui-prototype[16877:651810] [com.apple.AppKit:StateRestoration] -[NSApplication _pushPersistentStateTerminationGeneration] sPersistentStateTerminateStackHeight -> 1
2026-10-10 10:04:36.848 Df veyra-gpui-prototype[16877:651810] [com.apple.AppKit:StateRestoration] -[NSPersistentUIManager discardAllPersistentStateAndClose]
2026-10-10 10:04:36.848 Df veyra-gpui-prototype[16877:651810] [com.apple.AppKit:StateRestoration] -[NSPersistentUIManager _waitForPendingChangesToFinish] finishing pending changes
2026-10-10 10:04:36.848 Df veyra-gpui-prototype[16877:651810] [com.apple.AppKit:StateRestoration] -[NSPersistentUIManager _finishEncodingImmediatelyWithCompletionHandler:] _encodingQueue=0x76fcd355c0
2026-10-10 10:04:36.848 Df veyra-gpui-prototype[16877:651810] [com.apple.AppKit:StateRestoration] -[NSPersistentUIManager _waitForPendingChangesToFinish] observer=0x76fdabf200
2026-10-10 10:04:36.848 Df veyra-gpui-prototype[16877:651810] [com.apple.libsystem.libdispatch:] DEPRECATED USE in libdispatch client: Setting timer interval to 0 requests a 1ns timer, did you mean FOREVER (a one-shot timer)?; set a breakpoint on _dispatch_bug_deprecated to debug
2026-10-10 10:04:36.848 Df veyra-gpui-prototype[16877:651810] [com.apple.AppKit:StateRestoration] -[NSPersistentUIManager _waitForPendingChangesToFinish] spinning the runloop
2026-10-10 10:04:36.848 Df veyra-gpui-prototype[16877:651810] [com.apple.AppKit:StateRestoration] -[NSPersistentUIManager _waitForPendingChangesToFinish]_block_invoke observer=0x76fdabf200 activity=1 depth=0 finished=0
2026-10-10 10:04:36.848 Df veyra-gpui-prototype[16877:651810] [com.apple.AppKit:StateRestoration] -[NSPersistentUIManager _waitForPendingChangesToFinish]_block_invoke observer=0x76fdabf200 activity=128 depth=1 finished=0
2026-10-10 10:04:36.848 Df veyra-gpui-prototype[16877:651810] [com.apple.AppKit:StateRestoration] -[NSPersistentUIManager _waitForPendingChangesToFinish]_block_invoke observer=0x76fdabf200 activity=1 depth=0 finished=0
2026-10-10 10:04:36.848 Df veyra-gpui-prototype[16877:651810] [com.apple.AppKit:StateRestoration] -[NSPersistentUIManager _waitForPendingChangesToFinish]_block_invoke observer=0x76fdabf200 activity=128 depth=1 finished=0
2026-10-10 10:04:36.848 Df veyra-gpui-prototype[16877:651810] [com.apple.AppKit:StateRestoration] -[NSPersistentUIManager _waitForPendingChangesToFinish]_block_invoke observer=0x76fdabf200 activity=1 depth=0 finished=0
2026-10-10 10:04:36.848 Df veyra-gpui-prototype[16877:651810] [com.apple.AppKit:StateRestoration] -[NSPersistentUIManager _waitForPendingChangesToFinish]_block_invoke observer=0x76fdabf200 activity=32 depth=1 finished=0
2026-10-10 10:04:36.848 Df veyra-gpui-prototype[16877:651810] [com.apple.AppKit:StateRestoration] -[NSPersistentUIManager _waitForPendingChangesToFinish]_block_invoke observer=0x76fdabf200 activity=128 depth=1 finished=0
2026-10-10 10:04:36.848 Df veyra-gpui-prototype[16877:651810] [com.apple.AppKit:StateRestoration] -[NSPersistentUIManager _waitForPendingChangesToFinish]_block_invoke observer=0x76fdabf200 activity=1 depth=0 finished=0
2026-10-10 10:04:36.848 Df veyra-gpui-prototype[16877:651810] [com.apple.AppKit:StateRestoration] -[NSPersistentUIManager _waitForPendingChangesToFinish]_block_invoke observer=0x76fdabf200 activity=128 depth=1 finished=0
2026-10-10 10:04:36.848 Df veyra-gpui-prototype[16877:651810] [com.apple.AppKit:StateRestoration] -[NSPersistentUIManager _waitForPendingChangesToFinish]_block_invoke observer=0x76fdabf200 activity=1 depth=0 finished=0
2026-10-10 10:04:36.848 Df veyra-gpui-prototype[16877:651810] [com.apple.AppKit:StateRestoration] -[NSPersistentUIManager _waitForPendingChangesToFinish]_block_invoke observer=0x76fdabf200 activity=128 depth=1 finished=0
2026-10-10 10:04:36.848 Df veyra-gpui-prototype[16877:651810] [com.apple.AppKit:StateRestoration] -[NSPersistentUIManager _waitForPendingChangesToFinish]_block_invoke observer=0x76fdabf200 activity=1 depth=0 finished=0
2026-10-10 10:04:36.848 Df veyra-gpui-prototype[16877:652abb] [com.apple.AppKit:StateRestoration] -[NSPersistentUIManager _waitForPendingChangesToFinish]_block_invoke asyncing to main runloop
2026-10-10 10:04:36.848 Df veyra-gpui-prototype[16877:651810] [com.apple.AppKit:StateRestoration] -[NSPersistentUIManager _waitForPendingChangesToFinish]_block_invoke finished=YES
2026-10-10 10:04:36.848 Df veyra-gpui-prototype[16877:651810] [com.apple.AppKit:StateRestoration] -[NSPersistentUIManager _waitForPendingChangesToFinish]_block_invoke observer=0x76fdabf200 activity=32 depth=1 finished=1
2026-10-10 10:04:36.848 Df veyra-gpui-prototype[16877:651810] [com.apple.AppKit:StateRestoration] -[NSPersistentUIManager _waitForPendingChangesToFinish]_block_invoke observer=0x76fdabf200 activity=128 depth=1 finished=1
2026-10-10 10:04:36.848 Df veyra-gpui-prototype[16877:651810] [com.apple.AppKit:StateRestoration] -[NSPersistentUIManager _waitForPendingChangesToFinish] completed spinning the runloop
2026-10-10 10:04:36.848 Df veyra-gpui-prototype[16877:651810] [com.apple.AppKit:StateRestoration] -[NSPersistentUIManager _waitForPendingChangesToFinish] finished waiting
2026-10-10 10:04:36.848 Df veyra-gpui-prototype[16877:651810] [com.apple.AppKit:StateRestoration] -[NSPersistentUIManager _flushPendingPostEncodingChangesSynchronously] workQueue=0x76fce66900
2026-10-10 10:04:36.848 Df veyra-gpui-prototype[16877:651810] [com.apple.AppKit:StateRestoration] -[NSPersistentUIManager _flushPendingPostEncodingChangesSynchronously]_block_invoke _windowSnapshotter=0x76fcc921c0
2026-10-10 10:04:36.848 Df veyra-gpui-prototype[16877:651810] [com.apple.AppKit:StateRestoration] -[NSPersistentUIWindowSnapshotter flushPendingSnapshotsSynchronously] _workQueue=0x76fce66980
2026-10-10 10:04:36.848 Df veyra-gpui-prototype[16877:651810] [com.apple.AppKit:StateRestoration] -[NSPersistentUIWindowSnapshotter flushPendingSnapshotsSynchronously]_block_invoke flushing synchronously; snapshottingSuppressed=0
2026-10-10 10:04:36.848 Df veyra-gpui-prototype[16877:651810] [com.apple.AppKit:StateRestoration] -[NSPersistentUIManager _flushPendingPostEncodingChangesSynchronously]_block_invoke _store=0x76fd251a10
2026-10-10 10:04:36.849 Df veyra-gpui-prototype[16877:651810] [com.apple.AppKit:StateRestoration] -[NSPersistentUIManager _waitForPendingChangesToFinish] finished flushing
2026-10-10 10:04:36.850 Df veyra-gpui-prototype[16877:651810] [com.apple.AppKit:Application] Attempting sudden termination (1st attempt)
2026-10-10 10:04:36.850 Df veyra-gpui-prototype[16877:651810] [com.apple.AppKit:Application] Checking whether app should terminate
2026-10-10 10:04:36.850 Df veyra-gpui-prototype[16877:651810] [com.apple.AppKit:Application] Asking app delegate whether applicationShouldTerminate:
2026-10-10 10:04:36.850 Df veyra-gpui-prototype[16877:651810] [com.apple.AppKit:Application] replyToApplicationShouldTerminate:YES
2026-10-10 10:04:36.850 Df veyra-gpui-prototype[16877:651810] [com.apple.AppKit:Application] App termination approved
2026-10-10 10:04:36.850 Df veyra-gpui-prototype[16877:651810] [com.apple.AppKit:Application] Termination commencing
2026-10-10 10:04:36.850 Df veyra-gpui-prototype[16877:651810] [com.apple.AppKit:Application] Attempting sudden termination (2nd attempt)
2026-10-10 10:04:36.859 Df veyra-gpui-prototype[16877:652abb] [com.apple.xpc:connection] [0x76fe4ed540] invalidated because the current process cancelled the connection by calling xpc_connection_cancel()
2026-10-10 10:04:36.859 Df veyra-gpui-prototype[16877:652abb] [com.apple.xpc:session] [0x76fc57de00] Session canceled.
2026-10-10 10:04:36.859 Df veyra-gpui-prototype[16877:652abb] [com.apple.UIIntelligenceSupport:xpc] agent connection cancelled (details: Session manually canceled)
2026-10-10 10:04:36.859 Df veyra-gpui-prototype[16877:652abb] [com.apple.xpc:session] [0x76fc57de00] Disposing of session
2026-10-10 10:04:36.859 Df intelligencecontextd[1079:652871] [com.apple.UIIntelligenceSupport:xpc] client ConnectionID(1289, ProcessInfo("me.veyra.gpui-prototype", pid: 16877)) disconnected
2026-10-10 10:04:36.859 Df veyra-gpui-prototype[16877:651810] [com.apple.AppKit:Application] Termination complete. Exiting without sudden termination.
2026-10-10 10:04:36.859 Df veyra-gpui-prototype[16877:6528d2] [com.apple.xpc:connection] [0x76fe4ed540] activating connection: mach=true listener=false peer=false name=com.apple.powerlog.plxpclogger.xpc
2026-10-10 10:04:36.859 Df veyra-gpui-prototype[16877:651810] [com.apple.CoreAnalytics:client] Entering exit handler.
2026-10-10 10:04:36.859 Df veyra-gpui-prototype[16877:651810] [com.apple.CoreAnalytics:client] Queueing exit procedure onto XPC queue. Any further messages sent will be discarded. activeSendTransactions=0
2026-10-10 10:04:36.859 Df veyra-gpui-prototype[16877:652abb] [com.apple.CoreAnalytics:client] Cancelling XPC connection. Any further reply handler invocations will not retry messages
2026-10-10 10:04:36.859 Df veyra-gpui-prototype[16877:652abb] [com.apple.xpc:connection] [0x76fd048780] invalidated because the current process cancelled the connection by calling xpc_connection_cancel()
2026-10-10 10:04:36.859 Df veyra-gpui-prototype[16877:651810] [com.apple.CoreAnalytics:client] Exiting exit handler.
2026-10-10 10:04:36.860 Df MenuBarAgent[1108:652721] [com.apple.FrontBoard:ProcessWorkspace] [app<application.me.veyra.gpui-prototype.35334998.35335004>:16877] Workspace connection invalidated.
2026-10-10 10:04:36.860 Df MenuBarAgent[1108:652721] [com.apple.FrontBoard:Process] [app<application.me.veyra.gpui-prototype.35334998.35335004>:16877] Now flagged as pending exit for reason: workspace client connection invalidated
2026-10-10 10:04:36.861 Df WindowManager[1115:652a7b] [com.apple.windowmanagement:xpcconnection] Connection invalidated | (16877) VeyraPrototype
2026-10-10 10:04:36.863 Df WindowServer[595:12b3] [com.apple.SkyLight.processes:Lifecycle] 0[outside of RPC]: Process death: 0x0-0x3d33d3 (VeyraPrototype) connectionID: 1B7EB7 pid: 16877 in session 0x101
2026-10-10 10:04:36.863 Df WindowServer[595:12b3] [com.apple.SkyLight.processes:Focus] <BSCompoundAssertion:0x75b6d3a210> ([FocusManager:257]-deferringPolicyEvaluationSuppression) acquire for reason:process death - 0x0-0x3d33d3 (VeyraPrototype) acq:0x75bb1657a0 count:1
2026-10-10 10:04:36.866 Df WindowServer[595:12b3] [com.apple.SkyLight.processes:Focus] 0[outside of RPC]: [FocusManager:257] update to deferring policy requested for reason: permitted list updated - 0x0-0x3d33d3 removed - but we are suppressing evaluation for reasons: {(
    "process death - 0x0-0x3d33d3 (VeyraPrototype)"
)}
2026-10-10 10:04:36.866 Df WindowServer[595:12b3] [com.apple.SkyLight.processes:Focus] 0[outside of RPC]: [FocusManager:257] update to deferring policy requested for reason: permitted list updated - 0x1-0x41ed removed - but we are suppressing evaluation for reasons: {(
    "process death - 0x0-0x3d33d3 (VeyraPrototype)"
)}
2026-10-10 10:04:36.868 Df runningboardd[601:652a21] [com.apple.runningboard:ttl] Invalidating assertion 601-595-62431 (target:[app<application.me.veyra.gpui-prototype.35334998.35335004(501)>:16877]) from originator [osservice<com.apple.WindowServer(88)>:595]
2026-10-10 10:04:36.868 Df runningboardd[601:652a21] [com.apple.runningboard:process] XPC connection invalidated: [app<application.me.veyra.gpui-prototype.35334998.35335004(501)>:16877]
2026-10-10 10:04:36.868 Df runningboardd[601:652a21] [com.apple.runningboard:ttl] Invalidating assertion 601-595-62430 (target:[app<application.me.veyra.gpui-prototype.35334998.35335004(501)>:16877]) from originator [osservice<com.apple.WindowServer(88)>:595]
2026-10-10 10:04:36.869 Df runningboardd[601:652a21] [com.apple.runningboard:ttl] Acquiring assertion targeting [xpcservice<com.apple.SafariPlatformSupport.Helper([app<application.me.veyra.gpui-prototype.35334998.35335004(501)>:16877])(501)>{vt hash: 0}{definition:com.apple.SafariPlatformSupport.Helper[standard][client]}:16892:16892] from originator [xpcservice<com.apple.SafariPlatformSupport.Helper([app<application.me.veyra.gpui-prototype.35334998.35335004(501)>:16877])(501)>{vt hash: 0}{definition:com.apple.SafariPlatformSupport.Helper[standard][client]}:16892:16892] with description <RBSAssertionDescriptor| "AppNap adapter assertion" ID:601-16892-62450 target:16892 attributes:[
	<RBSAcquisitionCompletionAttribute| policy:AfterApplication>,
	<RBSDomainAttribute| domain:"com.apple.appnap" name:"Enable" sourceEnvironment:"(null)">,
	<RBSDomainAttribute| domain:"com.apple.appnap" name:"PreventTimerThrottleTier5" sourceEnvironment:"(null)">
	]>
2026-10-10 10:04:36.869 Df runningboardd[601:652a21] [com.apple.runningboard:ttl] Assertion 601-16892-62450 (target:[xpcservice<com.apple.SafariPlatformSupport.Helper([app<application.me.veyra.gpui-prototype.35334998.35335004(501)>:16877])(501)>{vt hash: 0}{definition:com.apple.SafariPlatformSupport.Helper[standard][client]}:16892:16892]) will be created as active
2026-10-10 10:04:36.869 Df runningboardd[601:6526fc] [com.apple.runningboard:process] [xpcservice<com.apple.SafariPlatformSupport.Helper([app<application.me.veyra.gpui-prototype.35334998.35335004(501)>:16877])(501)>{vt hash: 0}{definition:com.apple.SafariPlatformSupport.Helper[standard][client]}:16892:16892] Ignoring jetsam update because this process is not memory-managed
2026-10-10 10:04:36.869 Df runningboardd[601:6526fc] [com.apple.runningboard:process] [xpcservice<com.apple.SafariPlatformSupport.Helper([app<application.me.veyra.gpui-prototype.35334998.35335004(501)>:16877])(501)>{vt hash: 0}{definition:com.apple.SafariPlatformSupport.Helper[standard][client]}:16892:16892] Ignoring suspend because this process is not lifecycle managed
2026-10-10 10:04:36.869 Df runningboardd[601:6526fc] [com.apple.runningboard:process] [xpcservice<com.apple.SafariPlatformSupport.Helper([app<application.me.veyra.gpui-prototype.35334998.35335004(501)>:16877])(501)>{vt hash: 0}{definition:com.apple.SafariPlatformSupport.Helper[standard][client]}:16892:16892] Ignoring GPU update because this process is not GPU managed
2026-10-10 10:04:36.869 Df runningboardd[601:6526fc] [com.apple.runningboard:process] [xpcservice<com.apple.SafariPlatformSupport.Helper([app<application.me.veyra.gpui-prototype.35334998.35335004(501)>:16877])(501)>{vt hash: 0}{definition:com.apple.SafariPlatformSupport.Helper[standard][client]}:16892:16892] Ignoring memory limit update because this process is not memory-managed
2026-10-10 10:04:36.870 Df runningboardd[601:6526fc] [com.apple.runningboard:ttl] Invalidating assertion 601-16892-62329 (target:[xpcservice<com.apple.SafariPlatformSupport.Helper([app<application.me.veyra.gpui-prototype.35334998.35335004(501)>:16877])(501)>{vt hash: 0}{definition:com.apple.SafariPlatformSupport.Helper[standard][client]}:16892:16892]) from originator [xpcservice<com.apple.SafariPlatformSupport.Helper([app<application.me.veyra.gpui-prototype.35334998.35335004(501)>:16877])(501)>{vt hash: 0}{definition:com.apple.SafariPlatformSupport.Helper[standard][client]}:16892:16892]
2026-10-10 10:04:36.871 Df launchd[1:6529ae] [gui/501 [100016]:] service inactive: application.me.veyra.gpui-prototype.35334998.35335004
2026-10-10 10:04:36.873 Df WindowManager[1115:652a7d] [com.apple.windowmanagement:xpcconnection] Connection invalidated | (16892) AutoFill (VeyraPrototype)
2026-10-10 10:04:36.875 Df runningboardd[601:652448] [com.apple.runningboard:ttl] [app<application.me.veyra.gpui-prototype.35334998.35335004(501)>:16877] termination reported by launchd (0, 0, 0)
2026-10-10 10:04:36.875 Df runningboardd[601:652448] [com.apple.runningboard:process] Removing process: [app<application.me.veyra.gpui-prototype.35334998.35335004(501)>:16877]
2026-10-10 10:04:36.875 Df runningboardd[601:652448] [com.apple.runningboard:job] Removing launch job for: [app<application.me.veyra.gpui-prototype.35334998.35335004(501)>:16877]
2026-10-10 10:04:36.875 Df launchd[1:6529ae] [gui/501 [100016]:] removing service: application.me.veyra.gpui-prototype.35334998.35335004
2026-10-10 10:04:36.875 Df runningboardd[601:652448] [com.apple.runningboard:job] Removed job for [app<application.me.veyra.gpui-prototype.35334998.35335004(501)>:16877]
2026-10-10 10:04:36.876 Df runningboardd[601:652448] [com.apple.runningboard:process] Removing assertions for terminated process: [app<application.me.veyra.gpui-prototype.35334998.35335004(501)>:16877]
2026-10-10 10:04:36.876 Df runningboardd[601:652448] [com.apple.runningboard:assertion] Removed last relative-start-date-defining assertion for process app<application.me.veyra.gpui-prototype.35334998.35335004(501)>
2026-10-10 10:04:36.876 Df MenuBarAgent[1108:652843] [com.apple.FrontBoard:ProcessWorkspace] [app<application.me.veyra.gpui-prototype.35334998.35335004>:16877] Workspace assertion invalidated: <NSError: 0x7b5d394b40; domain: RBSAssertionErrorDomain; code: 1; "Assertions were invalidated, count = 3.
601-1108-62293: invalidation reason: 1
601-1108-62290: invalidation reason: 1
601-1108-62449: invalidation reason: 1">
2026-10-10 10:04:36.877 Df runningboardd[601:652b0b] [com.apple.runningboard:monitor] Calculated state for app<application.me.veyra.gpui-prototype.35334998.35335004(501)>: none (role: None) (endowments: (null))
2026-10-10 10:04:36.877 Df MenuBarAgent[1108:652843] [com.apple.FrontBoard:Process] [app<application.me.veyra.gpui-prototype.35334998.35335004>:16877] Process exited: <RBSProcessExitContext| voluntary>.
2026-10-10 10:04:36.877 Df MenuBarAgent[1108:652843] [com.apple.FrontBoard:Process] [app<application.me.veyra.gpui-prototype.35334998.35335004>:16877] Setting process task state to: Not Running
2026-10-10 10:04:36.877 Df MenuBarAgent[1108:652843] [com.apple.FrontBoard:Process] [app<application.me.veyra.gpui-prototype.35334998.35335004>:16877] Setting process visibility to: Unknown
2026-10-10 10:04:36.877 Df MenuBarAgent[1108:652842] [com.apple.FrontBoard:ProcessWorkspace] [app<application.me.veyra.gpui-prototype.35334998.35335004>:16877] Invalidating workspace.
2026-10-10 10:04:36.877 Df MenuBarAgent[1108:652842] [com.apple.FrontBoard:ProcessWorkspace] Removing source registration for processHandle: [app<application.me.veyra.gpui-prototype.35334998.35335004(501)>:16877]
2026-10-10 10:04:36.877 Df MenuBarAgent[1108:652842] [com.apple.FrontBoard:Process] Removing: <FBApplicationProcess: 0x7b5cf13780; app<application.me.veyra.gpui-prototype.35334998.35335004>:16877(v29AB36)>
2026-10-10 10:04:36.877 Df runningboardd[601:652a25] [com.apple.runningboard:monitor] Calculated state for app<application.me.veyra.gpui-prototype.35334998.35335004(501)>: none (role: None) (endowments: (null))
2026-10-10 10:04:36.877 Df MenuBarAgent[1108:652861] [com.apple.runningboard:monitor] Received state update for 16877 (app<application.me.veyra.gpui-prototype.35334998.35335004(501)>, none-NotVisible
2026-10-10 10:04:36.877 Df MenuBarAgent[1108:652861] [com.apple.runningboard:monitor] Received state update for 16877 (app<application.me.veyra.gpui-prototype.35334998.35335004(501)>, none-NotVisible
2026-10-10 10:04:36.879 Df runningboardd[601:6526fc] [com.apple.runningboard:process] XPC connection invalidated: [xpcservice<com.apple.SafariPlatformSupport.Helper([app<application.me.veyra.gpui-prototype.35334998.35335004(501)>:16877])(501)>{vt hash: 0}{definition:com.apple.SafariPlatformSupport.Helper[standard][client]}:16892:16892]
2026-10-10 10:04:36.880 Df runningboardd[601:6526fc] [com.apple.runningboard:ttl] Invalidating assertion 601-567-62301 (target:[xpcservice<com.apple.SafariPlatformSupport.Helper([app<application.me.veyra.gpui-prototype.35334998.35335004(501)>:16877])(501)>{vt hash: 0}{definition:com.apple.SafariPlatformSupport.Helper[standard][client]}:16892:16892]) from originator [osservice<com.apple.coreservices.launchservicesd>:567]
2026-10-10 10:04:36.881 Df loginwindow[599:12e0] [com.apple.loginwindow.logging:Standard] -[Application setState:] | enter: <Application: 0x7c02443cc0: AutoFill (VeyraPrototype)> state 3
2026-10-10 10:04:36.881 Df loginwindow[599:12e0] [com.apple.loginwindow.logging:TAL] -[PersistentAppsSupport applicationQuit:] | for app:AutoFill (VeyraPrototype), _appTrackingState = 2
2026-10-10 10:04:36.881 Df loginwindow[599:12e0] [com.apple.loginwindow.logging:Standard] -[Application setState:] | enter: <Application: 0x7c02443cc0: AutoFill (VeyraPrototype)> state 4
2026-10-10 10:04:36.881 Df loginwindow[599:12e0] [com.apple.loginwindow.logging:TAL] -[PersistentAppsSupport applicationQuit:] | for app:AutoFill (VeyraPrototype), _appTrackingState = 2
2026-10-10 10:04:36.883 Df WindowManager[1115:652a7b] [com.apple.windowmanagement:xpcconnection] Connection invalidated | (16893) ThemeWidgetControlViewService (VeyraPrototype)
2026-10-10 10:04:36.886 Df runningboardd[601:6526fc] [com.apple.runningboard:process] XPC connection invalidated: [xpcservice<com.apple.appkit.xpc.ThemeWidgetControlViewService([app<application.me.veyra.gpui-prototype.35334998.35335004(501)>:16877])(501)>{vt hash: 0}{definition:com.apple.appkit.xpc.ThemeWidgetControlViewService[standard][client]}:16893:16893]
2026-10-10 10:04:36.889 Df loginwindow[599:12e0] [com.apple.loginwindow.logging:Standard] -[Application setState:] | enter: <Application: 0x7c02442dc0: ThemeWidgetControlViewService (VeyraPrototype)> state 3
2026-10-10 10:04:36.889 Df loginwindow[599:12e0] [com.apple.loginwindow.logging:TAL] -[PersistentAppsSupport applicationQuit:] | for app:ThemeWidgetControlViewService (VeyraPrototype), _appTrackingState = 2
2026-10-10 10:04:36.890 Df runningboardd[601:6526fc] [com.apple.runningboard:ttl] Invalidating assertion 601-567-62299 (target:[xpcservice<com.apple.appkit.xpc.ThemeWidgetControlViewService([app<application.me.veyra.gpui-prototype.35334998.35335004(501)>:16877])(501)>{vt hash: 0}{definition:com.apple.appkit.xpc.ThemeWidgetControlViewService[standard][client]}:16893:16893]) from originator [osservice<com.apple.coreservices.launchservicesd>:567]
2026-10-10 10:04:36.893 Df loginwindow[599:12e0] [com.apple.loginwindow.logging:Standard] -[Application setState:] | enter: <Application: 0x7c02442dc0: ThemeWidgetControlViewService (VeyraPrototype)> state 4
2026-10-10 10:04:36.893 Df loginwindow[599:12e0] [com.apple.loginwindow.logging:TAL] -[PersistentAppsSupport applicationQuit:] | for app:ThemeWidgetControlViewService (VeyraPrototype), _appTrackingState = 2
2026-10-10 10:04:36.894 Df runningboardd[601:652448] [com.apple.runningboard:ttl] [xpcservice<com.apple.appkit.xpc.ThemeWidgetControlViewService([app<application.me.veyra.gpui-prototype.35334998.35335004(501)>:16877])(501)>{vt hash: 0}{definition:com.apple.appkit.xpc.ThemeWidgetControlViewService[standard][client]}:16893:16893] termination reported by launchd (2, 9, 9)
2026-10-10 10:04:36.894 Df runningboardd[601:652448] [com.apple.runningboard:process] Removing process: [xpcservice<com.apple.appkit.xpc.ThemeWidgetControlViewService([app<application.me.veyra.gpui-prototype.35334998.35335004(501)>:16877])(501)>{vt hash: 0}{definition:com.apple.appkit.xpc.ThemeWidgetControlViewService[standard][client]}:16893:16893]
2026-10-10 10:04:36.895 Df runningboardd[601:652448] [com.apple.runningboard:general] removeJobWithInstance called for identity without existing job [xpcservice<com.apple.appkit.xpc.ThemeWidgetControlViewService([app<application.me.veyra.gpui-prototype.35334998.35335004(501)>:16877])(501)>{vt hash: 0}{definition:com.apple.appkit.xpc.ThemeWidgetControlViewService[standard][client]}:16893:16893]
2026-10-10 10:04:36.895 Df runningboardd[601:652448] [com.apple.runningboard:process] Removing assertions for terminated process: [xpcservice<com.apple.appkit.xpc.ThemeWidgetControlViewService([app<application.me.veyra.gpui-prototype.35334998.35335004(501)>:16877])(501)>{vt hash: 0}{definition:com.apple.appkit.xpc.ThemeWidgetControlViewService[standard][client]}:16893:16893]
2026-10-10 10:04:36.895 Df runningboardd[601:652b0b] [com.apple.runningboard:ttl] [xpcservice<com.apple.SafariPlatformSupport.Helper([app<application.me.veyra.gpui-prototype.35334998.35335004(501)>:16877])(501)>{vt hash: 0}{definition:com.apple.SafariPlatformSupport.Helper[standard][client]}:16892:16892] termination reported by launchd (2, 9, 9)
2026-10-10 10:04:36.895 Df runningboardd[601:652b0b] [com.apple.runningboard:process] Removing process: [xpcservice<com.apple.SafariPlatformSupport.Helper([app<application.me.veyra.gpui-prototype.35334998.35335004(501)>:16877])(501)>{vt hash: 0}{definition:com.apple.SafariPlatformSupport.Helper[standard][client]}:16892:16892]
2026-10-10 10:04:36.895 Df runningboardd[601:652b0b] [com.apple.runningboard:general] removeJobWithInstance called for identity without existing job [xpcservice<com.apple.SafariPlatformSupport.Helper([app<application.me.veyra.gpui-prototype.35334998.35335004(501)>:16877])(501)>{vt hash: 0}{definition:com.apple.SafariPlatformSupport.Helper[standard][client]}:16892:16892]
2026-10-10 10:04:36.895 Df runningboardd[601:652b0b] [com.apple.runningboard:process] Removing assertions for terminated process: [xpcservice<com.apple.SafariPlatformSupport.Helper([app<application.me.veyra.gpui-prototype.35334998.35335004(501)>:16877])(501)>{vt hash: 0}{definition:com.apple.SafariPlatformSupport.Helper[standard][client]}:16892:16892]
2026-10-10 10:04:36.897 Df gamepolicyd[755:652442] [com.apple.runningboard:monitor] Received state update for 16892 (xpcservice<com.apple.SafariPlatformSupport.Helper([app<application.me.veyra.gpui-prototype.35334998.35335004(501)>:16877])(501)>{vt hash: 0}{definition:com.apple.SafariPlatformSupport.Helper[standard][client]}:16892, running-NotVisible
2026-10-10 10:04:36.897 Df replayd[1168:6506fb] [com.apple.runningboard:monitor] Received state update for 16892 (xpcservice<com.apple.SafariPlatformSupport.Helper([app<application.me.veyra.gpui-prototype.35334998.35335004(501)>:16877])(501)>{vt hash: 0}{definition:com.apple.SafariPlatformSupport.Helper[standard][client]}:16892, running-NotVisible
2026-10-10 10:04:36.898 Df launchservicesd[567:652ba7] [com.apple.runningboard:process] Hit the server for a process handle 173f40b3000041ed that resolved to: [app<application.me.veyra.gpui-prototype.35334998.35335004(501)>:16877]
2026-10-10 10:04:36.899 Df replayd[1168:651ddb] [com.apple.runningboard:monitor] Received state update for 16892 (xpcservice<com.apple.SafariPlatformSupport.Helper([app<application.me.veyra.gpui-prototype.35334998.35335004(501)>:16877])(501)>{vt hash: 0}{definition:com.apple.SafariPlatformSupport.Helper[standard][client]}:16892, none-NotVisible
2026-10-10 10:04:36.899 Df replayd[1168:651ddb] [com.apple.runningboard:monitor] Received state update for 16893 (xpcservice<com.apple.appkit.xpc.ThemeWidgetControlViewService([app<application.me.veyra.gpui-prototype.35334998.35335004(501)>:16877])(501)>{vt hash: 0}{definition:com.apple.appkit.xpc.ThemeWidgetControlViewService[standard][client]}:16893, none-NotVisible
2026-10-10 10:04:36.903 Df gamepolicyd[755:652a2d] [com.apple.runningboard:monitor] Received state update for 16893 (xpcservice<com.apple.appkit.xpc.ThemeWidgetControlViewService([app<application.me.veyra.gpui-prototype.35334998.35335004(501)>:16877])(501)>{vt hash: 0}{definition:com.apple.appkit.xpc.ThemeWidgetControlViewService[standard][client]}:16893, none-NotVisible
2026-10-10 10:04:36.903 Df gamepolicyd[755:652a2d] [com.apple.runningboard:monitor] Received state update for 16892 (xpcservice<com.apple.SafariPlatformSupport.Helper([app<application.me.veyra.gpui-prototype.35334998.35335004(501)>:16877])(501)>{vt hash: 0}{definition:com.apple.SafariPlatformSupport.Helper[standard][client]}:16892, none-NotVisible
2026-10-10 10:04:36.903 Df gamepolicyd[755:652a2d] [com.apple.runningboard:monitor] Received state update for 16877 (app<application.me.veyra.gpui-prototype.35334998.35335004(501)>, none-NotVisible
2026-10-10 10:04:36.915 Df loginwindow[599:12e0] [com.apple.loginwindow.logging:AppExit] -[ApplicationManager handleCASEvent:withData:] | CAS notification for appDeath for me.veyra.gpui-prototype with asn: LSASN:{0x0-0x3d33d3} for bundle path: /Users/lifeilin/Downloads/Veyra-P0-08-first-open-20261010/VeyraPrototype.app with URL: file:///Users/lifeilin/Downloads/Veyra-P0-08-first-open-20261010/VeyraPrototype.app/
2026-10-10 10:04:36.915 Df loginwindow[599:12e0] [com.apple.loginwindow.logging:Standard] -[Application setState:] | enter: <Application: 0x7c024409c0: VeyraPrototype> state 3
2026-10-10 10:04:36.915 Df loginwindow[599:12e0] [com.apple.loginwindow.logging:TAL] -[PersistentAppsSupport applicationQuit:] | for app:VeyraPrototype, _appTrackingState = 2
2026-10-10 10:04:36.915 Df loginwindow[599:12e0] [com.apple.loginwindow.logging:TAL] -[PersistentAppsSupport applicationQuit:] | App: VeyraPrototype, quit, updating active tracking timer
2026-10-10 10:04:36.915 Df loginwindow[599:12e0] [com.apple.loginwindow.logging:Standard] -[Application setState:] | enter: <Application: 0x7c024409c0: VeyraPrototype> state 4
2026-10-10 10:04:36.915 Df loginwindow[599:12e0] [com.apple.loginwindow.logging:TAL] -[PersistentAppsSupport applicationQuit:] | for app:VeyraPrototype, _appTrackingState = 2
2026-10-10 10:04:36.915 Df loginwindow[599:12e0] [com.apple.loginwindow.logging:TAL] -[PersistentAppsSupport applicationQuit:] | App: VeyraPrototype, quit, updating active tracking timer
2026-10-10 10:04:37.065 E  runningboardd[601:652b0b] [com.apple.runningboard:general] RBSStateCapture remove item called for untracked item 601-595-62430 (target:[app<application.me.veyra.gpui-prototype.35334998.35335004(501)>:16877])
2026-10-10 10:04:37.066 E  runningboardd[601:652b0b] [com.apple.runningboard:general] RBSStateCapture remove item called for untracked item 601-16892-62329 (target:[xpcservice<com.apple.SafariPlatformSupport.Helper([app<application.me.veyra.gpui-prototype.35334998.35335004(501)>:16877])(501)>{vt hash: 0}{definition:com.apple.SafariPlatformSupport.Helper[standard][client]}:16892:16892])
2026-10-10 10:04:37.066 E  runningboardd[601:652b0b] [com.apple.runningboard:general] RBSStateCapture remove item called for untracked item 601-567-62301 (target:[xpcservice<com.apple.SafariPlatformSupport.Helper([app<application.me.veyra.gpui-prototype.35334998.35335004(501)>:16877])(501)>{vt hash: 0}{definition:com.apple.SafariPlatformSupport.Helper[standard][client]}:16892:16892])
2026-10-10 10:04:37.066 E  runningboardd[601:652b0b] [com.apple.runningboard:general] RBSStateCapture remove item called for untracked item 601-595-62431 (target:[app<application.me.veyra.gpui-prototype.35334998.35335004(501)>:16877])
2026-10-10 10:04:37.066 E  runningboardd[601:652b0b] [com.apple.runningboard:general] RBSStateCapture remove item called for untracked item 601-567-62299 (target:[xpcservice<com.apple.appkit.xpc.ThemeWidgetControlViewService([app<application.me.veyra.gpui-prototype.35334998.35335004(501)>:16877])(501)>{vt hash: 0}{definition:com.apple.appkit.xpc.ThemeWidgetControlViewService[standard][client]}:16893:16893])
2026-10-10 10:04:41.917 Df loginwindow[599:632e8c] [com.apple.loginwindow.logging:TAL] -[PersistentAppsSupport saveLogoutPersistentState:finalSnapshot:] |      previouslyRunningApps: (
        {
        BackgroundState = 2;
        BundleID = "com.openai.codex";
        Hide = 0;
        Path = "/Applications/ChatGPT.app";
    },
        {
        BackgroundState = 2;
        BundleID = "me.veyra.gpui-prototype";
        Hide = 0;
        Path = "/Users/lifeilin/Downloads/Veyra-P0-08-first-open-20261010/VeyraPrototype.app";
    },
        {
        BackgroundState = 2;
        BundleID = "com.apple.systempreferences";
        Hide = 0;
        Path = "/System/Applications/System Settings.app";
    },
        {
        BackgroundState = 2;
        BundleID = "com.apple.finder";
        Hide = 0;
        Path = "/System/Library/CoreServices/Finder.app";
    },
        {
        BackgroundState = 2;
        BundleID = "com.microsoft.edgemac";
        Hide = 0;
        Path = "/Applications/Microsoft Edge.app";
    },
        {
        BackgroundState = 2;
        BundleID = "io.github.lifei6671.serena-desktop";
        Hide = 0;
        Path = "/Applications/Serena Desktop.app";
    },
        {
        BackgroundState = 2;
        BundleID = "com.jetbrains.rustrover";
        Hide = 0;
        Path = "/Users/lifeilin/Applications/RustRover.app";
    },
        {
        BackgroundState = 2;
        BundleID = "com.googlecode.iterm2";
        Hide = 0;
        Path = "/Applications/iTerm.app";
    },
        {
        BackgroundState = 2;
        BundleID = "com.microsoft.vscode";
        Hide = 0;
        Path = "/Applications/Visual Studio Code.app";
    },
        {
        BackgroundState = 3;
        BundleID = "com.nebula.karing";
        Hide = 0;
        Path = "/Applications/Karing.app";
    },
        {
        BackgroundState = 2;
        BundleID = "com.apple.preview";
        Hide = 0;
        Path = "/System/Applications/Preview.app";
    },
        {
        BackgroundState = 3;
        BundleID = "com.6x.dockx";
        Hide = 0;
        Path = "/Applications/DockX.app";
    },
        {
        BackgroundState = 2;
        BundleID = "com.apple.activitymonitor";
        Hide = 0;
        Path = "/System/Applications/Utilities/Activity Monitor.app";
    }
)
2026-10-10 10:04:49.342 Df log[17530:652d47] [com.apple.log:] log run noninteractively, parent: 17513 (Python), args: '/usr/bin/log' 'show' '--start' '2026-10-10 09:59:00' '--style' 'compact' '--predicate' 'eventMessage CONTAINS "VeyraPrototype" OR eventMessage CONTAINS "me.veyra.gpui-prototype" OR process == "veyra
