veyra v0.1.0 (/Users/lifeilin/wx_lifeilin/github.com/lifei6671/veyra/src-tauri)
├── sha2 v0.10.9
│   ├── cfg-if feature "default"
│   │   └── cfg-if v1.0.4
│   ├── cpufeatures feature "default"
│   │   └── cpufeatures v0.2.17
│   │       └── libc v0.2.189
│   └── digest feature "default"
│       ├── digest v0.10.7
│       │   ├── block-buffer feature "default"
│       │   │   └── block-buffer v0.10.4
│       │   │       └── generic-array feature "default"
│       │   │           └── generic-array v0.14.7
│       │   │               └── typenum feature "default"
│       │   │                   └── typenum v1.20.1
│       │   │               [build-dependencies]
│       │   │               └── version_check feature "default"
│       │   │                   └── version_check v0.9.5
│       │   └── crypto-common feature "default"
│       │       └── crypto-common v0.1.7
│       │           ├── generic-array feature "default" (*)
│       │           ├── generic-array feature "more_lengths"
│       │           │   └── generic-array v0.14.7 (*)
│       │           └── typenum feature "default" (*)
│       └── digest feature "core-api"
│           ├── digest v0.10.7 (*)
│           └── digest feature "block-buffer"
│               └── digest v0.10.7 (*)
├── getrandom feature "default"
│   └── getrandom v0.4.3
│       ├── libc v0.2.189
│       ├── cfg-if feature "default" (*)
│       └── rand_core feature "default"
│           └── rand_core v0.10.1
├── reqwest feature "json"
│   └── reqwest v0.12.28
│       ├── futures-core v0.3.34
│       ├── base64 feature "default"
│       │   ├── base64 v0.22.1
│       │   └── base64 feature "std"
│       │       ├── base64 v0.22.1
│       │       └── base64 feature "alloc"
│       │           └── base64 v0.22.1
│       ├── bytes feature "default"
│       │   ├── bytes v1.12.1
│       │   └── bytes feature "std"
│       │       └── bytes v1.12.1
│       ├── http feature "default"
│       │   ├── http v1.5.0
│       │   │   ├── bytes feature "default" (*)
│       │   │   └── itoa feature "default"
│       │   │       └── itoa v1.0.18
│       │   └── http feature "std"
│       │       └── http v1.5.0 (*)
│       ├── http-body feature "default"
│       │   └── http-body v1.1.0
│       │       ├── bytes feature "default" (*)
│       │       └── http feature "default" (*)
│       ├── http-body-util feature "default"
│       │   └── http-body-util v0.1.5
│       │       ├── futures-core v0.3.34
│       │       ├── bytes feature "default" (*)
│       │       ├── http feature "default" (*)
│       │       ├── http-body feature "default" (*)
│       │       └── pin-project-lite feature "default"
│       │           └── pin-project-lite v0.2.17
│       ├── pin-project-lite feature "default" (*)
│       ├── hyper feature "client"
│       │   └── hyper v1.11.1
│       │       ├── bytes feature "default" (*)
│       │       ├── futures-core feature "default"
│       │       │   ├── futures-core v0.3.34
│       │       │   └── futures-core feature "std"
│       │       │       ├── futures-core v0.3.34
│       │       │       └── futures-core feature "alloc"
│       │       │           └── futures-core v0.3.34
│       │       ├── http feature "default" (*)
│       │       ├── itoa feature "default" (*)
│       │       ├── http-body feature "default" (*)
│       │       ├── pin-project-lite feature "default" (*)
│       │       ├── atomic-waker feature "default"
│       │       │   └── atomic-waker v1.1.2
│       │       ├── futures-channel feature "default"
│       │       │   ├── futures-channel v0.3.34
│       │       │   │   └── futures-core v0.3.34
│       │       │   └── futures-channel feature "std"
│       │       │       ├── futures-channel v0.3.34 (*)
│       │       │       ├── futures-core feature "std" (*)
│       │       │       └── futures-channel feature "alloc"
│       │       │           ├── futures-channel v0.3.34 (*)
│       │       │           └── futures-core feature "alloc" (*)
│       │       ├── httparse feature "default"
│       │       │   ├── httparse v1.10.1
│       │       │   └── httparse feature "std"
│       │       │       └── httparse v1.10.1
│       │       ├── smallvec feature "const_generics"
│       │       │   └── smallvec v1.16.0
│       │       ├── smallvec feature "const_new"
│       │       │   ├── smallvec v1.16.0
│       │       │   └── smallvec feature "const_generics" (*)
│       │       ├── smallvec feature "default"
│       │       │   └── smallvec v1.16.0
│       │       ├── tokio feature "default"
│       │       │   └── tokio v1.53.1
│       │       │       ├── mio v1.2.3
│       │       │       │   └── libc feature "default"
│       │       │       │       ├── libc v0.2.189
│       │       │       │       └── libc feature "std"
│       │       │       │           └── libc v0.2.189
│       │       │       ├── libc feature "default" (*)
│       │       │       ├── bytes feature "default" (*)
│       │       │       ├── pin-project-lite feature "default" (*)
│       │       │       ├── signal-hook-registry feature "default"
│       │       │       │   └── signal-hook-registry v1.4.8
│       │       │       │       ├── libc feature "default" (*)
│       │       │       │       └── errno feature "default"
│       │       │       │           ├── errno v0.3.14
│       │       │       │           │   └── libc v0.2.189
│       │       │       │           └── errno feature "std"
│       │       │       │               ├── errno v0.3.14 (*)
│       │       │       │               └── libc feature "std" (*)
│       │       │       ├── socket2 feature "all"
│       │       │       │   └── socket2 v0.6.5
│       │       │       │       └── libc feature "default" (*)
│       │       │       └── socket2 feature "default"
│       │       │           └── socket2 v0.6.5 (*)
│       │       ├── tokio feature "sync"
│       │       │   └── tokio v1.53.1 (*)
│       │       └── want feature "default"
│       │           └── want v0.3.1
│       │               └── try-lock feature "default"
│       │                   └── try-lock v0.2.5
│       ├── hyper feature "default"
│       │   └── hyper v1.11.1 (*)
│       ├── hyper feature "http1"
│       │   └── hyper v1.11.1 (*)
│       ├── tokio feature "net"
│       │   ├── tokio v1.53.1 (*)
│       │   ├── tokio feature "libc"
│       │   │   └── tokio v1.53.1 (*)
│       │   ├── tokio feature "mio"
│       │   │   └── tokio v1.53.1 (*)
│       │   ├── tokio feature "socket2"
│       │   │   └── tokio v1.53.1 (*)
│       │   ├── mio feature "net"
│       │   │   └── mio v1.2.3 (*)
│       │   ├── mio feature "os-ext"
│       │   │   ├── mio v1.2.3 (*)
│       │   │   └── mio feature "os-poll"
│       │   │       └── mio v1.2.3 (*)
│       │   └── mio feature "os-poll" (*)
│       ├── tokio feature "time"
│       │   └── tokio v1.53.1 (*)
│       ├── hyper-rustls feature "http1"
│       │   ├── hyper-rustls v0.27.9
│       │   │   ├── hyper v1.11.1 (*)
│       │   │   ├── rustls v0.23.43
│       │   │   │   ├── subtle v2.6.1
│       │   │   │   ├── once_cell feature "alloc"
│       │   │   │   │   ├── once_cell v1.21.4
│       │   │   │   │   └── once_cell feature "race"
│       │   │   │   │       └── once_cell v1.21.4
│       │   │   │   ├── once_cell feature "race" (*)
│       │   │   │   ├── ring feature "default"
│       │   │   │   │   ├── ring v0.17.14
│       │   │   │   │   │   ├── cfg-if v1.0.4
│       │   │   │   │   │   ├── libc v0.2.189
│       │   │   │   │   │   ├── getrandom feature "default"
│       │   │   │   │   │   │   └── getrandom v0.2.17
│       │   │   │   │   │   │       ├── libc v0.2.189
│       │   │   │   │   │   │       └── cfg-if feature "default" (*)
│       │   │   │   │   │   └── untrusted feature "default"
│       │   │   │   │   │       └── untrusted v0.9.0
│       │   │   │   │   │   [build-dependencies]
│       │   │   │   │   │   └── cc v1.4.4
│       │   │   │   │   │       ├── find-msvc-tools feature "default"
│       │   │   │   │   │       │   └── find-msvc-tools v0.1.11
│       │   │   │   │   │       └── shlex feature "default"
│       │   │   │   │   │           ├── shlex v2.0.1
│       │   │   │   │   │           └── shlex feature "std"
│       │   │   │   │   │               └── shlex v2.0.1
│       │   │   │   │   ├── ring feature "alloc"
│       │   │   │   │   │   └── ring v0.17.14 (*)
│       │   │   │   │   └── ring feature "dev_urandom_fallback"
│       │   │   │   │       └── ring v0.17.14 (*)
│       │   │   │   ├── rustls-pki-types feature "alloc"
│       │   │   │   │   └── rustls-pki-types v1.15.1
│       │   │   │   │       └── zeroize feature "default"
│       │   │   │   │           ├── zeroize v1.9.0
│       │   │   │   │           └── zeroize feature "alloc"
│       │   │   │   │               └── zeroize v1.9.0
│       │   │   │   ├── rustls-pki-types feature "default"
│       │   │   │   │   ├── rustls-pki-types v1.15.1 (*)
│       │   │   │   │   └── rustls-pki-types feature "alloc" (*)
│       │   │   │   ├── zeroize feature "default" (*)
│       │   │   │   └── rustls-webpki feature "alloc"
│       │   │   │       ├── rustls-webpki v0.103.15
│       │   │   │       │   ├── ring v0.17.14 (*)
│       │   │   │       │   ├── rustls-pki-types v1.15.1 (*)
│       │   │   │       │   └── untrusted feature "default" (*)
│       │   │   │       ├── ring feature "alloc" (*)
│       │   │   │       └── rustls-pki-types feature "alloc" (*)
│       │   │   ├── tokio-rustls v0.26.4
│       │   │   │   ├── tokio feature "default" (*)
│       │   │   │   └── rustls feature "std"
│       │   │   │       ├── rustls v0.23.43 (*)
│       │   │   │       ├── once_cell feature "std"
│       │   │   │       │   ├── once_cell v1.21.4
│       │   │   │       │   └── once_cell feature "alloc" (*)
│       │   │   │       ├── rustls-pki-types feature "std"
│       │   │   │       │   ├── rustls-pki-types v1.15.1 (*)
│       │   │   │       │   └── rustls-pki-types feature "alloc" (*)
│       │   │   │       └── rustls-webpki feature "std"
│       │   │   │           ├── rustls-webpki v0.103.15 (*)
│       │   │   │           ├── rustls-pki-types feature "std" (*)
│       │   │   │           └── rustls-webpki feature "alloc" (*)
│       │   │   ├── http feature "default" (*)
│       │   │   ├── tokio feature "default" (*)
│       │   │   ├── hyper-util feature "client-legacy"
│       │   │   │   ├── hyper-util v0.1.20
│       │   │   │   │   ├── futures-util v0.3.34
│       │   │   │   │   │   ├── futures-core v0.3.34
│       │   │   │   │   │   ├── futures-sink v0.3.34
│       │   │   │   │   │   ├── futures-task v0.3.34
│       │   │   │   │   │   ├── slab v0.4.12
│       │   │   │   │   │   └── pin-project-lite feature "default" (*)
│       │   │   │   │   ├── tokio v1.53.1 (*)
│       │   │   │   │   ├── libc feature "default" (*)
│       │   │   │   │   ├── base64 feature "default" (*)
│       │   │   │   │   ├── bytes feature "default" (*)
│       │   │   │   │   ├── http feature "default" (*)
│       │   │   │   │   ├── http-body feature "default" (*)
│       │   │   │   │   ├── pin-project-lite feature "default" (*)
│       │   │   │   │   ├── hyper feature "default" (*)
│       │   │   │   │   ├── futures-channel feature "default" (*)
│       │   │   │   │   ├── socket2 feature "all" (*)
│       │   │   │   │   ├── socket2 feature "default" (*)
│       │   │   │   │   ├── ipnet feature "default"
│       │   │   │   │   │   ├── ipnet v2.12.1
│       │   │   │   │   │   └── ipnet feature "std"
│       │   │   │   │   │       └── ipnet v2.12.1
│       │   │   │   │   ├── percent-encoding feature "default"
│       │   │   │   │   │   ├── percent-encoding v2.3.2
│       │   │   │   │   │   └── percent-encoding feature "std"
│       │   │   │   │   │       ├── percent-encoding v2.3.2
│       │   │   │   │   │       └── percent-encoding feature "alloc"
│       │   │   │   │   │           └── percent-encoding v2.3.2
│       │   │   │   │   ├── tower-service feature "default"
│       │   │   │   │   │   └── tower-service v0.3.3
│       │   │   │   │   └── tracing feature "std"
│       │   │   │   │       ├── tracing v0.1.44
│       │   │   │   │       │   ├── tracing-core v0.1.36
│       │   │   │   │       │   │   └── once_cell feature "default"
│       │   │   │   │       │   │       ├── once_cell v1.21.4
│       │   │   │   │       │   │       └── once_cell feature "std" (*)
│       │   │   │   │       │   ├── pin-project-lite feature "default" (*)
│       │   │   │   │       │   └── tracing-attributes feature "default"
│       │   │   │   │       │       └── tracing-attributes v0.1.31 (proc-macro)
│       │   │   │   │       │           ├── proc-macro2 feature "default"
│       │   │   │   │       │           │   ├── proc-macro2 v1.0.107
│       │   │   │   │       │           │   │   └── unicode-ident feature "default"
│       │   │   │   │       │           │   │       └── unicode-ident v1.0.24
│       │   │   │   │       │           │   └── proc-macro2 feature "proc-macro"
│       │   │   │   │       │           │       └── proc-macro2 v1.0.107 (*)
│       │   │   │   │       │           ├── quote feature "default"
│       │   │   │   │       │           │   ├── quote v1.0.47
│       │   │   │   │       │           │   │   └── proc-macro2 v1.0.107 (*)
│       │   │   │   │       │           │   └── quote feature "proc-macro"
│       │   │   │   │       │           │       ├── quote v1.0.47 (*)
│       │   │   │   │       │           │       └── proc-macro2 feature "proc-macro" (*)
│       │   │   │   │       │           ├── syn feature "clone-impls"
│       │   │   │   │       │           │   └── syn v2.0.119
│       │   │   │   │       │           │       ├── proc-macro2 v1.0.107 (*)
│       │   │   │   │       │           │       ├── quote v1.0.47 (*)
│       │   │   │   │       │           │       └── unicode-ident feature "default" (*)
│       │   │   │   │       │           ├── syn feature "extra-traits"
│       │   │   │   │       │           │   └── syn v2.0.119 (*)
│       │   │   │   │       │           ├── syn feature "full"
│       │   │   │   │       │           │   └── syn v2.0.119 (*)
│       │   │   │   │       │           ├── syn feature "parsing"
│       │   │   │   │       │           │   └── syn v2.0.119 (*)
│       │   │   │   │       │           ├── syn feature "printing"
│       │   │   │   │       │           │   └── syn v2.0.119 (*)
│       │   │   │   │       │           ├── syn feature "proc-macro"
│       │   │   │   │       │           │   ├── syn v2.0.119 (*)
│       │   │   │   │       │           │   ├── proc-macro2 feature "proc-macro" (*)
│       │   │   │   │       │           │   └── quote feature "proc-macro" (*)
│       │   │   │   │       │           └── syn feature "visit-mut"
│       │   │   │   │       │               └── syn v2.0.119 (*)
│       │   │   │   │       └── tracing-core feature "std"
│       │   │   │   │           ├── tracing-core v0.1.36 (*)
│       │   │   │   │           └── tracing-core feature "once_cell"
│       │   │   │   │               └── tracing-core v0.1.36 (*)
│       │   │   │   ├── tokio feature "sync" (*)
│       │   │   │   ├── hyper-util feature "client"
│       │   │   │   │   ├── hyper-util v0.1.20 (*)
│       │   │   │   │   ├── hyper feature "client" (*)
│       │   │   │   │   ├── tokio feature "net" (*)
│       │   │   │   │   └── hyper-util feature "tokio"
│       │   │   │   │       ├── hyper-util v0.1.20 (*)
│       │   │   │   │       ├── tokio feature "rt"
│       │   │   │   │       │   └── tokio v1.53.1 (*)
│       │   │   │   │       ├── tokio feature "time" (*)
│       │   │   │   │       └── hyper-util feature "tokio" (*)
│       │   │   │   └── hyper-util feature "tokio" (*)
│       │   │   ├── hyper-util feature "tokio" (*)
│       │   │   ├── tower-service feature "default" (*)
│       │   │   └── webpki-roots feature "default"
│       │   │       └── webpki-roots v1.0.9
│       │   │           └── rustls-pki-types v1.15.1 (*)
│       │   └── hyper-util feature "http1"
│       │       ├── hyper-util v0.1.20 (*)
│       │       └── hyper feature "http1" (*)
│       ├── hyper-rustls feature "tls12"
│       │   ├── hyper-rustls v0.27.9 (*)
│       │   ├── rustls feature "tls12"
│       │   │   └── rustls v0.23.43 (*)
│       │   └── tokio-rustls feature "tls12"
│       │       ├── tokio-rustls v0.26.4 (*)
│       │       └── rustls feature "tls12" (*)
│       ├── hyper-util feature "client" (*)
│       ├── hyper-util feature "client-legacy" (*)
│       ├── hyper-util feature "client-proxy"
│       │   ├── hyper-util v0.1.20 (*)
│       │   └── hyper-util feature "client" (*)
│       ├── hyper-util feature "default"
│       │   └── hyper-util v0.1.20 (*)
│       ├── hyper-util feature "http1" (*)
│       ├── hyper-util feature "tokio" (*)
│       ├── percent-encoding feature "default" (*)
│       ├── tower-service feature "default" (*)
│       ├── rustls feature "std" (*)
│       ├── rustls feature "tls12" (*)
│       ├── rustls-pki-types feature "default" (*)
│       ├── rustls-pki-types feature "std" (*)
│       ├── tokio-rustls feature "tls12" (*)
│       ├── webpki-roots feature "default" (*)
│       ├── log feature "default"
│       │   └── log v0.4.34
│       ├── serde feature "default"
│       │   ├── serde v1.0.229
│       │   │   ├── serde_core feature "result"
│       │   │   │   └── serde_core v1.0.229
│       │   │   └── serde_derive feature "default"
│       │   │       └── serde_derive v1.0.229 (proc-macro)
│       │   │           ├── proc-macro2 feature "proc-macro" (*)
│       │   │           ├── quote feature "proc-macro" (*)
│       │   │           ├── syn feature "clone-impls"
│       │   │           │   └── syn v3.0.4
│       │   │           │       ├── proc-macro2 v1.0.107 (*)
│       │   │           │       ├── quote v1.0.47 (*)
│       │   │           │       └── unicode-ident feature "default" (*)
│       │   │           ├── syn feature "derive"
│       │   │           │   └── syn v3.0.4 (*)
│       │   │           ├── syn feature "parsing"
│       │   │           │   └── syn v3.0.4 (*)
│       │   │           ├── syn feature "printing"
│       │   │           │   └── syn v3.0.4 (*)
│       │   │           └── syn feature "proc-macro"
│       │   │               ├── syn v3.0.4 (*)
│       │   │               ├── proc-macro2 feature "proc-macro" (*)
│       │   │               └── quote feature "proc-macro" (*)
│       │   └── serde feature "std"
│       │       ├── serde v1.0.229 (*)
│       │       └── serde_core feature "std"
│       │           └── serde_core v1.0.229
│       ├── serde_json feature "default"
│       │   ├── serde_json v1.0.151
│       │   │   ├── memchr v2.8.3
│       │   │   ├── serde_core v1.0.229
│       │   │   ├── itoa feature "default" (*)
│       │   │   └── zmij feature "default"
│       │   │       └── zmij v1.0.23
│       │   └── serde_json feature "std"
│       │       ├── serde_json v1.0.151 (*)
│       │       ├── serde_core feature "std" (*)
│       │       └── memchr feature "std"
│       │           ├── memchr v2.8.3
│       │           └── memchr feature "alloc"
│       │               └── memchr v2.8.3
│       ├── serde_urlencoded feature "default"
│       │   └── serde_urlencoded v0.7.1
│       │       ├── itoa feature "default" (*)
│       │       ├── serde feature "default" (*)
│       │       ├── form_urlencoded feature "default"
│       │       │   ├── form_urlencoded v1.2.2
│       │       │   │   └── percent-encoding v2.3.2
│       │       │   └── form_urlencoded feature "std"
│       │       │       ├── form_urlencoded v1.2.2 (*)
│       │       │       ├── percent-encoding feature "std" (*)
│       │       │       └── form_urlencoded feature "alloc"
│       │       │           ├── form_urlencoded v1.2.2 (*)
│       │       │           └── percent-encoding feature "alloc" (*)
│       │       └── ryu feature "default"
│       │           └── ryu v1.0.23
│       ├── sync_wrapper feature "default"
│       │   └── sync_wrapper v1.0.2
│       │       └── futures-core v0.3.34
│       ├── sync_wrapper feature "futures"
│       │   ├── sync_wrapper v1.0.2 (*)
│       │   └── sync_wrapper feature "futures-core"
│       │       └── sync_wrapper v1.0.2 (*)
│       ├── tower feature "retry"
│       │   ├── tower v0.5.3
│       │   │   ├── futures-core feature "default" (*)
│       │   │   ├── pin-project-lite feature "default" (*)
│       │   │   ├── tokio feature "default" (*)
│       │   │   ├── futures-util feature "alloc"
│       │   │   │   ├── futures-util v0.3.34 (*)
│       │   │   │   ├── futures-core feature "alloc" (*)
│       │   │   │   ├── futures-util feature "slab"
│       │   │   │   │   └── futures-util v0.3.34 (*)
│       │   │   │   └── futures-task feature "alloc"
│       │   │   │       └── futures-task v0.3.34
│       │   │   ├── tower-service feature "default" (*)
│       │   │   ├── sync_wrapper feature "default" (*)
│       │   │   └── tower-layer feature "default"
│       │   │       └── tower-layer v0.3.3
│       │   ├── tokio feature "time" (*)
│       │   ├── tower feature "tokio"
│       │   │   └── tower v0.5.3 (*)
│       │   └── tower feature "util"
│       │       ├── tower v0.5.3 (*)
│       │       ├── tower feature "futures-core"
│       │       │   └── tower v0.5.3 (*)
│       │       ├── tower feature "futures-util"
│       │       │   └── tower v0.5.3 (*)
│       │       ├── tower feature "pin-project-lite"
│       │       │   └── tower v0.5.3 (*)
│       │       └── tower feature "sync_wrapper"
│       │           └── tower v0.5.3 (*)
│       ├── tower feature "timeout"
│       │   ├── tower v0.5.3 (*)
│       │   ├── tokio feature "time" (*)
│       │   ├── tower feature "pin-project-lite" (*)
│       │   └── tower feature "tokio" (*)
│       ├── tower feature "util" (*)
│       ├── tower-http feature "follow-redirect"
│       │   ├── tower-http v0.6.11
│       │   │   ├── futures-util v0.3.34 (*)
│       │   │   ├── bytes feature "default" (*)
│       │   │   ├── http feature "default" (*)
│       │   │   ├── http-body feature "default" (*)
│       │   │   ├── pin-project-lite feature "default" (*)
│       │   │   ├── tower-service feature "default" (*)
│       │   │   ├── tower feature "default"
│       │   │   │   └── tower v0.5.3 (*)
│       │   │   ├── tower-layer feature "default" (*)
│       │   │   ├── bitflags feature "default"
│       │   │   │   └── bitflags v2.13.1
│       │   │   │       └── serde_core v1.0.229
│       │   │   └── url feature "default"
│       │   │       ├── url v2.5.8
│       │   │       │   ├── serde v1.0.229 (*)
│       │   │       │   ├── serde_derive v1.0.229 (proc-macro) (*)
│       │   │       │   ├── percent-encoding feature "alloc" (*)
│       │   │       │   ├── form_urlencoded feature "alloc" (*)
│       │   │       │   ├── idna feature "alloc"
│       │   │       │   │   └── idna v1.1.0
│       │   │       │   │       ├── smallvec feature "const_generics" (*)
│       │   │       │   │       ├── smallvec feature "default" (*)
│       │   │       │   │       ├── idna_adapter feature "default"
│       │   │       │   │       │   └── idna_adapter v1.2.2
│       │   │       │   │       │       ├── icu_normalizer v2.3.0
│       │   │       │   │       │       │   ├── icu_collections v2.3.0
│       │   │       │   │       │       │   │   ├── displaydoc v0.2.7 (proc-macro)
│       │   │       │   │       │       │   │   │   ├── proc-macro2 feature "default" (*)
│       │   │       │   │       │       │   │   │   ├── quote feature "default" (*)
│       │   │       │   │       │       │   │   │   └── syn feature "default"
│       │   │       │   │       │       │   │   │       ├── syn v3.0.4 (*)
│       │   │       │   │       │       │   │   │       ├── syn feature "clone-impls" (*)
│       │   │       │   │       │       │   │   │       ├── syn feature "derive" (*)
│       │   │       │   │       │       │   │   │       ├── syn feature "parsing" (*)
│       │   │       │   │       │       │   │   │       ├── syn feature "printing" (*)
│       │   │       │   │       │       │   │   │       └── syn feature "proc-macro" (*)
│       │   │       │   │       │       │   │   ├── utf8_iter v1.0.4
│       │   │       │   │       │       │   │   ├── potential_utf feature "zerovec"
│       │   │       │   │       │       │   │   │   └── potential_utf v0.1.6
│       │   │       │   │       │       │   │   │       └── zerovec v0.11.8
│       │   │       │   │       │       │   │   │           ├── yoke v0.8.3
│       │   │       │   │       │       │   │   │           │   ├── stable_deref_trait v1.2.1
│       │   │       │   │       │       │   │   │           │   ├── yoke-derive v0.8.2 (proc-macro)
│       │   │       │   │       │       │   │   │           │   │   ├── proc-macro2 feature "default" (*)
│       │   │       │   │       │       │   │   │           │   │   ├── quote feature "default" (*)
│       │   │       │   │       │       │   │   │           │   │   ├── syn feature "default"
│       │   │       │   │       │       │   │   │           │   │   │   ├── syn v2.0.119 (*)
│       │   │       │   │       │       │   │   │           │   │   │   ├── syn feature "clone-impls" (*)
│       │   │       │   │       │       │   │   │           │   │   │   ├── syn feature "derive"
│       │   │       │   │       │       │   │   │           │   │   │   │   └── syn v2.0.119 (*)
│       │   │       │   │       │       │   │   │           │   │   │   ├── syn feature "parsing" (*)
│       │   │       │   │       │       │   │   │           │   │   │   ├── syn feature "printing" (*)
│       │   │       │   │       │       │   │   │           │   │   │   └── syn feature "proc-macro" (*)
│       │   │       │   │       │       │   │   │           │   │   ├── syn feature "fold"
│       │   │       │   │       │       │   │   │           │   │   │   └── syn v2.0.119 (*)
│       │   │       │   │       │       │   │   │           │   │   └── synstructure feature "default"
│       │   │       │   │       │       │   │   │           │   │       ├── synstructure v0.13.2
│       │   │       │   │       │       │   │   │           │   │       │   ├── proc-macro2 v1.0.107 (*)
│       │   │       │   │       │       │   │   │           │   │       │   ├── quote v1.0.47 (*)
│       │   │       │   │       │       │   │   │           │   │       │   ├── syn feature "clone-impls" (*)
│       │   │       │   │       │       │   │   │           │   │       │   ├── syn feature "derive" (*)
│       │   │       │   │       │       │   │   │           │   │       │   ├── syn feature "extra-traits" (*)
│       │   │       │   │       │       │   │   │           │   │       │   ├── syn feature "parsing" (*)
│       │   │       │   │       │       │   │   │           │   │       │   ├── syn feature "printing" (*)
│       │   │       │   │       │       │   │   │           │   │       │   └── syn feature "visit"
│       │   │       │   │       │       │   │   │           │   │       │       └── syn v2.0.119 (*)
│       │   │       │   │       │       │   │   │           │   │       └── synstructure feature "proc-macro"
│       │   │       │   │       │       │   │   │           │   │           ├── synstructure v0.13.2 (*)
│       │   │       │   │       │       │   │   │           │   │           ├── proc-macro2 feature "proc-macro" (*)
│       │   │       │   │       │       │   │   │           │   │           ├── quote feature "proc-macro" (*)
│       │   │       │   │       │       │   │   │           │   │           └── syn feature "proc-macro" (*)
│       │   │       │   │       │       │   │   │           │   └── zerofrom v0.1.8
│       │   │       │   │       │       │   │   │           │       └── zerofrom-derive v0.1.7 (proc-macro)
│       │   │       │   │       │       │   │   │           │           ├── proc-macro2 feature "default" (*)
│       │   │       │   │       │       │   │   │           │           ├── quote feature "default" (*)
│       │   │       │   │       │       │   │   │           │           ├── syn feature "default" (*)
│       │   │       │   │       │       │   │   │           │           ├── syn feature "fold" (*)
│       │   │       │   │       │       │   │   │           │           └── synstructure feature "default" (*)
│       │   │       │   │       │       │   │   │           ├── zerofrom v0.1.8 (*)
│       │   │       │   │       │       │   │   │           └── zerovec-derive v0.11.6 (proc-macro)
│       │   │       │   │       │       │   │   │               ├── proc-macro2 feature "default" (*)
│       │   │       │   │       │       │   │   │               ├── quote feature "default" (*)
│       │   │       │   │       │       │   │   │               ├── syn feature "default" (*)
│       │   │       │   │       │       │   │   │               └── syn feature "extra-traits"
│       │   │       │   │       │       │   │   │                   └── syn v3.0.4 (*)
│       │   │       │   │       │       │   │   ├── zerovec feature "derive"
│       │   │       │   │       │       │   │   │   └── zerovec v0.11.8 (*)
│       │   │       │   │       │       │   │   ├── zerovec feature "yoke"
│       │   │       │   │       │       │   │   │   └── zerovec v0.11.8 (*)
│       │   │       │   │       │       │   │   ├── yoke feature "derive"
│       │   │       │   │       │       │   │   │   ├── yoke v0.8.3 (*)
│       │   │       │   │       │       │   │   │   ├── yoke feature "zerofrom"
│       │   │       │   │       │       │   │   │   │   └── yoke v0.8.3 (*)
│       │   │       │   │       │       │   │   │   └── zerofrom feature "derive"
│       │   │       │   │       │       │   │   │       └── zerofrom v0.1.8 (*)
│       │   │       │   │       │       │   │   └── zerofrom feature "derive" (*)
│       │   │       │   │       │       │   ├── icu_normalizer_data v2.3.0
│       │   │       │   │       │       │   ├── icu_provider v2.3.1
│       │   │       │   │       │       │   │   ├── displaydoc v0.2.7 (proc-macro) (*)
│       │   │       │   │       │       │   │   ├── icu_locale_core v2.3.0
│       │   │       │   │       │       │   │   │   ├── displaydoc v0.2.7 (proc-macro) (*)
│       │   │       │   │       │       │   │   │   ├── litemap v0.8.3
│       │   │       │   │       │       │   │   │   ├── tinystr v0.8.4
│       │   │       │   │       │       │   │   │   │   ├── displaydoc v0.2.7 (proc-macro) (*)
│       │   │       │   │       │       │   │   │   │   └── zerovec v0.11.8 (*)
│       │   │       │   │       │       │   │   │   ├── writeable v0.6.4
│       │   │       │   │       │       │   │   │   └── zerovec v0.11.8 (*)
│       │   │       │   │       │       │   │   ├── writeable v0.6.4
│       │   │       │   │       │       │   │   ├── zerotrie v0.2.5
│       │   │       │   │       │       │   │   │   ├── displaydoc v0.2.7 (proc-macro) (*)
│       │   │       │   │       │       │   │   │   ├── zerofrom v0.1.8 (*)
│       │   │       │   │       │       │   │   │   └── yoke feature "derive" (*)
│       │   │       │   │       │       │   │   ├── zerovec feature "derive" (*)
│       │   │       │   │       │       │   │   ├── yoke feature "derive" (*)
│       │   │       │   │       │       │   │   └── zerofrom feature "derive" (*)
│       │   │       │   │       │       │   ├── smallvec v1.16.0
│       │   │       │   │       │       │   └── zerovec v0.11.8 (*)
│       │   │       │   │       │       └── icu_properties v2.3.0
│       │   │       │   │       │           ├── displaydoc v0.2.7 (proc-macro) (*)
│       │   │       │   │       │           ├── icu_collections v2.3.0 (*)
│       │   │       │   │       │           ├── icu_properties_data v2.3.0
│       │   │       │   │       │           ├── icu_provider v2.3.1 (*)
│       │   │       │   │       │           ├── zerovec feature "derive" (*)
│       │   │       │   │       │           ├── zerovec feature "yoke" (*)
│       │   │       │   │       │           ├── icu_locale_core feature "zerovec"
│       │   │       │   │       │           │   ├── icu_locale_core v2.3.0 (*)
│       │   │       │   │       │           │   └── tinystr feature "zerovec"
│       │   │       │   │       │           │       └── tinystr v0.8.4 (*)
│       │   │       │   │       │           ├── zerotrie feature "yoke"
│       │   │       │   │       │           │   └── zerotrie v0.2.5 (*)
│       │   │       │   │       │           └── zerotrie feature "zerofrom"
│       │   │       │   │       │               └── zerotrie v0.2.5 (*)
│       │   │       │   │       └── utf8_iter feature "default"
│       │   │       │   │           └── utf8_iter v1.0.4
│       │   │       │   └── idna feature "compiled_data"
│       │   │       │       ├── idna v1.1.0 (*)
│       │   │       │       └── idna_adapter feature "compiled_data"
│       │   │       │           ├── idna_adapter v1.2.2 (*)
│       │   │       │           ├── icu_normalizer feature "compiled_data"
│       │   │       │           │   ├── icu_normalizer v2.3.0 (*)
│       │   │       │           │   └── icu_provider feature "baked"
│       │   │       │           │       └── icu_provider v2.3.1 (*)
│       │   │       │           └── icu_properties feature "compiled_data"
│       │   │       │               ├── icu_properties v2.3.0 (*)
│       │   │       │               └── icu_provider feature "baked" (*)
│       │   │       └── url feature "std"
│       │   │           ├── url v2.5.8 (*)
│       │   │           ├── percent-encoding feature "std" (*)
│       │   │           ├── serde feature "std" (*)
│       │   │           ├── form_urlencoded feature "std" (*)
│       │   │           └── idna feature "std"
│       │   │               ├── idna v1.1.0 (*)
│       │   │               └── idna feature "alloc" (*)
│       │   ├── tower feature "util" (*)
│       │   ├── tower-http feature "futures-util"
│       │   │   └── tower-http v0.6.11 (*)
│       │   └── tower-http feature "tower"
│       │       └── tower-http v0.6.11 (*)
│       └── url feature "default" (*)
├── reqwest feature "rustls-tls"
│   ├── reqwest v0.12.28 (*)
│   └── reqwest feature "rustls-tls-webpki-roots"
│       ├── reqwest v0.12.28 (*)
│       ├── reqwest feature "__rustls-ring"
│       │   ├── reqwest v0.12.28 (*)
│       │   ├── hyper-rustls feature "ring"
│       │   │   ├── hyper-rustls v0.27.9 (*)
│       │   │   └── rustls feature "ring"
│       │   │       ├── rustls v0.23.43 (*)
│       │   │       └── rustls-webpki feature "ring"
│       │   │           └── rustls-webpki v0.103.15 (*)
│       │   ├── rustls feature "ring" (*)
│       │   └── tokio-rustls feature "ring"
│       │       ├── tokio-rustls v0.26.4 (*)
│       │       └── rustls feature "ring" (*)
│       └── reqwest feature "rustls-tls-webpki-roots-no-provider"
│           ├── reqwest v0.12.28 (*)
│           ├── reqwest feature "__rustls"
│           │   ├── reqwest v0.12.28 (*)
│           │   └── reqwest feature "__tls"
│           │       ├── reqwest v0.12.28 (*)
│           │       └── tokio feature "io-util"
│           │           ├── tokio v1.53.1 (*)
│           │           └── tokio feature "bytes"
│           │               └── tokio v1.53.1 (*)
│           └── hyper-rustls feature "webpki-tokio"
│               ├── hyper-rustls v0.27.9 (*)
│               └── hyper-rustls feature "webpki-roots"
│                   └── hyper-rustls v0.27.9 (*)
├── tokio feature "default" (*)
├── tokio feature "process"
│   ├── tokio v1.53.1 (*)
│   ├── tokio feature "bytes" (*)
│   ├── tokio feature "libc" (*)
│   ├── tokio feature "mio" (*)
│   ├── tokio feature "signal-hook-registry"
│   │   └── tokio v1.53.1 (*)
│   ├── mio feature "net" (*)
│   ├── mio feature "os-ext" (*)
│   └── mio feature "os-poll" (*)
├── tokio feature "sync" (*)
├── tokio feature "time" (*)
├── tracing feature "default"
│   ├── tracing v0.1.44 (*)
│   ├── tracing feature "attributes"
│   │   ├── tracing v0.1.44 (*)
│   │   └── tracing feature "tracing-attributes"
│   │       └── tracing v0.1.44 (*)
│   └── tracing feature "std" (*)
├── serde feature "default" (*)
├── serde feature "derive"
│   ├── serde v1.0.229 (*)
│   └── serde feature "serde_derive"
│       └── serde v1.0.229 (*)
├── serde_json feature "default" (*)
├── tauri feature "default"
│   ├── tauri v2.11.5
│   │   ├── tauri-runtime-wry v2.11.4
│   │   │   ├── http feature "default" (*)
│   │   │   ├── log feature "default" (*)
│   │   │   ├── url feature "default" (*)
│   │   │   ├── objc2 feature "default"
│   │   │   │   ├── objc2 v0.6.4
│   │   │   │   │   ├── objc2-encode v4.1.0
│   │   │   │   │   └── objc2-exception-helper v0.1.1
│   │   │   │   │       [build-dependencies]
│   │   │   │   │       └── cc feature "default"
│   │   │   │   │           └── cc v1.4.4 (*)
│   │   │   │   └── objc2 feature "std"
│   │   │   │       ├── objc2 v0.6.4 (*)
│   │   │   │       ├── objc2 feature "alloc"
│   │   │   │       │   ├── objc2 v0.6.4 (*)
│   │   │   │       │   └── objc2-encode feature "alloc"
│   │   │   │       │       └── objc2-encode v4.1.0
│   │   │   │       └── objc2-encode feature "std"
│   │   │   │           ├── objc2-encode v4.1.0
│   │   │   │           └── objc2-encode feature "alloc" (*)
│   │   │   ├── objc2-app-kit feature "NSApplication"
│   │   │   │   ├── objc2-app-kit v0.3.2
│   │   │   │   │   ├── bitflags feature "std"
│   │   │   │   │   │   └── bitflags v2.13.1 (*)
│   │   │   │   │   ├── objc2 feature "std" (*)
│   │   │   │   │   ├── block2 feature "alloc"
│   │   │   │   │   │   └── block2 v0.6.2
│   │   │   │   │   │       └── objc2 feature "std" (*)
│   │   │   │   │   ├── objc2-core-foundation feature "CFCGTypes"
│   │   │   │   │   │   └── objc2-core-foundation v0.3.2
│   │   │   │   │   │       ├── bitflags feature "std" (*)
│   │   │   │   │   │       └── objc2 feature "std" (*)
│   │   │   │   │   ├── objc2-core-foundation feature "CFDate"
│   │   │   │   │   │   ├── objc2-core-foundation v0.3.2 (*)
│   │   │   │   │   │   └── objc2-core-foundation feature "bitflags"
│   │   │   │   │   │       └── objc2-core-foundation v0.3.2 (*)
│   │   │   │   │   ├── objc2-core-foundation feature "objc2"
│   │   │   │   │   │   └── objc2-core-foundation v0.3.2 (*)
│   │   │   │   │   └── objc2-foundation feature "alloc"
│   │   │   │   │       └── objc2-foundation v0.3.2
│   │   │   │   │           ├── bitflags feature "std" (*)
│   │   │   │   │           ├── objc2 feature "std" (*)
│   │   │   │   │           ├── block2 feature "alloc" (*)
│   │   │   │   │           ├── objc2-core-foundation feature "CFArray"
│   │   │   │   │           │   └── objc2-core-foundation v0.3.2 (*)
│   │   │   │   │           ├── objc2-core-foundation feature "CFAttributedString"
│   │   │   │   │           │   └── objc2-core-foundation v0.3.2 (*)
│   │   │   │   │           ├── objc2-core-foundation feature "CFCGTypes" (*)
│   │   │   │   │           ├── objc2-core-foundation feature "CFCalendar"
│   │   │   │   │           │   ├── objc2-core-foundation v0.3.2 (*)
│   │   │   │   │           │   └── objc2-core-foundation feature "bitflags" (*)
│   │   │   │   │           ├── objc2-core-foundation feature "CFCharacterSet"
│   │   │   │   │           │   └── objc2-core-foundation v0.3.2 (*)
│   │   │   │   │           ├── objc2-core-foundation feature "CFData"
│   │   │   │   │           │   ├── objc2-core-foundation v0.3.2 (*)
│   │   │   │   │           │   └── objc2-core-foundation feature "bitflags" (*)
│   │   │   │   │           ├── objc2-core-foundation feature "CFDate" (*)
│   │   │   │   │           ├── objc2-core-foundation feature "CFDictionary"
│   │   │   │   │           │   └── objc2-core-foundation v0.3.2 (*)
│   │   │   │   │           ├── objc2-core-foundation feature "CFError"
│   │   │   │   │           │   └── objc2-core-foundation v0.3.2 (*)
│   │   │   │   │           ├── objc2-core-foundation feature "CFFileSecurity"
│   │   │   │   │           │   ├── objc2-core-foundation v0.3.2 (*)
│   │   │   │   │           │   └── objc2-core-foundation feature "bitflags" (*)
│   │   │   │   │           ├── objc2-core-foundation feature "CFLocale"
│   │   │   │   │           │   └── objc2-core-foundation v0.3.2 (*)
│   │   │   │   │           ├── objc2-core-foundation feature "CFMachPort"
│   │   │   │   │           │   └── objc2-core-foundation v0.3.2 (*)
│   │   │   │   │           ├── objc2-core-foundation feature "CFMessagePort"
│   │   │   │   │           │   └── objc2-core-foundation v0.3.2 (*)
│   │   │   │   │           ├── objc2-core-foundation feature "CFRunLoop"
│   │   │   │   │           │   ├── objc2-core-foundation v0.3.2 (*)
│   │   │   │   │           │   └── objc2-core-foundation feature "bitflags" (*)
│   │   │   │   │           ├── objc2-core-foundation feature "CFSet"
│   │   │   │   │           │   └── objc2-core-foundation v0.3.2 (*)
│   │   │   │   │           ├── objc2-core-foundation feature "CFStream"
│   │   │   │   │           │   ├── objc2-core-foundation v0.3.2 (*)
│   │   │   │   │           │   └── objc2-core-foundation feature "bitflags" (*)
│   │   │   │   │           ├── objc2-core-foundation feature "CFURL"
│   │   │   │   │           │   ├── objc2-core-foundation v0.3.2 (*)
│   │   │   │   │           │   └── objc2-core-foundation feature "bitflags" (*)
│   │   │   │   │           └── objc2-core-foundation feature "objc2" (*)
│   │   │   │   ├── objc2-app-kit feature "bitflags"
│   │   │   │   │   └── objc2-app-kit v0.3.2 (*)
│   │   │   │   ├── objc2-foundation feature "NSArray"
│   │   │   │   │   ├── objc2-foundation v0.3.2 (*)
│   │   │   │   │   └── objc2-foundation feature "bitflags"
│   │   │   │   │       └── objc2-foundation v0.3.2 (*)
│   │   │   │   ├── objc2-foundation feature "NSCoder"
│   │   │   │   │   └── objc2-foundation v0.3.2 (*)
│   │   │   │   ├── objc2-foundation feature "NSData"
│   │   │   │   │   ├── objc2-foundation v0.3.2 (*)
│   │   │   │   │   └── objc2-foundation feature "bitflags" (*)
│   │   │   │   ├── objc2-foundation feature "NSDate"
│   │   │   │   │   └── objc2-foundation v0.3.2 (*)
│   │   │   │   ├── objc2-foundation feature "NSDictionary"
│   │   │   │   │   └── objc2-foundation v0.3.2 (*)
│   │   │   │   ├── objc2-foundation feature "NSError"
│   │   │   │   │   └── objc2-foundation v0.3.2 (*)
│   │   │   │   ├── objc2-foundation feature "NSException"
│   │   │   │   │   └── objc2-foundation v0.3.2 (*)
│   │   │   │   ├── objc2-foundation feature "NSNotification"
│   │   │   │   │   └── objc2-foundation v0.3.2 (*)
│   │   │   │   ├── objc2-foundation feature "NSObjCRuntime"
│   │   │   │   │   ├── objc2-foundation v0.3.2 (*)
│   │   │   │   │   └── objc2-foundation feature "bitflags" (*)
│   │   │   │   ├── objc2-foundation feature "NSObject"
│   │   │   │   │   └── objc2-foundation v0.3.2 (*)
│   │   │   │   ├── objc2-foundation feature "NSString"
│   │   │   │   │   ├── objc2-foundation v0.3.2 (*)
│   │   │   │   │   └── objc2-foundation feature "bitflags" (*)
│   │   │   │   ├── objc2-foundation feature "NSURL"
│   │   │   │   │   ├── objc2-foundation v0.3.2 (*)
│   │   │   │   │   └── objc2-foundation feature "bitflags" (*)
│   │   │   │   └── objc2-foundation feature "NSUserActivity"
│   │   │   │       └── objc2-foundation v0.3.2 (*)
│   │   │   ├── objc2-app-kit feature "NSGraphics"
│   │   │   │   ├── objc2-app-kit v0.3.2 (*)
│   │   │   │   ├── objc2-foundation feature "NSGeometry"
│   │   │   │   │   ├── objc2-foundation v0.3.2 (*)
│   │   │   │   │   └── objc2-foundation feature "bitflags" (*)
│   │   │   │   ├── objc2-foundation feature "NSString" (*)
│   │   │   │   └── objc2-foundation feature "objc2-core-foundation"
│   │   │   │       └── objc2-foundation v0.3.2 (*)
│   │   │   ├── objc2-app-kit feature "NSResponder"
│   │   │   │   ├── objc2-app-kit v0.3.2 (*)
│   │   │   │   ├── objc2-foundation feature "NSArray" (*)
│   │   │   │   ├── objc2-foundation feature "NSCoder" (*)
│   │   │   │   ├── objc2-foundation feature "NSError" (*)
│   │   │   │   ├── objc2-foundation feature "NSObject" (*)
│   │   │   │   ├── objc2-foundation feature "NSString" (*)
│   │   │   │   └── objc2-foundation feature "NSUndoManager"
│   │   │   │       └── objc2-foundation v0.3.2 (*)
│   │   │   ├── objc2-app-kit feature "NSScreen"
│   │   │   │   ├── objc2-app-kit v0.3.2 (*)
│   │   │   │   ├── objc2-foundation feature "NSArray" (*)
│   │   │   │   ├── objc2-foundation feature "NSDate" (*)
│   │   │   │   ├── objc2-foundation feature "NSDictionary" (*)
│   │   │   │   ├── objc2-foundation feature "NSGeometry" (*)
│   │   │   │   ├── objc2-foundation feature "NSNotification" (*)
│   │   │   │   ├── objc2-foundation feature "NSString" (*)
│   │   │   │   └── objc2-foundation feature "objc2-core-foundation" (*)
│   │   │   ├── objc2-app-kit feature "NSView"
│   │   │   │   ├── objc2-app-kit v0.3.2 (*)
│   │   │   │   ├── objc2-app-kit feature "bitflags" (*)
│   │   │   │   ├── objc2-foundation feature "NSArray" (*)
│   │   │   │   ├── objc2-foundation feature "NSAttributedString"
│   │   │   │   │   ├── objc2-foundation v0.3.2 (*)
│   │   │   │   │   └── objc2-foundation feature "bitflags" (*)
│   │   │   │   ├── objc2-foundation feature "NSCoder" (*)
│   │   │   │   ├── objc2-foundation feature "NSData" (*)
│   │   │   │   ├── objc2-foundation feature "NSDictionary" (*)
│   │   │   │   ├── objc2-foundation feature "NSGeometry" (*)
│   │   │   │   ├── objc2-foundation feature "NSNotification" (*)
│   │   │   │   ├── objc2-foundation feature "NSObjCRuntime" (*)
│   │   │   │   ├── objc2-foundation feature "NSObject" (*)
│   │   │   │   ├── objc2-foundation feature "NSRange"
│   │   │   │   │   └── objc2-foundation v0.3.2 (*)
│   │   │   │   ├── objc2-foundation feature "NSString" (*)
│   │   │   │   └── objc2-foundation feature "objc2-core-foundation" (*)
│   │   │   ├── objc2-app-kit feature "NSWindow"
│   │   │   │   ├── objc2-app-kit v0.3.2 (*)
│   │   │   │   ├── objc2-app-kit feature "bitflags" (*)
│   │   │   │   ├── objc2-foundation feature "NSArray" (*)
│   │   │   │   ├── objc2-foundation feature "NSCoder" (*)
│   │   │   │   ├── objc2-foundation feature "NSData" (*)
│   │   │   │   ├── objc2-foundation feature "NSDate" (*)
│   │   │   │   ├── objc2-foundation feature "NSDictionary" (*)
│   │   │   │   ├── objc2-foundation feature "NSError" (*)
│   │   │   │   ├── objc2-foundation feature "NSGeometry" (*)
│   │   │   │   ├── objc2-foundation feature "NSNotification" (*)
│   │   │   │   ├── objc2-foundation feature "NSObjCRuntime" (*)
│   │   │   │   ├── objc2-foundation feature "NSObject" (*)
│   │   │   │   ├── objc2-foundation feature "NSString" (*)
│   │   │   │   ├── objc2-foundation feature "NSURL" (*)
│   │   │   │   ├── objc2-foundation feature "NSUndoManager" (*)
│   │   │   │   ├── objc2-foundation feature "NSValue"
│   │   │   │   │   └── objc2-foundation v0.3.2 (*)
│   │   │   │   └── objc2-foundation feature "objc2-core-foundation" (*)
│   │   │   ├── objc2-app-kit feature "block2"
│   │   │   │   └── objc2-app-kit v0.3.2 (*)
│   │   │   ├── raw-window-handle feature "default"
│   │   │   │   └── raw-window-handle v0.6.2
│   │   │   ├── tauri-runtime feature "default"
│   │   │   │   └── tauri-runtime v2.11.3
│   │   │   │       ├── http feature "default" (*)
│   │   │   │       ├── serde feature "default" (*)
│   │   │   │       ├── serde feature "derive" (*)
│   │   │   │       ├── serde_json feature "default" (*)
│   │   │   │       ├── url feature "default" (*)
│   │   │   │       ├── cookie feature "default"
│   │   │   │       │   └── cookie v0.18.2
│   │   │   │       │       ├── time feature "formatting"
│   │   │   │       │       │   ├── time v0.3.55
│   │   │   │       │       │   │   ├── powerfmt v0.2.0
│   │   │   │       │       │   │   ├── deranged feature "default"
│   │   │   │       │       │   │   │   └── deranged v0.5.8
│   │   │   │       │       │   │   ├── num-conv feature "default"
│   │   │   │       │       │   │   │   └── num-conv v0.2.2
│   │   │   │       │       │   │   ├── time-core feature "default"
│   │   │   │       │       │   │   │   └── time-core v0.1.9
│   │   │   │       │       │   │   └── time-macros feature "default"
│   │   │   │       │       │   │       └── time-macros v0.2.32 (proc-macro)
│   │   │   │       │       │   │           ├── num-conv feature "default"
│   │   │   │       │       │   │           │   └── num-conv v0.2.2
│   │   │   │       │       │   │           └── time-core feature "default"
│   │   │   │       │       │   │               └── time-core v0.1.9
│   │   │   │       │       │   ├── time feature "std"
│   │   │   │       │       │   │   ├── time v0.3.55 (*)
│   │   │   │       │       │   │   └── time feature "alloc"
│   │   │   │       │       │   │       └── time v0.3.55 (*)
│   │   │   │       │       │   └── time-macros feature "formatting"
│   │   │   │       │       │       └── time-macros v0.2.32 (proc-macro) (*)
│   │   │   │       │       ├── time feature "macros"
│   │   │   │       │       │   └── time v0.3.55 (*)
│   │   │   │       │       ├── time feature "parsing"
│   │   │   │       │       │   ├── time v0.3.55 (*)
│   │   │   │       │       │   └── time-macros feature "parsing"
│   │   │   │       │       │       └── time-macros v0.2.32 (proc-macro) (*)
│   │   │   │       │       └── time feature "std" (*)
│   │   │   │       │       [build-dependencies]
│   │   │   │       │       └── version_check feature "default" (*)
│   │   │   │       ├── dpi feature "default"
│   │   │   │       │   ├── dpi v0.1.2
│   │   │   │       │   │   ├── serde feature "default" (*)
│   │   │   │       │   │   └── serde feature "serde_derive" (*)
│   │   │   │       │   └── dpi feature "std"
│   │   │   │       │       └── dpi v0.1.2 (*)
│   │   │   │       ├── dpi feature "serde"
│   │   │   │       │   └── dpi v0.1.2 (*)
│   │   │   │       ├── objc2 feature "default" (*)
│   │   │   │       ├── thiserror feature "default"
│   │   │   │       │   ├── thiserror v2.0.20
│   │   │   │       │   │   └── thiserror-impl feature "default"
│   │   │   │       │   │       └── thiserror-impl v2.0.20 (proc-macro)
│   │   │   │       │   │           ├── proc-macro2 feature "default" (*)
│   │   │   │       │   │           ├── quote feature "default" (*)
│   │   │   │       │   │           └── syn feature "default" (*)
│   │   │   │       │   └── thiserror feature "std"
│   │   │   │       │       └── thiserror v2.0.20 (*)
│   │   │   │       ├── objc2-web-kit feature "WKWebView"
│   │   │   │       │   ├── objc2-web-kit v0.3.2
│   │   │   │       │   │   ├── bitflags feature "std" (*)
│   │   │   │       │   │   ├── objc2 feature "std" (*)
│   │   │   │       │   │   ├── objc2-app-kit feature "NSAccessibilityProtocols"
│   │   │   │       │   │   │   ├── objc2-app-kit v0.3.2 (*)
│   │   │   │       │   │   │   ├── objc2-foundation feature "NSArray" (*)
│   │   │   │       │   │   │   ├── objc2-foundation feature "NSAttributedString" (*)
│   │   │   │       │   │   │   ├── objc2-foundation feature "NSData" (*)
│   │   │   │       │   │   │   ├── objc2-foundation feature "NSGeometry" (*)
│   │   │   │       │   │   │   ├── objc2-foundation feature "NSObject" (*)
│   │   │   │       │   │   │   ├── objc2-foundation feature "NSRange" (*)
│   │   │   │       │   │   │   ├── objc2-foundation feature "NSString" (*)
│   │   │   │       │   │   │   ├── objc2-foundation feature "NSURL" (*)
│   │   │   │       │   │   │   ├── objc2-foundation feature "NSValue" (*)
│   │   │   │       │   │   │   └── objc2-foundation feature "objc2-core-foundation" (*)
│   │   │   │       │   │   ├── objc2-app-kit feature "NSAnimation"
│   │   │   │       │   │   │   ├── objc2-app-kit v0.3.2 (*)
│   │   │   │       │   │   │   ├── objc2-foundation feature "NSArray" (*)
│   │   │   │       │   │   │   ├── objc2-foundation feature "NSCoder" (*)
│   │   │   │       │   │   │   ├── objc2-foundation feature "NSDate" (*)
│   │   │   │       │   │   │   ├── objc2-foundation feature "NSDictionary" (*)
│   │   │   │       │   │   │   ├── objc2-foundation feature "NSNotification" (*)
│   │   │   │       │   │   │   ├── objc2-foundation feature "NSObjCRuntime" (*)
│   │   │   │       │   │   │   ├── objc2-foundation feature "NSObject" (*)
│   │   │   │       │   │   │   ├── objc2-foundation feature "NSString" (*)
│   │   │   │       │   │   │   └── objc2-foundation feature "NSValue" (*)
│   │   │   │       │   │   ├── objc2-app-kit feature "NSAppearance"
│   │   │   │       │   │   │   ├── objc2-app-kit v0.3.2 (*)
│   │   │   │       │   │   │   ├── objc2-foundation feature "NSArray" (*)
│   │   │   │       │   │   │   ├── objc2-foundation feature "NSBundle"
│   │   │   │       │   │   │   │   └── objc2-foundation v0.3.2 (*)
│   │   │   │       │   │   │   ├── objc2-foundation feature "NSCoder" (*)
│   │   │   │       │   │   │   ├── objc2-foundation feature "NSObject" (*)
│   │   │   │       │   │   │   └── objc2-foundation feature "NSString" (*)
│   │   │   │       │   │   ├── objc2-app-kit feature "NSAttributedString"
│   │   │   │       │   │   │   ├── objc2-app-kit v0.3.2 (*)
│   │   │   │       │   │   │   ├── objc2-app-kit feature "bitflags" (*)
│   │   │   │       │   │   │   ├── objc2-foundation feature "NSArray" (*)
│   │   │   │       │   │   │   ├── objc2-foundation feature "NSAttributedString" (*)
│   │   │   │       │   │   │   ├── objc2-foundation feature "NSData" (*)
│   │   │   │       │   │   │   ├── objc2-foundation feature "NSDictionary" (*)
│   │   │   │       │   │   │   ├── objc2-foundation feature "NSError" (*)
│   │   │   │       │   │   │   ├── objc2-foundation feature "NSFileWrapper"
│   │   │   │       │   │   │   │   ├── objc2-foundation v0.3.2 (*)
│   │   │   │       │   │   │   │   └── objc2-foundation feature "bitflags" (*)
│   │   │   │       │   │   │   ├── objc2-foundation feature "NSRange" (*)
│   │   │   │       │   │   │   ├── objc2-foundation feature "NSString" (*)
│   │   │   │       │   │   │   └── objc2-foundation feature "NSURL" (*)
│   │   │   │       │   │   ├── objc2-app-kit feature "NSColor"
│   │   │   │       │   │   │   ├── objc2-app-kit v0.3.2 (*)
│   │   │   │       │   │   │   ├── objc2-foundation feature "NSArray" (*)
│   │   │   │       │   │   │   ├── objc2-foundation feature "NSBundle" (*)
│   │   │   │       │   │   │   ├── objc2-foundation feature "NSCoder" (*)
│   │   │   │       │   │   │   ├── objc2-foundation feature "NSDictionary" (*)
│   │   │   │       │   │   │   ├── objc2-foundation feature "NSGeometry" (*)
│   │   │   │       │   │   │   ├── objc2-foundation feature "NSNotification" (*)
│   │   │   │       │   │   │   ├── objc2-foundation feature "NSObject" (*)
│   │   │   │       │   │   │   ├── objc2-foundation feature "NSString" (*)
│   │   │   │       │   │   │   └── objc2-foundation feature "objc2-core-foundation" (*)
│   │   │   │       │   │   ├── objc2-app-kit feature "NSDragging"
│   │   │   │       │   │   │   ├── objc2-app-kit v0.3.2 (*)
│   │   │   │       │   │   │   ├── objc2-app-kit feature "bitflags" (*)
│   │   │   │       │   │   │   ├── objc2-foundation feature "NSArray" (*)
│   │   │   │       │   │   │   ├── objc2-foundation feature "NSDictionary" (*)
│   │   │   │       │   │   │   ├── objc2-foundation feature "NSGeometry" (*)
│   │   │   │       │   │   │   ├── objc2-foundation feature "NSObjCRuntime" (*)
│   │   │   │       │   │   │   ├── objc2-foundation feature "NSString" (*)
│   │   │   │       │   │   │   ├── objc2-foundation feature "NSURL" (*)
│   │   │   │       │   │   │   └── objc2-foundation feature "objc2-core-foundation" (*)
│   │   │   │       │   │   ├── objc2-app-kit feature "NSEvent"
│   │   │   │       │   │   │   ├── objc2-app-kit v0.3.2 (*)
│   │   │   │       │   │   │   ├── objc2-app-kit feature "bitflags" (*)
│   │   │   │       │   │   │   ├── objc2-foundation feature "NSArray" (*)
│   │   │   │       │   │   │   ├── objc2-foundation feature "NSDate" (*)
│   │   │   │       │   │   │   ├── objc2-foundation feature "NSGeometry" (*)
│   │   │   │       │   │   │   ├── objc2-foundation feature "NSObject" (*)
│   │   │   │       │   │   │   ├── objc2-foundation feature "NSSet"
│   │   │   │       │   │   │   │   └── objc2-foundation v0.3.2 (*)
│   │   │   │       │   │   │   ├── objc2-foundation feature "NSString" (*)
│   │   │   │       │   │   │   └── objc2-foundation feature "objc2-core-foundation" (*)
│   │   │   │       │   │   ├── objc2-app-kit feature "NSImage"
│   │   │   │       │   │   │   ├── objc2-app-kit v0.3.2 (*)
│   │   │   │       │   │   │   ├── objc2-foundation feature "NSArray" (*)
│   │   │   │       │   │   │   ├── objc2-foundation feature "NSBundle" (*)
│   │   │   │       │   │   │   ├── objc2-foundation feature "NSCoder" (*)
│   │   │   │       │   │   │   ├── objc2-foundation feature "NSData" (*)
│   │   │   │       │   │   │   ├── objc2-foundation feature "NSDictionary" (*)
│   │   │   │       │   │   │   ├── objc2-foundation feature "NSGeometry" (*)
│   │   │   │       │   │   │   ├── objc2-foundation feature "NSItemProvider"
│   │   │   │       │   │   │   │   ├── objc2-foundation v0.3.2 (*)
│   │   │   │       │   │   │   │   └── objc2-foundation feature "bitflags" (*)
│   │   │   │       │   │   │   ├── objc2-foundation feature "NSLocale"
│   │   │   │       │   │   │   │   └── objc2-foundation v0.3.2 (*)
│   │   │   │       │   │   │   ├── objc2-foundation feature "NSObject" (*)
│   │   │   │       │   │   │   ├── objc2-foundation feature "NSString" (*)
│   │   │   │       │   │   │   ├── objc2-foundation feature "NSURL" (*)
│   │   │   │       │   │   │   └── objc2-foundation feature "objc2-core-foundation" (*)
│   │   │   │       │   │   ├── objc2-app-kit feature "NSMenuItem"
│   │   │   │       │   │   │   ├── objc2-app-kit v0.3.2 (*)
│   │   │   │       │   │   │   ├── objc2-foundation feature "NSArray" (*)
│   │   │   │       │   │   │   ├── objc2-foundation feature "NSAttributedString" (*)
│   │   │   │       │   │   │   ├── objc2-foundation feature "NSCoder" (*)
│   │   │   │       │   │   │   ├── objc2-foundation feature "NSObject" (*)
│   │   │   │       │   │   │   └── objc2-foundation feature "NSString" (*)
│   │   │   │       │   │   ├── objc2-app-kit feature "NSPasteboard"
│   │   │   │       │   │   │   ├── objc2-app-kit v0.3.2 (*)
│   │   │   │       │   │   │   ├── objc2-app-kit feature "bitflags" (*)
│   │   │   │       │   │   │   ├── objc2-foundation feature "NSArray" (*)
│   │   │   │       │   │   │   ├── objc2-foundation feature "NSData" (*)
│   │   │   │       │   │   │   ├── objc2-foundation feature "NSDictionary" (*)
│   │   │   │       │   │   │   ├── objc2-foundation feature "NSError" (*)
│   │   │   │       │   │   │   ├── objc2-foundation feature "NSFileWrapper" (*)
│   │   │   │       │   │   │   ├── objc2-foundation feature "NSSet" (*)
│   │   │   │       │   │   │   ├── objc2-foundation feature "NSString" (*)
│   │   │   │       │   │   │   └── objc2-foundation feature "NSURL" (*)
│   │   │   │       │   │   ├── objc2-app-kit feature "NSPopover"
│   │   │   │       │   │   │   ├── objc2-app-kit v0.3.2 (*)
│   │   │   │       │   │   │   ├── objc2-foundation feature "NSCoder" (*)
│   │   │   │       │   │   │   ├── objc2-foundation feature "NSGeometry" (*)
│   │   │   │       │   │   │   ├── objc2-foundation feature "NSNotification" (*)
│   │   │   │       │   │   │   ├── objc2-foundation feature "NSObject" (*)
│   │   │   │       │   │   │   ├── objc2-foundation feature "NSString" (*)
│   │   │   │       │   │   │   └── objc2-foundation feature "objc2-core-foundation" (*)
│   │   │   │       │   │   ├── objc2-app-kit feature "NSPrintInfo"
│   │   │   │       │   │   │   ├── objc2-app-kit v0.3.2 (*)
│   │   │   │       │   │   │   ├── objc2-foundation feature "NSCoder" (*)
│   │   │   │       │   │   │   ├── objc2-foundation feature "NSDictionary" (*)
│   │   │   │       │   │   │   ├── objc2-foundation feature "NSGeometry" (*)
│   │   │   │       │   │   │   ├── objc2-foundation feature "NSObject" (*)
│   │   │   │       │   │   │   ├── objc2-foundation feature "NSString" (*)
│   │   │   │       │   │   │   └── objc2-foundation feature "objc2-core-foundation" (*)
│   │   │   │       │   │   ├── objc2-app-kit feature "NSPrintOperation"
│   │   │   │       │   │   │   ├── objc2-app-kit v0.3.2 (*)
│   │   │   │       │   │   │   ├── objc2-foundation feature "NSData" (*)
│   │   │   │       │   │   │   ├── objc2-foundation feature "NSGeometry" (*)
│   │   │   │       │   │   │   ├── objc2-foundation feature "NSObjCRuntime" (*)
│   │   │   │       │   │   │   ├── objc2-foundation feature "NSRange" (*)
│   │   │   │       │   │   │   ├── objc2-foundation feature "NSString" (*)
│   │   │   │       │   │   │   └── objc2-foundation feature "objc2-core-foundation" (*)
│   │   │   │       │   │   ├── objc2-app-kit feature "NSResponder" (*)
│   │   │   │       │   │   ├── objc2-app-kit feature "NSTextFinder"
│   │   │   │       │   │   │   ├── objc2-app-kit v0.3.2 (*)
│   │   │   │       │   │   │   ├── objc2-foundation feature "NSArray" (*)
│   │   │   │       │   │   │   ├── objc2-foundation feature "NSCoder" (*)
│   │   │   │       │   │   │   ├── objc2-foundation feature "NSGeometry" (*)
│   │   │   │       │   │   │   ├── objc2-foundation feature "NSObject" (*)
│   │   │   │       │   │   │   ├── objc2-foundation feature "NSRange" (*)
│   │   │   │       │   │   │   ├── objc2-foundation feature "NSString" (*)
│   │   │   │       │   │   │   ├── objc2-foundation feature "NSValue" (*)
│   │   │   │       │   │   │   └── objc2-foundation feature "objc2-core-foundation" (*)
│   │   │   │       │   │   ├── objc2-app-kit feature "NSTextView"
│   │   │   │       │   │   │   ├── objc2-app-kit v0.3.2 (*)
│   │   │   │       │   │   │   ├── objc2-foundation feature "NSArray" (*)
│   │   │   │       │   │   │   ├── objc2-foundation feature "NSAttributedString" (*)
│   │   │   │       │   │   │   ├── objc2-foundation feature "NSCoder" (*)
│   │   │   │       │   │   │   ├── objc2-foundation feature "NSDictionary" (*)
│   │   │   │       │   │   │   ├── objc2-foundation feature "NSGeometry" (*)
│   │   │   │       │   │   │   ├── objc2-foundation feature "NSNotification" (*)
│   │   │   │       │   │   │   ├── objc2-foundation feature "NSObject" (*)
│   │   │   │       │   │   │   ├── objc2-foundation feature "NSOrthography"
│   │   │   │       │   │   │   │   └── objc2-foundation v0.3.2 (*)
│   │   │   │       │   │   │   ├── objc2-foundation feature "NSRange" (*)
│   │   │   │       │   │   │   ├── objc2-foundation feature "NSString" (*)
│   │   │   │       │   │   │   ├── objc2-foundation feature "NSTextCheckingResult"
│   │   │   │       │   │   │   │   ├── objc2-foundation v0.3.2 (*)
│   │   │   │       │   │   │   │   └── objc2-foundation feature "bitflags" (*)
│   │   │   │       │   │   │   ├── objc2-foundation feature "NSURL" (*)
│   │   │   │       │   │   │   ├── objc2-foundation feature "NSUndoManager" (*)
│   │   │   │       │   │   │   ├── objc2-foundation feature "NSValue" (*)
│   │   │   │       │   │   │   └── objc2-foundation feature "objc2-core-foundation" (*)
│   │   │   │       │   │   ├── objc2-app-kit feature "NSUserInterfaceItemIdentification"
│   │   │   │       │   │   │   ├── objc2-app-kit v0.3.2 (*)
│   │   │   │       │   │   │   └── objc2-foundation feature "NSString" (*)
│   │   │   │       │   │   ├── objc2-app-kit feature "NSUserInterfaceValidation"
│   │   │   │       │   │   │   └── objc2-app-kit v0.3.2 (*)
│   │   │   │       │   │   ├── objc2-app-kit feature "NSView" (*)
│   │   │   │       │   │   ├── objc2-app-kit feature "NSWindow" (*)
│   │   │   │       │   │   ├── block2 feature "alloc" (*)
│   │   │   │       │   │   ├── objc2-core-foundation feature "CFCGTypes" (*)
│   │   │   │       │   │   ├── objc2-core-foundation feature "objc2" (*)
│   │   │   │       │   │   └── objc2-foundation feature "alloc" (*)
│   │   │   │       │   ├── objc2-foundation feature "NSArray" (*)
│   │   │   │       │   ├── objc2-foundation feature "NSCoder" (*)
│   │   │   │       │   ├── objc2-foundation feature "NSData" (*)
│   │   │   │       │   ├── objc2-foundation feature "NSDictionary" (*)
│   │   │   │       │   ├── objc2-foundation feature "NSError" (*)
│   │   │   │       │   ├── objc2-foundation feature "NSGeometry" (*)
│   │   │   │       │   ├── objc2-foundation feature "NSObject" (*)
│   │   │   │       │   ├── objc2-foundation feature "NSString" (*)
│   │   │   │       │   ├── objc2-foundation feature "NSURL" (*)
│   │   │   │       │   ├── objc2-foundation feature "NSURLRequest"
│   │   │   │       │   │   └── objc2-foundation v0.3.2 (*)
│   │   │   │       │   ├── objc2-foundation feature "NSURLResponse"
│   │   │   │       │   │   └── objc2-foundation v0.3.2 (*)
│   │   │   │       │   ├── objc2-foundation feature "objc2-core-foundation" (*)
│   │   │   │       │   └── objc2-web-kit feature "bitflags"
│   │   │   │       │       └── objc2-web-kit v0.3.2 (*)
│   │   │   │       ├── objc2-web-kit feature "WKWebViewConfiguration"
│   │   │   │       │   ├── objc2-web-kit v0.3.2 (*)
│   │   │   │       │   ├── objc2-foundation feature "NSObject" (*)
│   │   │   │       │   ├── objc2-foundation feature "NSString" (*)
│   │   │   │       │   └── objc2-web-kit feature "bitflags" (*)
│   │   │   │       ├── objc2-web-kit feature "objc2-app-kit"
│   │   │   │       │   └── objc2-web-kit v0.3.2 (*)
│   │   │   │       ├── raw-window-handle feature "default" (*)
│   │   │   │       └── tauri-utils feature "default"
│   │   │   │           └── tauri-utils v2.9.3
│   │   │   │               ├── http feature "default" (*)
│   │   │   │               ├── log feature "default" (*)
│   │   │   │               ├── serde feature "default" (*)
│   │   │   │               ├── serde feature "derive" (*)
│   │   │   │               ├── serde_json feature "default" (*)
│   │   │   │               ├── memchr feature "default"
│   │   │   │               │   ├── memchr v2.8.3
│   │   │   │               │   └── memchr feature "std" (*)
│   │   │   │               ├── url feature "default" (*)
│   │   │   │               ├── url feature "serde"
│   │   │   │               │   └── url v2.5.8 (*)
│   │   │   │               ├── anyhow feature "default"
│   │   │   │               │   ├── anyhow v1.0.104
│   │   │   │               │   └── anyhow feature "std"
│   │   │   │               │       └── anyhow v1.0.104
│   │   │   │               ├── dunce feature "default"
│   │   │   │               │   └── dunce v1.0.5
│   │   │   │               ├── glob feature "default"
│   │   │   │               │   └── glob v0.3.4
│   │   │   │               ├── thiserror feature "default" (*)
│   │   │   │               ├── plist feature "default"
│   │   │   │               │   ├── plist v1.10.0
│   │   │   │               │   │   ├── base64 feature "default" (*)
│   │   │   │               │   │   ├── serde feature "default" (*)
│   │   │   │               │   │   ├── time feature "default"
│   │   │   │               │   │   │   ├── time v0.3.55 (*)
│   │   │   │               │   │   │   └── time feature "std" (*)
│   │   │   │               │   │   ├── time feature "formatting" (*)
│   │   │   │               │   │   ├── time feature "parsing" (*)
│   │   │   │               │   │   ├── indexmap feature "default"
│   │   │   │               │   │   │   ├── indexmap v2.14.1
│   │   │   │               │   │   │   │   ├── equivalent v1.0.2
│   │   │   │               │   │   │   │   └── hashbrown v0.17.1
│   │   │   │               │   │   │   └── indexmap feature "std"
│   │   │   │               │   │   │       └── indexmap v2.14.1 (*)
│   │   │   │               │   │   └── quick-xml feature "default"
│   │   │   │               │   │       └── quick-xml v0.41.0
│   │   │   │               │   │           └── memchr feature "default" (*)
│   │   │   │               │   └── plist feature "serde"
│   │   │   │               │       └── plist v1.10.0 (*)
│   │   │   │               ├── brotli feature "std"
│   │   │   │               │   ├── brotli v8.0.4
│   │   │   │               │   │   ├── brotli-decompressor v5.0.3
│   │   │   │               │   │   │   ├── alloc-no-stdlib feature "default"
│   │   │   │               │   │   │   │   └── alloc-no-stdlib v2.0.4
│   │   │   │               │   │   │   └── alloc-stdlib feature "default"
│   │   │   │               │   │   │       └── alloc-stdlib v0.2.4
│   │   │   │               │   │   │           └── alloc-no-stdlib feature "default" (*)
│   │   │   │               │   │   ├── alloc-no-stdlib feature "default" (*)
│   │   │   │               │   │   └── alloc-stdlib feature "default" (*)
│   │   │   │               │   ├── brotli feature "alloc-stdlib"
│   │   │   │               │   │   └── brotli v8.0.4 (*)
│   │   │   │               │   └── brotli-decompressor feature "std"
│   │   │   │               │       ├── brotli-decompressor v5.0.3 (*)
│   │   │   │               │       └── brotli-decompressor feature "alloc-stdlib"
│   │   │   │               │           └── brotli-decompressor v5.0.3 (*)
│   │   │   │               ├── ctor feature "proc_macro"
│   │   │   │               │   └── ctor v0.8.0
│   │   │   │               │       └── ctor-proc-macro feature "default"
│   │   │   │               │           └── ctor-proc-macro v0.0.7 (proc-macro)
│   │   │   │               ├── ctor feature "std"
│   │   │   │               │   └── ctor v0.8.0 (*)
│   │   │   │               ├── infer feature "default"
│   │   │   │               │   ├── infer v0.19.0
│   │   │   │               │   │   └── cfb feature "default"
│   │   │   │               │   │       └── cfb v0.7.3
│   │   │   │               │   │           ├── byteorder feature "default"
│   │   │   │               │   │           │   ├── byteorder v1.5.0
│   │   │   │               │   │           │   └── byteorder feature "std"
│   │   │   │               │   │           │       └── byteorder v1.5.0
│   │   │   │               │   │           ├── fnv feature "default"
│   │   │   │               │   │           │   ├── fnv v1.0.7
│   │   │   │               │   │           │   └── fnv feature "std"
│   │   │   │               │   │           │       └── fnv v1.0.7
│   │   │   │               │   │           └── uuid feature "default"
│   │   │   │               │   │               ├── uuid v1.26.0
│   │   │   │               │   │               │   └── serde_core v1.0.229
│   │   │   │               │   │               └── uuid feature "std"
│   │   │   │               │   │                   └── uuid v1.26.0 (*)
│   │   │   │               │   └── infer feature "std"
│   │   │   │               │       ├── infer v0.19.0 (*)
│   │   │   │               │       ├── infer feature "alloc"
│   │   │   │               │       │   └── infer v0.19.0 (*)
│   │   │   │               │       └── infer feature "cfb"
│   │   │   │               │           └── infer v0.19.0 (*)
│   │   │   │               ├── uuid feature "default" (*)
│   │   │   │               ├── uuid feature "serde"
│   │   │   │               │   └── uuid v1.26.0 (*)
│   │   │   │               ├── json-patch feature "default"
│   │   │   │               │   ├── json-patch v3.0.1
│   │   │   │               │   │   ├── serde feature "default" (*)
│   │   │   │               │   │   ├── serde feature "derive" (*)
│   │   │   │               │   │   ├── serde_json feature "default" (*)
│   │   │   │               │   │   ├── jsonptr feature "default"
│   │   │   │               │   │   │   ├── jsonptr v0.6.3
│   │   │   │               │   │   │   │   ├── serde feature "alloc"
│   │   │   │               │   │   │   │   │   ├── serde v1.0.229 (*)
│   │   │   │               │   │   │   │   │   └── serde_core feature "alloc"
│   │   │   │               │   │   │   │   │       └── serde_core v1.0.229
│   │   │   │               │   │   │   │   ├── serde feature "default" (*)
│   │   │   │               │   │   │   │   ├── serde_json feature "alloc"
│   │   │   │               │   │   │   │   │   ├── serde_json v1.0.151 (*)
│   │   │   │               │   │   │   │   │   └── serde_core feature "alloc" (*)
│   │   │   │               │   │   │   │   └── serde_json feature "default" (*)
│   │   │   │               │   │   │   ├── jsonptr feature "assign"
│   │   │   │               │   │   │   │   └── jsonptr v0.6.3 (*)
│   │   │   │               │   │   │   ├── jsonptr feature "delete"
│   │   │   │               │   │   │   │   ├── jsonptr v0.6.3 (*)
│   │   │   │               │   │   │   │   └── jsonptr feature "resolve"
│   │   │   │               │   │   │   │       └── jsonptr v0.6.3 (*)
│   │   │   │               │   │   │   ├── jsonptr feature "json"
│   │   │   │               │   │   │   │   ├── jsonptr v0.6.3 (*)
│   │   │   │               │   │   │   │   └── jsonptr feature "serde"
│   │   │   │               │   │   │   │       └── jsonptr v0.6.3 (*)
│   │   │   │               │   │   │   ├── jsonptr feature "resolve" (*)
│   │   │   │               │   │   │   ├── jsonptr feature "serde" (*)
│   │   │   │               │   │   │   └── jsonptr feature "std"
│   │   │   │               │   │   │       ├── jsonptr v0.6.3 (*)
│   │   │   │               │   │   │       ├── serde feature "std" (*)
│   │   │   │               │   │   │       ├── serde_json feature "std" (*)
│   │   │   │               │   │   │       └── jsonptr feature "serde" (*)
│   │   │   │               │   │   └── thiserror feature "default"
│   │   │   │               │   │       └── thiserror v1.0.69
│   │   │   │               │   │           └── thiserror-impl feature "default"
│   │   │   │               │   │               └── thiserror-impl v1.0.69 (proc-macro)
│   │   │   │               │   │                   ├── proc-macro2 feature "default" (*)
│   │   │   │               │   │                   ├── quote feature "default" (*)
│   │   │   │               │   │                   └── syn feature "default" (*)
│   │   │   │               │   └── json-patch feature "diff"
│   │   │   │               │       └── json-patch v3.0.1 (*)
│   │   │   │               ├── phf feature "default"
│   │   │   │               │   ├── phf v0.13.1
│   │   │   │               │   │   ├── phf_shared v0.13.1
│   │   │   │               │   │   │   └── siphasher feature "default"
│   │   │   │               │   │   │       ├── siphasher v1.0.3
│   │   │   │               │   │   │       └── siphasher feature "std"
│   │   │   │               │   │   │           └── siphasher v1.0.3
│   │   │   │               │   │   └── phf_macros feature "default"
│   │   │   │               │   │       └── phf_macros v0.13.1 (proc-macro)
│   │   │   │               │   │           ├── phf_shared v0.13.1
│   │   │   │               │   │           │   └── siphasher feature "default"
│   │   │   │               │   │           │       ├── siphasher v1.0.3
│   │   │   │               │   │           │       └── siphasher feature "std"
│   │   │   │               │   │           │           └── siphasher v1.0.3
│   │   │   │               │   │           ├── proc-macro2 feature "default" (*)
│   │   │   │               │   │           ├── quote feature "default" (*)
│   │   │   │               │   │           ├── syn feature "default" (*)
│   │   │   │               │   │           ├── syn feature "full" (*)
│   │   │   │               │   │           └── phf_generator feature "default"
│   │   │   │               │   │               └── phf_generator v0.13.1
│   │   │   │               │   │                   ├── fastrand v2.5.0
│   │   │   │               │   │                   └── phf_shared v0.13.1 (*)
│   │   │   │               │   └── phf feature "std"
│   │   │   │               │       ├── phf v0.13.1 (*)
│   │   │   │               │       └── phf_shared feature "std"
│   │   │   │               │           └── phf_shared v0.13.1 (*)
│   │   │   │               ├── phf feature "macros"
│   │   │   │               │   ├── phf v0.13.1 (*)
│   │   │   │               │   └── phf feature "phf_macros"
│   │   │   │               │       └── phf v0.13.1 (*)
│   │   │   │               ├── regex feature "default"
│   │   │   │               │   ├── regex v1.13.1
│   │   │   │               │   │   ├── aho-corasick v1.1.5
│   │   │   │               │   │   │   └── memchr v2.8.3
│   │   │   │               │   │   ├── memchr v2.8.3
│   │   │   │               │   │   ├── regex-syntax v0.8.11
│   │   │   │               │   │   ├── regex-automata feature "alloc"
│   │   │   │               │   │   │   └── regex-automata v0.4.18
│   │   │   │               │   │   │       ├── aho-corasick v1.1.5 (*)
│   │   │   │               │   │   │       ├── memchr v2.8.3
│   │   │   │               │   │   │       └── regex-syntax v0.8.11
│   │   │   │               │   │   ├── regex-automata feature "meta"
│   │   │   │               │   │   │   ├── regex-automata v0.4.18 (*)
│   │   │   │               │   │   │   ├── regex-automata feature "nfa-pikevm"
│   │   │   │               │   │   │   │   ├── regex-automata v0.4.18 (*)
│   │   │   │               │   │   │   │   └── regex-automata feature "nfa-thompson"
│   │   │   │               │   │   │   │       ├── regex-automata v0.4.18 (*)
│   │   │   │               │   │   │   │       └── regex-automata feature "alloc" (*)
│   │   │   │               │   │   │   └── regex-automata feature "syntax"
│   │   │   │               │   │   │       ├── regex-automata v0.4.18 (*)
│   │   │   │               │   │   │       └── regex-automata feature "alloc" (*)
│   │   │   │               │   │   ├── regex-automata feature "nfa-pikevm" (*)
│   │   │   │               │   │   └── regex-automata feature "syntax" (*)
│   │   │   │               │   ├── regex feature "perf"
│   │   │   │               │   │   ├── regex v1.13.1 (*)
│   │   │   │               │   │   ├── regex feature "perf-backtrack"
│   │   │   │               │   │   │   ├── regex v1.13.1 (*)
│   │   │   │               │   │   │   └── regex-automata feature "nfa-backtrack"
│   │   │   │               │   │   │       ├── regex-automata v0.4.18 (*)
│   │   │   │               │   │   │       └── regex-automata feature "nfa-thompson" (*)
│   │   │   │               │   │   ├── regex feature "perf-cache"
│   │   │   │               │   │   │   └── regex v1.13.1 (*)
│   │   │   │               │   │   ├── regex feature "perf-dfa"
│   │   │   │               │   │   │   ├── regex v1.13.1 (*)
│   │   │   │               │   │   │   └── regex-automata feature "hybrid"
│   │   │   │               │   │   │       ├── regex-automata v0.4.18 (*)
│   │   │   │               │   │   │       ├── regex-automata feature "alloc" (*)
│   │   │   │               │   │   │       └── regex-automata feature "nfa-thompson" (*)
│   │   │   │               │   │   ├── regex feature "perf-inline"
│   │   │   │               │   │   │   ├── regex v1.13.1 (*)
│   │   │   │               │   │   │   └── regex-automata feature "perf-inline"
│   │   │   │               │   │   │       └── regex-automata v0.4.18 (*)
│   │   │   │               │   │   ├── regex feature "perf-literal"
│   │   │   │               │   │   │   ├── regex v1.13.1 (*)
│   │   │   │               │   │   │   └── regex-automata feature "perf-literal"
│   │   │   │               │   │   │       ├── regex-automata v0.4.18 (*)
│   │   │   │               │   │   │       ├── regex-automata feature "perf-literal-multisubstring"
│   │   │   │               │   │   │       │   └── regex-automata v0.4.18 (*)
│   │   │   │               │   │   │       └── regex-automata feature "perf-literal-substring"
│   │   │   │               │   │   │           ├── regex-automata v0.4.18 (*)
│   │   │   │               │   │   │           └── aho-corasick feature "perf-literal"
│   │   │   │               │   │   │               └── aho-corasick v1.1.5 (*)
│   │   │   │               │   │   └── regex feature "perf-onepass"
│   │   │   │               │   │       ├── regex v1.13.1 (*)
│   │   │   │               │   │       └── regex-automata feature "dfa-onepass"
│   │   │   │               │   │           ├── regex-automata v0.4.18 (*)
│   │   │   │               │   │           └── regex-automata feature "nfa-thompson" (*)
│   │   │   │               │   ├── regex feature "std"
│   │   │   │               │   │   ├── regex v1.13.1 (*)
│   │   │   │               │   │   ├── memchr feature "std" (*)
│   │   │   │               │   │   ├── aho-corasick feature "std"
│   │   │   │               │   │   │   ├── aho-corasick v1.1.5 (*)
│   │   │   │               │   │   │   └── memchr feature "std" (*)
│   │   │   │               │   │   ├── regex-automata feature "std"
│   │   │   │               │   │   │   ├── regex-automata v0.4.18 (*)
│   │   │   │               │   │   │   ├── memchr feature "std" (*)
│   │   │   │               │   │   │   ├── aho-corasick feature "std" (*)
│   │   │   │               │   │   │   ├── regex-automata feature "alloc" (*)
│   │   │   │               │   │   │   └── regex-syntax feature "std"
│   │   │   │               │   │   │       └── regex-syntax v0.8.11
│   │   │   │               │   │   └── regex-syntax feature "std" (*)
│   │   │   │               │   ├── regex feature "unicode"
│   │   │   │               │   │   ├── regex v1.13.1 (*)
│   │   │   │               │   │   ├── regex feature "unicode-age"
│   │   │   │               │   │   │   ├── regex v1.13.1 (*)
│   │   │   │               │   │   │   ├── regex-automata feature "unicode-age"
│   │   │   │               │   │   │   │   ├── regex-automata v0.4.18 (*)
│   │   │   │               │   │   │   │   └── regex-syntax feature "unicode-age"
│   │   │   │               │   │   │   │       └── regex-syntax v0.8.11
│   │   │   │               │   │   │   └── regex-syntax feature "unicode-age" (*)
│   │   │   │               │   │   ├── regex feature "unicode-bool"
│   │   │   │               │   │   │   ├── regex v1.13.1 (*)
│   │   │   │               │   │   │   ├── regex-automata feature "unicode-bool"
│   │   │   │               │   │   │   │   ├── regex-automata v0.4.18 (*)
│   │   │   │               │   │   │   │   └── regex-syntax feature "unicode-bool"
│   │   │   │               │   │   │   │       └── regex-syntax v0.8.11
│   │   │   │               │   │   │   └── regex-syntax feature "unicode-bool" (*)
│   │   │   │               │   │   ├── regex feature "unicode-case"
│   │   │   │               │   │   │   ├── regex v1.13.1 (*)
│   │   │   │               │   │   │   ├── regex-automata feature "unicode-case"
│   │   │   │               │   │   │   │   ├── regex-automata v0.4.18 (*)
│   │   │   │               │   │   │   │   └── regex-syntax feature "unicode-case"
│   │   │   │               │   │   │   │       └── regex-syntax v0.8.11
│   │   │   │               │   │   │   └── regex-syntax feature "unicode-case" (*)
│   │   │   │               │   │   ├── regex feature "unicode-gencat"
│   │   │   │               │   │   │   ├── regex v1.13.1 (*)
│   │   │   │               │   │   │   ├── regex-automata feature "unicode-gencat"
│   │   │   │               │   │   │   │   ├── regex-automata v0.4.18 (*)
│   │   │   │               │   │   │   │   └── regex-syntax feature "unicode-gencat"
│   │   │   │               │   │   │   │       └── regex-syntax v0.8.11
│   │   │   │               │   │   │   └── regex-syntax feature "unicode-gencat" (*)
│   │   │   │               │   │   ├── regex feature "unicode-perl"
│   │   │   │               │   │   │   ├── regex v1.13.1 (*)
│   │   │   │               │   │   │   ├── regex-automata feature "unicode-perl"
│   │   │   │               │   │   │   │   ├── regex-automata v0.4.18 (*)
│   │   │   │               │   │   │   │   └── regex-syntax feature "unicode-perl"
│   │   │   │               │   │   │   │       └── regex-syntax v0.8.11
│   │   │   │               │   │   │   ├── regex-automata feature "unicode-word-boundary"
│   │   │   │               │   │   │   │   └── regex-automata v0.4.18 (*)
│   │   │   │               │   │   │   └── regex-syntax feature "unicode-perl" (*)
│   │   │   │               │   │   ├── regex feature "unicode-script"
│   │   │   │               │   │   │   ├── regex v1.13.1 (*)
│   │   │   │               │   │   │   ├── regex-automata feature "unicode-script"
│   │   │   │               │   │   │   │   ├── regex-automata v0.4.18 (*)
│   │   │   │               │   │   │   │   └── regex-syntax feature "unicode-script"
│   │   │   │               │   │   │   │       └── regex-syntax v0.8.11
│   │   │   │               │   │   │   └── regex-syntax feature "unicode-script" (*)
│   │   │   │               │   │   ├── regex feature "unicode-segment"
│   │   │   │               │   │   │   ├── regex v1.13.1 (*)
│   │   │   │               │   │   │   ├── regex-automata feature "unicode-segment"
│   │   │   │               │   │   │   │   ├── regex-automata v0.4.18 (*)
│   │   │   │               │   │   │   │   └── regex-syntax feature "unicode-segment"
│   │   │   │               │   │   │   │       └── regex-syntax v0.8.11
│   │   │   │               │   │   │   └── regex-syntax feature "unicode-segment" (*)
│   │   │   │               │   │   ├── regex-automata feature "unicode"
│   │   │   │               │   │   │   ├── regex-automata v0.4.18 (*)
│   │   │   │               │   │   │   ├── regex-automata feature "unicode-age" (*)
│   │   │   │               │   │   │   ├── regex-automata feature "unicode-bool" (*)
│   │   │   │               │   │   │   ├── regex-automata feature "unicode-case" (*)
│   │   │   │               │   │   │   ├── regex-automata feature "unicode-gencat" (*)
│   │   │   │               │   │   │   ├── regex-automata feature "unicode-perl" (*)
│   │   │   │               │   │   │   ├── regex-automata feature "unicode-script" (*)
│   │   │   │               │   │   │   ├── regex-automata feature "unicode-segment" (*)
│   │   │   │               │   │   │   ├── regex-automata feature "unicode-word-boundary" (*)
│   │   │   │               │   │   │   └── regex-syntax feature "unicode"
│   │   │   │               │   │   │       ├── regex-syntax v0.8.11
│   │   │   │               │   │   │       ├── regex-syntax feature "unicode-age" (*)
│   │   │   │               │   │   │       ├── regex-syntax feature "unicode-bool" (*)
│   │   │   │               │   │   │       ├── regex-syntax feature "unicode-case" (*)
│   │   │   │               │   │   │       ├── regex-syntax feature "unicode-gencat" (*)
│   │   │   │               │   │   │       ├── regex-syntax feature "unicode-perl" (*)
│   │   │   │               │   │   │       ├── regex-syntax feature "unicode-script" (*)
│   │   │   │               │   │   │       └── regex-syntax feature "unicode-segment" (*)
│   │   │   │               │   │   └── regex-syntax feature "unicode" (*)
│   │   │   │               │   └── regex-syntax feature "default"
│   │   │   │               │       ├── regex-syntax v0.8.11
│   │   │   │               │       ├── regex-syntax feature "std" (*)
│   │   │   │               │       └── regex-syntax feature "unicode" (*)
│   │   │   │               ├── semver feature "default"
│   │   │   │               │   ├── semver v1.0.28
│   │   │   │               │   └── semver feature "std"
│   │   │   │               │       └── semver v1.0.28
│   │   │   │               ├── serde-untagged feature "default"
│   │   │   │               │   └── serde-untagged v0.1.9
│   │   │   │               │       ├── serde_core feature "alloc" (*)
│   │   │   │               │       ├── erased-serde feature "alloc"
│   │   │   │               │       │   ├── erased-serde v0.4.10
│   │   │   │               │       │   │   ├── serde_core v1.0.229
│   │   │   │               │       │   │   └── typeid feature "default"
│   │   │   │               │       │   │       └── typeid v1.0.3
│   │   │   │               │       │   └── serde_core feature "alloc" (*)
│   │   │   │               │       └── typeid feature "default" (*)
│   │   │   │               ├── serde_with feature "default"
│   │   │   │               │   ├── serde_with v3.22.0
│   │   │   │               │   │   ├── serde_core feature "result" (*)
│   │   │   │               │   │   └── serde_with_macros feature "default"
│   │   │   │               │   │       └── serde_with_macros v3.22.0 (proc-macro)
│   │   │   │               │   │           ├── proc-macro2 feature "default" (*)
│   │   │   │               │   │           ├── quote feature "default" (*)
│   │   │   │               │   │           ├── syn feature "default" (*)
│   │   │   │               │   │           ├── syn feature "extra-traits" (*)
│   │   │   │               │   │           ├── syn feature "full" (*)
│   │   │   │               │   │           ├── syn feature "parsing" (*)
│   │   │   │               │   │           └── darling feature "default"
│   │   │   │               │   │               ├── darling v0.23.0
│   │   │   │               │   │               │   ├── darling_core feature "default"
│   │   │   │               │   │               │   │   └── darling_core v0.23.0
│   │   │   │               │   │               │   │       ├── proc-macro2 feature "default" (*)
│   │   │   │               │   │               │   │       ├── quote feature "default" (*)
│   │   │   │               │   │               │   │       ├── syn feature "default" (*)
│   │   │   │               │   │               │   │       ├── syn feature "extra-traits" (*)
│   │   │   │               │   │               │   │       ├── syn feature "full" (*)
│   │   │   │               │   │               │   │       ├── ident_case feature "default"
│   │   │   │               │   │               │   │       │   └── ident_case v1.0.1
│   │   │   │               │   │               │   │       └── strsim feature "default"
│   │   │   │               │   │               │   │           └── strsim v0.11.1
│   │   │   │               │   │               │   └── darling_macro feature "default"
│   │   │   │               │   │               │       └── darling_macro v0.23.0 (proc-macro)
│   │   │   │               │   │               │           ├── quote feature "default" (*)
│   │   │   │               │   │               │           ├── syn feature "default" (*)
│   │   │   │               │   │               │           └── darling_core feature "default" (*)
│   │   │   │               │   │               └── darling feature "suggestions"
│   │   │   │               │   │                   ├── darling v0.23.0 (*)
│   │   │   │               │   │                   └── darling_core feature "suggestions"
│   │   │   │               │   │                       ├── darling_core v0.23.0 (*)
│   │   │   │               │   │                       └── darling_core feature "strsim"
│   │   │   │               │   │                           └── darling_core v0.23.0 (*)
│   │   │   │               │   ├── serde_with feature "macros"
│   │   │   │               │   │   └── serde_with v3.22.0 (*)
│   │   │   │               │   └── serde_with feature "std"
│   │   │   │               │       ├── serde_with v3.22.0 (*)
│   │   │   │               │       ├── serde_core feature "std" (*)
│   │   │   │               │       └── serde_with feature "alloc"
│   │   │   │               │           ├── serde_with v3.22.0 (*)
│   │   │   │               │           └── serde_core feature "alloc" (*)
│   │   │   │               ├── toml feature "default"
│   │   │   │               │   ├── toml v1.1.5+spec-1.1.0
│   │   │   │               │   │   ├── winnow v1.0.4
│   │   │   │               │   │   ├── serde_core feature "alloc" (*)
│   │   │   │               │   │   ├── serde_spanned feature "alloc"
│   │   │   │               │   │   │   ├── serde_spanned v1.1.1
│   │   │   │               │   │   │   │   └── serde_core v1.0.229
│   │   │   │               │   │   │   └── serde_core feature "alloc" (*)
│   │   │   │               │   │   ├── toml_datetime feature "alloc"
│   │   │   │               │   │   │   ├── toml_datetime v1.1.1+spec-1.1.0
│   │   │   │               │   │   │   │   └── serde_core v1.0.229
│   │   │   │               │   │   │   └── serde_core feature "alloc" (*)
│   │   │   │               │   │   ├── toml_parser feature "alloc"
│   │   │   │               │   │   │   └── toml_parser v1.1.3+spec-1.1.0
│   │   │   │               │   │   │       └── winnow v1.0.4
│   │   │   │               │   │   └── toml_writer feature "alloc"
│   │   │   │               │   │       └── toml_writer v1.1.2+spec-1.1.0
│   │   │   │               │   ├── toml feature "display"
│   │   │   │               │   │   └── toml v1.1.5+spec-1.1.0 (*)
│   │   │   │               │   ├── toml feature "parse"
│   │   │   │               │   │   └── toml v1.1.5+spec-1.1.0 (*)
│   │   │   │               │   ├── toml feature "serde"
│   │   │   │               │   │   ├── toml v1.1.5+spec-1.1.0 (*)
│   │   │   │               │   │   ├── serde_spanned feature "serde"
│   │   │   │               │   │   │   └── serde_spanned v1.1.1 (*)
│   │   │   │               │   │   └── toml_datetime feature "serde"
│   │   │   │               │   │       └── toml_datetime v1.1.1+spec-1.1.0 (*)
│   │   │   │               │   └── toml feature "std"
│   │   │   │               │       ├── toml v1.1.5+spec-1.1.0 (*)
│   │   │   │               │       ├── serde_core feature "std" (*)
│   │   │   │               │       ├── serde_spanned feature "std"
│   │   │   │               │       │   ├── serde_spanned v1.1.1 (*)
│   │   │   │               │       │   ├── serde_core feature "std" (*)
│   │   │   │               │       │   └── serde_spanned feature "alloc" (*)
│   │   │   │               │       ├── toml_datetime feature "std"
│   │   │   │               │       │   ├── toml_datetime v1.1.1+spec-1.1.0 (*)
│   │   │   │               │       │   ├── serde_core feature "std" (*)
│   │   │   │               │       │   └── toml_datetime feature "alloc" (*)
│   │   │   │               │       ├── toml_parser feature "std"
│   │   │   │               │       │   ├── toml_parser v1.1.3+spec-1.1.0 (*)
│   │   │   │               │       │   └── toml_parser feature "alloc" (*)
│   │   │   │               │       └── toml_writer feature "std"
│   │   │   │               │           ├── toml_writer v1.1.2+spec-1.1.0
│   │   │   │               │           └── toml_writer feature "alloc" (*)
│   │   │   │               ├── toml feature "parse" (*)
│   │   │   │               ├── urlpattern feature "default"
│   │   │   │               │   └── urlpattern v0.3.0
│   │   │   │               │       ├── serde feature "default" (*)
│   │   │   │               │       ├── serde feature "derive" (*)
│   │   │   │               │       ├── url feature "default" (*)
│   │   │   │               │       ├── regex feature "default" (*)
│   │   │   │               │       ├── unic-ucd-ident feature "default"
│   │   │   │               │       │   ├── unic-ucd-ident v0.9.0
│   │   │   │               │       │   │   ├── unic-char-property feature "default"
│   │   │   │               │       │   │   │   └── unic-char-property v0.9.0
│   │   │   │               │       │   │   │       └── unic-char-range feature "default"
│   │   │   │               │       │   │   │           └── unic-char-range v0.9.0
│   │   │   │               │       │   │   ├── unic-char-range feature "default" (*)
│   │   │   │               │       │   │   └── unic-ucd-version feature "default"
│   │   │   │               │       │   │       └── unic-ucd-version v0.9.0
│   │   │   │               │       │   │           └── unic-common feature "default"
│   │   │   │               │       │   │               └── unic-common v0.9.0
│   │   │   │               │       │   └── unic-ucd-ident feature "xid"
│   │   │   │               │       │       └── unic-ucd-ident v0.9.0 (*)
│   │   │   │               │       └── unic-ucd-ident feature "id"
│   │   │   │               │           └── unic-ucd-ident v0.9.0 (*)
│   │   │   │               └── walkdir feature "default"
│   │   │   │                   └── walkdir v2.5.0
│   │   │   │                       └── same-file feature "default"
│   │   │   │                           └── same-file v1.0.6
│   │   │   ├── tauri-utils feature "default" (*)
│   │   │   ├── tao feature "rwh_06"
│   │   │   │   └── tao v0.35.3
│   │   │   │       ├── libc feature "default" (*)
│   │   │   │       ├── once_cell feature "default" (*)
│   │   │   │       ├── log feature "default" (*)
│   │   │   │       ├── bitflags feature "default" (*)
│   │   │   │       ├── url feature "default" (*)
│   │   │   │       ├── crossbeam-channel feature "default"
│   │   │   │       │   ├── crossbeam-channel v0.5.16
│   │   │   │       │   │   └── crossbeam-utils v0.8.22
│   │   │   │       │   └── crossbeam-channel feature "std"
│   │   │   │       │       ├── crossbeam-channel v0.5.16 (*)
│   │   │   │       │       └── crossbeam-utils feature "std"
│   │   │   │       │           └── crossbeam-utils v0.8.22
│   │   │   │       ├── dpi feature "default" (*)
│   │   │   │       ├── objc2 feature "default" (*)
│   │   │   │       ├── objc2-app-kit feature "NSApplication" (*)
│   │   │   │       ├── objc2-app-kit feature "NSButton"
│   │   │   │       │   ├── objc2-app-kit v0.3.2 (*)
│   │   │   │       │   ├── objc2-foundation feature "NSArray" (*)
│   │   │   │       │   ├── objc2-foundation feature "NSAttributedString" (*)
│   │   │   │       │   ├── objc2-foundation feature "NSCoder" (*)
│   │   │   │       │   ├── objc2-foundation feature "NSGeometry" (*)
│   │   │   │       │   ├── objc2-foundation feature "NSObject" (*)
│   │   │   │       │   ├── objc2-foundation feature "NSString" (*)
│   │   │   │       │   └── objc2-foundation feature "objc2-core-foundation" (*)
│   │   │   │       ├── objc2-app-kit feature "NSColor" (*)
│   │   │   │       ├── objc2-app-kit feature "NSControl"
│   │   │   │       │   ├── objc2-app-kit v0.3.2 (*)
│   │   │   │       │   ├── objc2-foundation feature "NSArray" (*)
│   │   │   │       │   ├── objc2-foundation feature "NSAttributedString" (*)
│   │   │   │       │   ├── objc2-foundation feature "NSCoder" (*)
│   │   │   │       │   ├── objc2-foundation feature "NSFormatter"
│   │   │   │       │   │   └── objc2-foundation v0.3.2 (*)
│   │   │   │       │   ├── objc2-foundation feature "NSGeometry" (*)
│   │   │   │       │   ├── objc2-foundation feature "NSNotification" (*)
│   │   │   │       │   ├── objc2-foundation feature "NSObject" (*)
│   │   │   │       │   ├── objc2-foundation feature "NSRange" (*)
│   │   │   │       │   ├── objc2-foundation feature "NSString" (*)
│   │   │   │       │   └── objc2-foundation feature "objc2-core-foundation" (*)
│   │   │   │       ├── objc2-app-kit feature "NSEvent" (*)
│   │   │   │       ├── objc2-app-kit feature "NSGraphics" (*)
│   │   │   │       ├── objc2-app-kit feature "NSImage" (*)
│   │   │   │       ├── objc2-app-kit feature "NSOpenGLView"
│   │   │   │       │   ├── objc2-app-kit v0.3.2 (*)
│   │   │   │       │   ├── objc2-foundation feature "NSCoder" (*)
│   │   │   │       │   ├── objc2-foundation feature "NSGeometry" (*)
│   │   │   │       │   ├── objc2-foundation feature "NSObject" (*)
│   │   │   │       │   └── objc2-foundation feature "objc2-core-foundation" (*)
│   │   │   │       ├── objc2-app-kit feature "NSPasteboard" (*)
│   │   │   │       ├── objc2-app-kit feature "NSResponder" (*)
│   │   │   │       ├── objc2-app-kit feature "NSRunningApplication"
│   │   │   │       │   ├── objc2-app-kit v0.3.2 (*)
│   │   │   │       │   ├── objc2-app-kit feature "bitflags" (*)
│   │   │   │       │   ├── objc2-foundation feature "NSArray" (*)
│   │   │   │       │   ├── objc2-foundation feature "NSDate" (*)
│   │   │   │       │   ├── objc2-foundation feature "NSString" (*)
│   │   │   │       │   └── objc2-foundation feature "NSURL" (*)
│   │   │   │       ├── objc2-app-kit feature "NSScreen" (*)
│   │   │   │       ├── objc2-app-kit feature "NSUserActivity"
│   │   │   │       │   ├── objc2-app-kit v0.3.2 (*)
│   │   │   │       │   ├── objc2-foundation feature "NSString" (*)
│   │   │   │       │   └── objc2-foundation feature "NSUserActivity" (*)
│   │   │   │       ├── objc2-app-kit feature "NSView" (*)
│   │   │   │       ├── objc2-app-kit feature "NSWindow" (*)
│   │   │   │       ├── objc2-app-kit feature "objc2-core-foundation"
│   │   │   │       │   └── objc2-app-kit v0.3.2 (*)
│   │   │   │       ├── objc2-app-kit feature "std"
│   │   │   │       │   ├── objc2-app-kit v0.3.2 (*)
│   │   │   │       │   └── objc2-app-kit feature "alloc"
│   │   │   │       │       └── objc2-app-kit v0.3.2 (*)
│   │   │   │       ├── block2 feature "default"
│   │   │   │       │   ├── block2 v0.6.2 (*)
│   │   │   │       │   └── block2 feature "std"
│   │   │   │       │       ├── block2 v0.6.2 (*)
│   │   │   │       │       └── block2 feature "alloc" (*)
│   │   │   │       ├── objc2-foundation feature "NSArray" (*)
│   │   │   │       ├── objc2-foundation feature "NSAttributedString" (*)
│   │   │   │       ├── objc2-foundation feature "NSAutoreleasePool"
│   │   │   │       │   └── objc2-foundation v0.3.2 (*)
│   │   │   │       ├── objc2-foundation feature "NSDate" (*)
│   │   │   │       ├── objc2-foundation feature "NSDictionary" (*)
│   │   │   │       ├── objc2-foundation feature "NSEnumerator"
│   │   │   │       │   └── objc2-foundation v0.3.2 (*)
│   │   │   │       ├── objc2-foundation feature "NSGeometry" (*)
│   │   │   │       ├── objc2-foundation feature "NSObjCRuntime" (*)
│   │   │   │       ├── objc2-foundation feature "NSRange" (*)
│   │   │   │       ├── objc2-foundation feature "NSString" (*)
│   │   │   │       ├── objc2-foundation feature "NSThread"
│   │   │   │       │   └── objc2-foundation v0.3.2 (*)
│   │   │   │       ├── objc2-foundation feature "NSURL" (*)
│   │   │   │       ├── objc2-foundation feature "std"
│   │   │   │       │   ├── objc2-foundation v0.3.2 (*)
│   │   │   │       │   └── objc2-foundation feature "alloc" (*)
│   │   │   │       ├── raw-window-handle feature "default" (*)
│   │   │   │       ├── raw-window-handle feature "std"
│   │   │   │       │   ├── raw-window-handle v0.6.2
│   │   │   │       │   └── raw-window-handle feature "alloc"
│   │   │   │       │       └── raw-window-handle v0.6.2
│   │   │   │       ├── core-foundation feature "default"
│   │   │   │       │   ├── core-foundation v0.10.1
│   │   │   │       │   │   ├── core-foundation-sys v0.8.7
│   │   │   │       │   │   └── libc feature "default" (*)
│   │   │   │       │   └── core-foundation feature "link"
│   │   │   │       │       ├── core-foundation v0.10.1 (*)
│   │   │   │       │       └── core-foundation-sys feature "link"
│   │   │   │       │           └── core-foundation-sys v0.8.7
│   │   │   │       ├── core-graphics feature "default"
│   │   │   │       │   ├── core-graphics v0.25.0
│   │   │   │       │   │   ├── core-foundation v0.10.1 (*)
│   │   │   │       │   │   ├── core-graphics-types v0.2.0
│   │   │   │       │   │   │   ├── core-foundation v0.10.1 (*)
│   │   │   │       │   │   │   ├── libc feature "default" (*)
│   │   │   │       │   │   │   └── bitflags feature "default" (*)
│   │   │   │       │   │   ├── libc feature "default" (*)
│   │   │   │       │   │   ├── bitflags feature "default" (*)
│   │   │   │       │   │   └── foreign-types feature "default"
│   │   │   │       │   │       ├── foreign-types v0.5.0
│   │   │   │       │   │       │   ├── foreign-types-macros feature "default"
│   │   │   │       │   │       │   │   └── foreign-types-macros v0.2.4 (proc-macro)
│   │   │   │       │   │       │   │       ├── proc-macro2 feature "default" (*)
│   │   │   │       │   │       │   │       ├── quote feature "default" (*)
│   │   │   │       │   │       │   │       ├── syn feature "default" (*)
│   │   │   │       │   │       │   │       └── syn feature "full"
│   │   │   │       │   │       │   │           └── syn v3.0.4 (*)
│   │   │   │       │   │       │   └── foreign-types-shared feature "default"
│   │   │   │       │   │       │       └── foreign-types-shared v0.3.1
│   │   │   │       │   │       └── foreign-types feature "std"
│   │   │   │       │   │           ├── foreign-types v0.5.0 (*)
│   │   │   │       │   │           └── foreign-types-macros feature "std"
│   │   │   │       │   │               └── foreign-types-macros v0.2.4 (proc-macro) (*)
│   │   │   │       │   └── core-graphics feature "link"
│   │   │   │       │       ├── core-graphics v0.25.0 (*)
│   │   │   │       │       ├── core-foundation feature "link" (*)
│   │   │   │       │       └── core-graphics-types feature "link"
│   │   │   │       │           ├── core-graphics-types v0.2.0 (*)
│   │   │   │       │           └── core-foundation feature "link" (*)
│   │   │   │       └── dispatch2 feature "default"
│   │   │   │           ├── dispatch2 v0.3.1
│   │   │   │           │   ├── libc v0.2.189
│   │   │   │           │   ├── bitflags feature "std" (*)
│   │   │   │           │   ├── objc2 feature "std" (*)
│   │   │   │           │   └── block2 feature "alloc" (*)
│   │   │   │           ├── dispatch2 feature "block2"
│   │   │   │           │   └── dispatch2 v0.3.1 (*)
│   │   │   │           ├── dispatch2 feature "libc"
│   │   │   │           │   └── dispatch2 v0.3.1 (*)
│   │   │   │           ├── dispatch2 feature "objc2"
│   │   │   │           │   └── dispatch2 v0.3.1 (*)
│   │   │   │           └── dispatch2 feature "std"
│   │   │   │               ├── dispatch2 v0.3.1 (*)
│   │   │   │               └── dispatch2 feature "alloc"
│   │   │   │                   └── dispatch2 v0.3.1 (*)
│   │   │   ├── wry feature "linux-body"
│   │   │   │   ├── wry v0.55.1
│   │   │   │   │   ├── http feature "default" (*)
│   │   │   │   │   ├── once_cell feature "default" (*)
│   │   │   │   │   ├── url feature "default" (*)
│   │   │   │   │   ├── cookie feature "default" (*)
│   │   │   │   │   ├── dirs feature "default"
│   │   │   │   │   │   └── dirs v6.0.0
│   │   │   │   │   │       └── dirs-sys feature "default"
│   │   │   │   │   │           └── dirs-sys v0.5.0
│   │   │   │   │   │               ├── libc feature "default" (*)
│   │   │   │   │   │               └── option-ext feature "default"
│   │   │   │   │   │                   └── option-ext v0.2.0
│   │   │   │   │   ├── dpi feature "default" (*)
│   │   │   │   │   ├── objc2 feature "default" (*)
│   │   │   │   │   ├── objc2 feature "disable-encoding-assertions"
│   │   │   │   │   │   └── objc2 v0.6.4 (*)
│   │   │   │   │   ├── objc2 feature "exception"
│   │   │   │   │   │   └── objc2 v0.6.4 (*)
│   │   │   │   │   ├── objc2-app-kit feature "NSApplication" (*)
│   │   │   │   │   ├── objc2-app-kit feature "NSButton" (*)
│   │   │   │   │   ├── objc2-app-kit feature "NSControl" (*)
│   │   │   │   │   ├── objc2-app-kit feature "NSEvent" (*)
│   │   │   │   │   ├── objc2-app-kit feature "NSGraphics" (*)
│   │   │   │   │   ├── objc2-app-kit feature "NSMenu"
│   │   │   │   │   │   ├── objc2-app-kit v0.3.2 (*)
│   │   │   │   │   │   ├── objc2-app-kit feature "bitflags" (*)
│   │   │   │   │   │   ├── objc2-foundation feature "NSArray" (*)
│   │   │   │   │   │   ├── objc2-foundation feature "NSCoder" (*)
│   │   │   │   │   │   ├── objc2-foundation feature "NSGeometry" (*)
│   │   │   │   │   │   ├── objc2-foundation feature "NSNotification" (*)
│   │   │   │   │   │   ├── objc2-foundation feature "NSObject" (*)
│   │   │   │   │   │   ├── objc2-foundation feature "NSString" (*)
│   │   │   │   │   │   ├── objc2-foundation feature "NSZone"
│   │   │   │   │   │   │   └── objc2-foundation v0.3.2 (*)
│   │   │   │   │   │   └── objc2-foundation feature "objc2-core-foundation" (*)
│   │   │   │   │   ├── objc2-app-kit feature "NSOpenPanel"
│   │   │   │   │   │   ├── objc2-app-kit v0.3.2 (*)
│   │   │   │   │   │   ├── objc2-foundation feature "NSArray" (*)
│   │   │   │   │   │   ├── objc2-foundation feature "NSCoder" (*)
│   │   │   │   │   │   ├── objc2-foundation feature "NSGeometry" (*)
│   │   │   │   │   │   ├── objc2-foundation feature "NSObject" (*)
│   │   │   │   │   │   ├── objc2-foundation feature "NSString" (*)
│   │   │   │   │   │   ├── objc2-foundation feature "NSURL" (*)
│   │   │   │   │   │   └── objc2-foundation feature "objc2-core-foundation" (*)
│   │   │   │   │   ├── objc2-app-kit feature "NSPanel"
│   │   │   │   │   │   ├── objc2-app-kit v0.3.2 (*)
│   │   │   │   │   │   ├── objc2-foundation feature "NSCoder" (*)
│   │   │   │   │   │   ├── objc2-foundation feature "NSGeometry" (*)
│   │   │   │   │   │   ├── objc2-foundation feature "NSObject" (*)
│   │   │   │   │   │   └── objc2-foundation feature "objc2-core-foundation" (*)
│   │   │   │   │   ├── objc2-app-kit feature "NSPasteboard" (*)
│   │   │   │   │   ├── objc2-app-kit feature "NSResponder" (*)
│   │   │   │   │   ├── objc2-app-kit feature "NSSavePanel"
│   │   │   │   │   │   ├── objc2-app-kit v0.3.2 (*)
│   │   │   │   │   │   ├── objc2-foundation feature "NSArray" (*)
│   │   │   │   │   │   ├── objc2-foundation feature "NSCoder" (*)
│   │   │   │   │   │   ├── objc2-foundation feature "NSError" (*)
│   │   │   │   │   │   ├── objc2-foundation feature "NSGeometry" (*)
│   │   │   │   │   │   ├── objc2-foundation feature "NSObject" (*)
│   │   │   │   │   │   ├── objc2-foundation feature "NSString" (*)
│   │   │   │   │   │   ├── objc2-foundation feature "NSURL" (*)
│   │   │   │   │   │   └── objc2-foundation feature "objc2-core-foundation" (*)
│   │   │   │   │   ├── objc2-app-kit feature "NSScreen" (*)
│   │   │   │   │   ├── objc2-app-kit feature "NSView" (*)
│   │   │   │   │   ├── objc2-app-kit feature "NSWindow" (*)
│   │   │   │   │   ├── objc2-app-kit feature "objc2-core-foundation" (*)
│   │   │   │   │   ├── objc2-app-kit feature "std" (*)
│   │   │   │   │   ├── block2 feature "default" (*)
│   │   │   │   │   ├── objc2-core-foundation feature "CFCGTypes" (*)
│   │   │   │   │   ├── objc2-core-foundation feature "std"
│   │   │   │   │   │   ├── objc2-core-foundation v0.3.2 (*)
│   │   │   │   │   │   └── objc2-core-foundation feature "alloc"
│   │   │   │   │   │       └── objc2-core-foundation v0.3.2 (*)
│   │   │   │   │   ├── objc2-foundation feature "NSBundle" (*)
│   │   │   │   │   ├── objc2-foundation feature "NSData" (*)
│   │   │   │   │   ├── objc2-foundation feature "NSDate" (*)
│   │   │   │   │   ├── objc2-foundation feature "NSDictionary" (*)
│   │   │   │   │   ├── objc2-foundation feature "NSEnumerator" (*)
│   │   │   │   │   ├── objc2-foundation feature "NSJSONSerialization"
│   │   │   │   │   │   ├── objc2-foundation v0.3.2 (*)
│   │   │   │   │   │   └── objc2-foundation feature "bitflags" (*)
│   │   │   │   │   ├── objc2-foundation feature "NSKeyValueCoding"
│   │   │   │   │   │   └── objc2-foundation v0.3.2 (*)
│   │   │   │   │   ├── objc2-foundation feature "NSKeyValueObserving"
│   │   │   │   │   │   ├── objc2-foundation v0.3.2 (*)
│   │   │   │   │   │   └── objc2-foundation feature "bitflags" (*)
│   │   │   │   │   ├── objc2-foundation feature "NSObject" (*)
│   │   │   │   │   ├── objc2-foundation feature "NSProcessInfo"
│   │   │   │   │   │   ├── objc2-foundation v0.3.2 (*)
│   │   │   │   │   │   └── objc2-foundation feature "bitflags" (*)
│   │   │   │   │   ├── objc2-foundation feature "NSRange" (*)
│   │   │   │   │   ├── objc2-foundation feature "NSRunLoop"
│   │   │   │   │   │   └── objc2-foundation v0.3.2 (*)
│   │   │   │   │   ├── objc2-foundation feature "NSStream"
│   │   │   │   │   │   ├── objc2-foundation v0.3.2 (*)
│   │   │   │   │   │   └── objc2-foundation feature "bitflags" (*)
│   │   │   │   │   ├── objc2-foundation feature "NSString" (*)
│   │   │   │   │   ├── objc2-foundation feature "NSThread" (*)
│   │   │   │   │   ├── objc2-foundation feature "NSURL" (*)
│   │   │   │   │   ├── objc2-foundation feature "NSURLRequest" (*)
│   │   │   │   │   ├── objc2-foundation feature "NSValue" (*)
│   │   │   │   │   ├── objc2-foundation feature "objc2-core-foundation" (*)
│   │   │   │   │   ├── objc2-foundation feature "std" (*)
│   │   │   │   │   ├── thiserror feature "default" (*)
│   │   │   │   │   ├── objc2-web-kit feature "WKDownload"
│   │   │   │   │   │   ├── objc2-web-kit v0.3.2 (*)
│   │   │   │   │   │   ├── objc2-foundation feature "NSData" (*)
│   │   │   │   │   │   ├── objc2-foundation feature "NSProgress"
│   │   │   │   │   │   │   └── objc2-foundation v0.3.2 (*)
│   │   │   │   │   │   └── objc2-foundation feature "NSURLRequest" (*)
│   │   │   │   │   ├── objc2-web-kit feature "WKDownloadDelegate"
│   │   │   │   │   │   ├── objc2-web-kit v0.3.2 (*)
│   │   │   │   │   │   ├── objc2-foundation feature "NSData" (*)
│   │   │   │   │   │   ├── objc2-foundation feature "NSError" (*)
│   │   │   │   │   │   ├── objc2-foundation feature "NSString" (*)
│   │   │   │   │   │   ├── objc2-foundation feature "NSURL" (*)
│   │   │   │   │   │   ├── objc2-foundation feature "NSURLAuthenticationChallenge"
│   │   │   │   │   │   │   └── objc2-foundation v0.3.2 (*)
│   │   │   │   │   │   ├── objc2-foundation feature "NSURLCredential"
│   │   │   │   │   │   │   └── objc2-foundation v0.3.2 (*)
│   │   │   │   │   │   ├── objc2-foundation feature "NSURLRequest" (*)
│   │   │   │   │   │   ├── objc2-foundation feature "NSURLResponse" (*)
│   │   │   │   │   │   └── objc2-foundation feature "NSURLSession"
│   │   │   │   │   │       └── objc2-foundation v0.3.2 (*)
│   │   │   │   │   ├── objc2-web-kit feature "WKFrameInfo"
│   │   │   │   │   │   ├── objc2-web-kit v0.3.2 (*)
│   │   │   │   │   │   ├── objc2-foundation feature "NSObject" (*)
│   │   │   │   │   │   └── objc2-foundation feature "NSURLRequest" (*)
│   │   │   │   │   ├── objc2-web-kit feature "WKHTTPCookieStore"
│   │   │   │   │   │   ├── objc2-web-kit v0.3.2 (*)
│   │   │   │   │   │   ├── objc2-foundation feature "NSArray" (*)
│   │   │   │   │   │   └── objc2-foundation feature "NSHTTPCookie"
│   │   │   │   │   │       └── objc2-foundation v0.3.2 (*)
│   │   │   │   │   ├── objc2-web-kit feature "WKNavigation"
│   │   │   │   │   │   └── objc2-web-kit v0.3.2 (*)
│   │   │   │   │   ├── objc2-web-kit feature "WKNavigationAction"
│   │   │   │   │   │   ├── objc2-web-kit v0.3.2 (*)
│   │   │   │   │   │   └── objc2-foundation feature "NSURLRequest" (*)
│   │   │   │   │   ├── objc2-web-kit feature "WKNavigationDelegate"
│   │   │   │   │   │   ├── objc2-web-kit v0.3.2 (*)
│   │   │   │   │   │   ├── objc2-foundation feature "NSError" (*)
│   │   │   │   │   │   ├── objc2-foundation feature "NSURLAuthenticationChallenge" (*)
│   │   │   │   │   │   ├── objc2-foundation feature "NSURLCredential" (*)
│   │   │   │   │   │   └── objc2-foundation feature "NSURLSession" (*)
│   │   │   │   │   ├── objc2-web-kit feature "WKNavigationResponse"
│   │   │   │   │   │   ├── objc2-web-kit v0.3.2 (*)
│   │   │   │   │   │   └── objc2-foundation feature "NSURLResponse" (*)
│   │   │   │   │   ├── objc2-web-kit feature "WKOpenPanelParameters"
│   │   │   │   │   │   └── objc2-web-kit v0.3.2 (*)
│   │   │   │   │   ├── objc2-web-kit feature "WKPreferences"
│   │   │   │   │   │   ├── objc2-web-kit v0.3.2 (*)
│   │   │   │   │   │   └── objc2-foundation feature "NSObject" (*)
│   │   │   │   │   ├── objc2-web-kit feature "WKScriptMessage"
│   │   │   │   │   │   ├── objc2-web-kit v0.3.2 (*)
│   │   │   │   │   │   └── objc2-foundation feature "NSString" (*)
│   │   │   │   │   ├── objc2-web-kit feature "WKScriptMessageHandler"
│   │   │   │   │   │   └── objc2-web-kit v0.3.2 (*)
│   │   │   │   │   ├── objc2-web-kit feature "WKSecurityOrigin"
│   │   │   │   │   │   ├── objc2-web-kit v0.3.2 (*)
│   │   │   │   │   │   └── objc2-foundation feature "NSString" (*)
│   │   │   │   │   ├── objc2-web-kit feature "WKUIDelegate"
│   │   │   │   │   │   ├── objc2-web-kit v0.3.2 (*)
│   │   │   │   │   │   ├── objc2-foundation feature "NSArray" (*)
│   │   │   │   │   │   ├── objc2-foundation feature "NSString" (*)
│   │   │   │   │   │   └── objc2-foundation feature "NSURL" (*)
│   │   │   │   │   ├── objc2-web-kit feature "WKURLSchemeHandler"
│   │   │   │   │   │   └── objc2-web-kit v0.3.2 (*)
│   │   │   │   │   ├── objc2-web-kit feature "WKURLSchemeTask"
│   │   │   │   │   │   ├── objc2-web-kit v0.3.2 (*)
│   │   │   │   │   │   ├── objc2-foundation feature "NSData" (*)
│   │   │   │   │   │   ├── objc2-foundation feature "NSError" (*)
│   │   │   │   │   │   ├── objc2-foundation feature "NSURLRequest" (*)
│   │   │   │   │   │   └── objc2-foundation feature "NSURLResponse" (*)
│   │   │   │   │   ├── objc2-web-kit feature "WKUserContentController"
│   │   │   │   │   │   ├── objc2-web-kit v0.3.2 (*)
│   │   │   │   │   │   ├── objc2-foundation feature "NSArray" (*)
│   │   │   │   │   │   ├── objc2-foundation feature "NSObject" (*)
│   │   │   │   │   │   └── objc2-foundation feature "NSString" (*)
│   │   │   │   │   ├── objc2-web-kit feature "WKUserScript"
│   │   │   │   │   │   ├── objc2-web-kit v0.3.2 (*)
│   │   │   │   │   │   ├── objc2-foundation feature "NSObject" (*)
│   │   │   │   │   │   └── objc2-foundation feature "NSString" (*)
│   │   │   │   │   ├── objc2-web-kit feature "WKWebView" (*)
│   │   │   │   │   ├── objc2-web-kit feature "WKWebViewConfiguration" (*)
│   │   │   │   │   ├── objc2-web-kit feature "WKWebpagePreferences"
│   │   │   │   │   │   └── objc2-web-kit v0.3.2 (*)
│   │   │   │   │   ├── objc2-web-kit feature "WKWebsiteDataStore"
│   │   │   │   │   │   ├── objc2-web-kit v0.3.2 (*)
│   │   │   │   │   │   ├── objc2-foundation feature "NSArray" (*)
│   │   │   │   │   │   ├── objc2-foundation feature "NSData" (*)
│   │   │   │   │   │   ├── objc2-foundation feature "NSDate" (*)
│   │   │   │   │   │   ├── objc2-foundation feature "NSError" (*)
│   │   │   │   │   │   ├── objc2-foundation feature "NSObject" (*)
│   │   │   │   │   │   ├── objc2-foundation feature "NSSet" (*)
│   │   │   │   │   │   ├── objc2-foundation feature "NSString" (*)
│   │   │   │   │   │   └── objc2-foundation feature "NSUUID"
│   │   │   │   │   │       └── objc2-foundation v0.3.2 (*)
│   │   │   │   │   ├── objc2-web-kit feature "WKWindowFeatures"
│   │   │   │   │   │   ├── objc2-web-kit v0.3.2 (*)
│   │   │   │   │   │   └── objc2-foundation feature "NSValue" (*)
│   │   │   │   │   ├── objc2-web-kit feature "block2"
│   │   │   │   │   │   └── objc2-web-kit v0.3.2 (*)
│   │   │   │   │   ├── objc2-web-kit feature "objc2-app-kit" (*)
│   │   │   │   │   ├── objc2-web-kit feature "objc2-core-foundation"
│   │   │   │   │   │   └── objc2-web-kit v0.3.2 (*)
│   │   │   │   │   ├── objc2-web-kit feature "std"
│   │   │   │   │   │   ├── objc2-web-kit v0.3.2 (*)
│   │   │   │   │   │   └── objc2-web-kit feature "alloc"
│   │   │   │   │   │       └── objc2-web-kit v0.3.2 (*)
│   │   │   │   │   ├── raw-window-handle feature "default" (*)
│   │   │   │   │   └── raw-window-handle feature "std" (*)
│   │   │   │   └── wry feature "os-webview"
│   │   │   │       ├── wry v0.55.1 (*)
│   │   │   │       ├── wry feature "javascriptcore-rs"
│   │   │   │       │   └── wry v0.55.1 (*)
│   │   │   │       ├── wry feature "soup3"
│   │   │   │       │   └── wry v0.55.1 (*)
│   │   │   │       ├── wry feature "webkit2gtk"
│   │   │   │       │   └── wry v0.55.1 (*)
│   │   │   │       └── wry feature "webkit2gtk-sys"
│   │   │   │           └── wry v0.55.1 (*)
│   │   │   ├── wry feature "os-webview" (*)
│   │   │   └── wry feature "protocol"
│   │   │       └── wry v0.55.1 (*)
│   │   ├── http feature "default" (*)
│   │   ├── tokio feature "default" (*)
│   │   ├── tokio feature "fs"
│   │   │   └── tokio v1.53.1 (*)
│   │   ├── tokio feature "io-util" (*)
│   │   ├── tokio feature "rt" (*)
│   │   ├── tokio feature "rt-multi-thread"
│   │   │   ├── tokio v1.53.1 (*)
│   │   │   └── tokio feature "rt" (*)
│   │   ├── tokio feature "sync" (*)
│   │   ├── percent-encoding feature "default" (*)
│   │   ├── log feature "default" (*)
│   │   ├── serde feature "default" (*)
│   │   ├── serde feature "derive" (*)
│   │   ├── serde feature "rc"
│   │   │   ├── serde v1.0.229 (*)
│   │   │   └── serde_core feature "rc"
│   │   │       └── serde_core v1.0.229
│   │   ├── serde_json feature "default" (*)
│   │   ├── serde_json feature "raw_value"
│   │   │   └── serde_json v1.0.151 (*)
│   │   ├── url feature "default" (*)
│   │   ├── anyhow feature "default" (*)
│   │   ├── cookie feature "default" (*)
│   │   ├── dirs feature "default" (*)
│   │   ├── dunce feature "default" (*)
│   │   ├── embed_plist feature "default"
│   │   │   └── embed_plist v1.2.2
│   │   ├── getrandom feature "default"
│   │   │   └── getrandom v0.3.4
│   │   │       ├── libc v0.2.189
│   │   │       └── cfg-if feature "default" (*)
│   │   ├── glob feature "default" (*)
│   │   ├── heck feature "default"
│   │   │   └── heck v0.5.0
│   │   ├── mime feature "default"
│   │   │   └── mime v0.3.17
│   │   ├── muda feature "gtk"
│   │   │   └── muda v0.19.3
│   │   │       ├── once_cell feature "default" (*)
│   │   │       ├── serde feature "default" (*)
│   │   │       ├── crossbeam-channel feature "default" (*)
│   │   │       ├── dpi feature "default" (*)
│   │   │       ├── keyboard-types feature "default"
│   │   │       │   ├── keyboard-types v0.7.0
│   │   │       │   │   ├── serde feature "default" (*)
│   │   │       │   │   ├── serde feature "derive" (*)
│   │   │       │   │   ├── bitflags feature "default" (*)
│   │   │       │   │   └── unicode-segmentation feature "default"
│   │   │       │   │       └── unicode-segmentation v1.13.3
│   │   │       │   ├── keyboard-types feature "serde"
│   │   │       │   │   ├── keyboard-types v0.7.0 (*)
│   │   │       │   │   └── bitflags feature "serde"
│   │   │       │   │       ├── bitflags v2.13.1 (*)
│   │   │       │   │       └── bitflags feature "serde_core"
│   │   │       │   │           └── bitflags v2.13.1 (*)
│   │   │       │   └── keyboard-types feature "webdriver"
│   │   │       │       ├── keyboard-types v0.7.0 (*)
│   │   │       │       └── keyboard-types feature "unicode-segmentation"
│   │   │       │           └── keyboard-types v0.7.0 (*)
│   │   │       ├── objc2 feature "default" (*)
│   │   │       ├── objc2-app-kit feature "NSApplication" (*)
│   │   │       ├── objc2-app-kit feature "NSCell"
│   │   │       │   ├── objc2-app-kit v0.3.2 (*)
│   │   │       │   ├── objc2-app-kit feature "bitflags" (*)
│   │   │       │   ├── objc2-foundation feature "NSArray" (*)
│   │   │       │   ├── objc2-foundation feature "NSAttributedString" (*)
│   │   │       │   ├── objc2-foundation feature "NSCoder" (*)
│   │   │       │   ├── objc2-foundation feature "NSFormatter" (*)
│   │   │       │   ├── objc2-foundation feature "NSGeometry" (*)
│   │   │       │   ├── objc2-foundation feature "NSNotification" (*)
│   │   │       │   ├── objc2-foundation feature "NSObjCRuntime" (*)
│   │   │       │   ├── objc2-foundation feature "NSObject" (*)
│   │   │       │   ├── objc2-foundation feature "NSString" (*)
│   │   │       │   └── objc2-foundation feature "objc2-core-foundation" (*)
│   │   │       ├── objc2-app-kit feature "NSEvent" (*)
│   │   │       ├── objc2-app-kit feature "NSImage" (*)
│   │   │       ├── objc2-app-kit feature "NSMenu" (*)
│   │   │       ├── objc2-app-kit feature "NSMenuItem" (*)
│   │   │       ├── objc2-app-kit feature "NSResponder" (*)
│   │   │       ├── objc2-app-kit feature "NSRunningApplication" (*)
│   │   │       ├── objc2-app-kit feature "NSView" (*)
│   │   │       ├── objc2-app-kit feature "NSWindow" (*)
│   │   │       ├── objc2-app-kit feature "objc2-core-foundation" (*)
│   │   │       ├── objc2-app-kit feature "std" (*)
│   │   │       ├── objc2-core-foundation feature "CFCGTypes" (*)
│   │   │       ├── objc2-core-foundation feature "std" (*)
│   │   │       ├── objc2-foundation feature "NSAttributedString" (*)
│   │   │       ├── objc2-foundation feature "NSData" (*)
│   │   │       ├── objc2-foundation feature "NSDictionary" (*)
│   │   │       ├── objc2-foundation feature "NSGeometry" (*)
│   │   │       ├── objc2-foundation feature "NSString" (*)
│   │   │       ├── objc2-foundation feature "NSThread" (*)
│   │   │       ├── objc2-foundation feature "std" (*)
│   │   │       ├── png feature "default"
│   │   │       │   └── png v0.18.1
│   │   │       │       ├── bitflags feature "default" (*)
│   │   │       │       ├── crc32fast feature "default"
│   │   │       │       │   ├── crc32fast v1.5.1
│   │   │       │       │   │   └── cfg-if feature "default" (*)
│   │   │       │       │   └── crc32fast feature "std"
│   │   │       │       │       └── crc32fast v1.5.1 (*)
│   │   │       │       ├── fdeflate feature "default"
│   │   │       │       │   └── fdeflate v0.3.7
│   │   │       │       │       └── simd-adler32 feature "default"
│   │   │       │       │           ├── simd-adler32 v0.3.10
│   │   │       │       │           ├── simd-adler32 feature "const-generics"
│   │   │       │       │           │   └── simd-adler32 v0.3.10
│   │   │       │       │           └── simd-adler32 feature "std"
│   │   │       │       │               └── simd-adler32 v0.3.10
│   │   │       │       ├── flate2 feature "default"
│   │   │       │       │   ├── flate2 v1.1.10
│   │   │       │       │   │   ├── crc32fast v1.5.1 (*)
│   │   │       │       │   │   ├── miniz_oxide feature "default"
│   │   │       │       │   │   │   ├── miniz_oxide v0.9.1
│   │   │       │       │   │   │   │   ├── adler2 v2.0.1
│   │   │       │       │   │   │   │   └── simd-adler32 v0.3.10
│   │   │       │       │   │   │   └── miniz_oxide feature "with-alloc"
│   │   │       │       │   │   │       └── miniz_oxide v0.9.1 (*)
│   │   │       │       │   │   └── miniz_oxide feature "simd"
│   │   │       │       │   │       ├── miniz_oxide v0.9.1 (*)
│   │   │       │       │   │       └── miniz_oxide feature "simd-adler32"
│   │   │       │       │   │           └── miniz_oxide v0.9.1 (*)
│   │   │       │       │   ├── flate2 feature "runtime_detection"
│   │   │       │       │   │   ├── flate2 v1.1.10 (*)
│   │   │       │       │   │   └── crc32fast feature "std" (*)
│   │   │       │       │   └── flate2 feature "rust_backend"
│   │   │       │       │       ├── flate2 v1.1.10 (*)
│   │   │       │       │       ├── flate2 feature "any_impl"
│   │   │       │       │       │   └── flate2 v1.1.10 (*)
│   │   │       │       │       └── flate2 feature "miniz_oxide"
│   │   │       │       │           ├── flate2 v1.1.10 (*)
│   │   │       │       │           └── flate2 feature "any_impl" (*)
│   │   │       │       ├── miniz_oxide feature "default"
│   │   │       │       │   ├── miniz_oxide v0.8.9
│   │   │       │       │   │   ├── adler2 v2.0.1
│   │   │       │       │   │   └── simd-adler32 v0.3.10
│   │   │       │       │   └── miniz_oxide feature "with-alloc"
│   │   │       │       │       └── miniz_oxide v0.8.9 (*)
│   │   │       │       └── miniz_oxide feature "simd"
│   │   │       │           ├── miniz_oxide v0.8.9 (*)
│   │   │       │           └── miniz_oxide feature "simd-adler32"
│   │   │       │               └── miniz_oxide v0.8.9 (*)
│   │   │       └── thiserror feature "default" (*)
│   │   ├── muda feature "serde"
│   │   │   ├── muda v0.19.3 (*)
│   │   │   ├── dpi feature "serde" (*)
│   │   │   └── keyboard-types feature "serde" (*)
│   │   ├── objc2 feature "default" (*)
│   │   ├── objc2-app-kit feature "NSApplication" (*)
│   │   ├── objc2-app-kit feature "NSColor" (*)
│   │   ├── objc2-app-kit feature "NSImage" (*)
│   │   ├── objc2-app-kit feature "NSResponder" (*)
│   │   ├── objc2-app-kit feature "NSView" (*)
│   │   ├── objc2-app-kit feature "NSWindow" (*)
│   │   ├── objc2-app-kit feature "std" (*)
│   │   ├── objc2-foundation feature "NSData" (*)
│   │   ├── objc2-foundation feature "NSThread" (*)
│   │   ├── objc2-foundation feature "std" (*)
│   │   ├── thiserror feature "default" (*)
│   │   ├── objc2-web-kit feature "WKUserContentController" (*)
│   │   ├── objc2-web-kit feature "WKWebView" (*)
│   │   ├── objc2-web-kit feature "WKWebViewConfiguration" (*)
│   │   ├── objc2-web-kit feature "objc2-app-kit" (*)
│   │   ├── plist feature "default" (*)
│   │   ├── raw-window-handle feature "default" (*)
│   │   ├── raw-window-handle feature "std" (*)
│   │   ├── serde_repr feature "default"
│   │   │   └── serde_repr v0.1.21 (proc-macro)
│   │   │       ├── proc-macro2 feature "default" (*)
│   │   │       ├── quote feature "default" (*)
│   │   │       └── syn feature "default" (*)
│   │   ├── serialize-to-javascript feature "default"
│   │   │   └── serialize-to-javascript v0.1.2
│   │   │       ├── serde feature "default" (*)
│   │   │       ├── serde feature "derive" (*)
│   │   │       ├── serde_json feature "default" (*)
│   │   │       ├── serde_json feature "raw_value" (*)
│   │   │       └── serialize-to-javascript-impl feature "default"
│   │   │           └── serialize-to-javascript-impl v0.1.2 (proc-macro)
│   │   │               ├── proc-macro2 feature "default" (*)
│   │   │               ├── quote feature "default" (*)
│   │   │               └── syn feature "default" (*)
│   │   ├── tauri-macros feature "default"
│   │   │   └── tauri-macros v2.6.3 (proc-macro)
│   │   │       ├── tauri-codegen v2.6.3
│   │   │       │   ├── proc-macro2 feature "default" (*)
│   │   │       │   ├── quote feature "default" (*)
│   │   │       │   ├── syn feature "default" (*)
│   │   │       │   ├── serde feature "default"
│   │   │       │   │   ├── serde v1.0.229
│   │   │       │   │   │   ├── serde_derive feature "default" (*)
│   │   │       │   │   │   └── serde_core feature "result"
│   │   │       │   │   │       └── serde_core v1.0.229
│   │   │       │   │   └── serde feature "std"
│   │   │       │   │       ├── serde v1.0.229 (*)
│   │   │       │   │       └── serde_core feature "std"
│   │   │       │   │           └── serde_core v1.0.229
│   │   │       │   ├── serde feature "derive"
│   │   │       │   │   ├── serde v1.0.229 (*)
│   │   │       │   │   └── serde feature "serde_derive"
│   │   │       │   │       └── serde v1.0.229 (*)
│   │   │       │   ├── json-patch feature "default"
│   │   │       │   │   ├── json-patch v3.0.1
│   │   │       │   │   │   ├── serde feature "default" (*)
│   │   │       │   │   │   ├── serde feature "derive" (*)
│   │   │       │   │   │   ├── jsonptr feature "default"
│   │   │       │   │   │   │   ├── jsonptr v0.6.3
│   │   │       │   │   │   │   │   ├── serde feature "alloc"
│   │   │       │   │   │   │   │   │   ├── serde v1.0.229 (*)
│   │   │       │   │   │   │   │   │   └── serde_core feature "alloc"
│   │   │       │   │   │   │   │   │       └── serde_core v1.0.229
│   │   │       │   │   │   │   │   ├── serde feature "default" (*)
│   │   │       │   │   │   │   │   ├── serde_json feature "alloc"
│   │   │       │   │   │   │   │   │   ├── serde_json v1.0.151
│   │   │       │   │   │   │   │   │   │   ├── memchr v2.8.3
│   │   │       │   │   │   │   │   │   │   ├── serde_core v1.0.229
│   │   │       │   │   │   │   │   │   │   ├── itoa feature "default"
│   │   │       │   │   │   │   │   │   │   │   └── itoa v1.0.18
│   │   │       │   │   │   │   │   │   │   └── zmij feature "default"
│   │   │       │   │   │   │   │   │   │       └── zmij v1.0.23
│   │   │       │   │   │   │   │   │   └── serde_core feature "alloc" (*)
│   │   │       │   │   │   │   │   └── serde_json feature "default"
│   │   │       │   │   │   │   │       ├── serde_json v1.0.151 (*)
│   │   │       │   │   │   │   │       └── serde_json feature "std"
│   │   │       │   │   │   │   │           ├── serde_json v1.0.151 (*)
│   │   │       │   │   │   │   │           ├── serde_core feature "std" (*)
│   │   │       │   │   │   │   │           └── memchr feature "std"
│   │   │       │   │   │   │   │               ├── memchr v2.8.3
│   │   │       │   │   │   │   │               └── memchr feature "alloc"
│   │   │       │   │   │   │   │                   └── memchr v2.8.3
│   │   │       │   │   │   │   ├── jsonptr feature "assign"
│   │   │       │   │   │   │   │   └── jsonptr v0.6.3 (*)
│   │   │       │   │   │   │   ├── jsonptr feature "delete"
│   │   │       │   │   │   │   │   ├── jsonptr v0.6.3 (*)
│   │   │       │   │   │   │   │   └── jsonptr feature "resolve"
│   │   │       │   │   │   │   │       └── jsonptr v0.6.3 (*)
│   │   │       │   │   │   │   ├── jsonptr feature "json"
│   │   │       │   │   │   │   │   ├── jsonptr v0.6.3 (*)
│   │   │       │   │   │   │   │   └── jsonptr feature "serde"
│   │   │       │   │   │   │   │       └── jsonptr v0.6.3 (*)
│   │   │       │   │   │   │   ├── jsonptr feature "resolve" (*)
│   │   │       │   │   │   │   ├── jsonptr feature "serde" (*)
│   │   │       │   │   │   │   └── jsonptr feature "std"
│   │   │       │   │   │   │       ├── jsonptr v0.6.3 (*)
│   │   │       │   │   │   │       ├── serde feature "std" (*)
│   │   │       │   │   │   │       ├── jsonptr feature "serde" (*)
│   │   │       │   │   │   │       └── serde_json feature "std" (*)
│   │   │       │   │   │   ├── serde_json feature "default" (*)
│   │   │       │   │   │   └── thiserror feature "default"
│   │   │       │   │   │       └── thiserror v1.0.69
│   │   │       │   │   │           └── thiserror-impl feature "default" (*)
│   │   │       │   │   └── json-patch feature "diff"
│   │   │       │   │       └── json-patch v3.0.1 (*)
│   │   │       │   ├── serde_json feature "default" (*)
│   │   │       │   ├── url feature "default"
│   │   │       │   │   ├── url v2.5.8
│   │   │       │   │   │   ├── serde v1.0.229 (*)
│   │   │       │   │   │   ├── serde_derive v1.0.229 (proc-macro) (*)
│   │   │       │   │   │   ├── form_urlencoded feature "alloc"
│   │   │       │   │   │   │   ├── form_urlencoded v1.2.2
│   │   │       │   │   │   │   │   └── percent-encoding v2.3.2
│   │   │       │   │   │   │   └── percent-encoding feature "alloc"
│   │   │       │   │   │   │       └── percent-encoding v2.3.2
│   │   │       │   │   │   ├── percent-encoding feature "alloc" (*)
│   │   │       │   │   │   ├── idna feature "alloc"
│   │   │       │   │   │   │   └── idna v1.1.0
│   │   │       │   │   │   │       ├── idna_adapter feature "default"
│   │   │       │   │   │   │       │   └── idna_adapter v1.2.2
│   │   │       │   │   │   │       │       ├── icu_normalizer v2.3.0
│   │   │       │   │   │   │       │       │   ├── icu_collections v2.3.0
│   │   │       │   │   │   │       │       │   │   ├── displaydoc v0.2.7 (proc-macro) (*)
│   │   │       │   │   │   │       │       │   │   ├── utf8_iter v1.0.4
│   │   │       │   │   │   │       │       │   │   ├── potential_utf feature "zerovec"
│   │   │       │   │   │   │       │       │   │   │   └── potential_utf v0.1.6
│   │   │       │   │   │   │       │       │   │   │       └── zerovec v0.11.8
│   │   │       │   │   │   │       │       │   │   │           ├── yoke v0.8.3
│   │   │       │   │   │   │       │       │   │   │           │   ├── stable_deref_trait v1.2.1
│   │   │       │   │   │   │       │       │   │   │           │   ├── yoke-derive v0.8.2 (proc-macro) (*)
│   │   │       │   │   │   │       │       │   │   │           │   └── zerofrom v0.1.8
│   │   │       │   │   │   │       │       │   │   │           │       └── zerofrom-derive v0.1.7 (proc-macro) (*)
│   │   │       │   │   │   │       │       │   │   │           ├── zerofrom v0.1.8 (*)
│   │   │       │   │   │   │       │       │   │   │           └── zerovec-derive v0.11.6 (proc-macro) (*)
│   │   │       │   │   │   │       │       │   │   ├── zerovec feature "derive"
│   │   │       │   │   │   │       │       │   │   │   └── zerovec v0.11.8 (*)
│   │   │       │   │   │   │       │       │   │   ├── zerovec feature "yoke"
│   │   │       │   │   │   │       │       │   │   │   └── zerovec v0.11.8 (*)
│   │   │       │   │   │   │       │       │   │   ├── yoke feature "derive"
│   │   │       │   │   │   │       │       │   │   │   ├── yoke v0.8.3 (*)
│   │   │       │   │   │   │       │       │   │   │   ├── yoke feature "zerofrom"
│   │   │       │   │   │   │       │       │   │   │   │   └── yoke v0.8.3 (*)
│   │   │       │   │   │   │       │       │   │   │   └── zerofrom feature "derive"
│   │   │       │   │   │   │       │       │   │   │       └── zerofrom v0.1.8 (*)
│   │   │       │   │   │   │       │       │   │   └── zerofrom feature "derive" (*)
│   │   │       │   │   │   │       │       │   ├── icu_normalizer_data v2.3.0
│   │   │       │   │   │   │       │       │   ├── icu_provider v2.3.1
│   │   │       │   │   │   │       │       │   │   ├── displaydoc v0.2.7 (proc-macro) (*)
│   │   │       │   │   │   │       │       │   │   ├── icu_locale_core v2.3.0
│   │   │       │   │   │   │       │       │   │   │   ├── displaydoc v0.2.7 (proc-macro) (*)
│   │   │       │   │   │   │       │       │   │   │   ├── litemap v0.8.3
│   │   │       │   │   │   │       │       │   │   │   ├── tinystr v0.8.4
│   │   │       │   │   │   │       │       │   │   │   │   ├── displaydoc v0.2.7 (proc-macro) (*)
│   │   │       │   │   │   │       │       │   │   │   │   └── zerovec v0.11.8 (*)
│   │   │       │   │   │   │       │       │   │   │   ├── writeable v0.6.4
│   │   │       │   │   │   │       │       │   │   │   └── zerovec v0.11.8 (*)
│   │   │       │   │   │   │       │       │   │   ├── writeable v0.6.4
│   │   │       │   │   │   │       │       │   │   ├── zerotrie v0.2.5
│   │   │       │   │   │   │       │       │   │   │   ├── displaydoc v0.2.7 (proc-macro) (*)
│   │   │       │   │   │   │       │       │   │   │   ├── zerofrom v0.1.8 (*)
│   │   │       │   │   │   │       │       │   │   │   └── yoke feature "derive" (*)
│   │   │       │   │   │   │       │       │   │   ├── zerovec feature "derive" (*)
│   │   │       │   │   │   │       │       │   │   ├── yoke feature "derive" (*)
│   │   │       │   │   │   │       │       │   │   └── zerofrom feature "derive" (*)
│   │   │       │   │   │   │       │       │   ├── smallvec v1.16.0
│   │   │       │   │   │   │       │       │   └── zerovec v0.11.8 (*)
│   │   │       │   │   │   │       │       └── icu_properties v2.3.0
│   │   │       │   │   │   │       │           ├── displaydoc v0.2.7 (proc-macro) (*)
│   │   │       │   │   │   │       │           ├── icu_collections v2.3.0 (*)
│   │   │       │   │   │   │       │           ├── icu_properties_data v2.3.0
│   │   │       │   │   │   │       │           ├── icu_provider v2.3.1 (*)
│   │   │       │   │   │   │       │           ├── zerovec feature "derive" (*)
│   │   │       │   │   │   │       │           ├── zerovec feature "yoke" (*)
│   │   │       │   │   │   │       │           ├── icu_locale_core feature "zerovec"
│   │   │       │   │   │   │       │           │   ├── icu_locale_core v2.3.0 (*)
│   │   │       │   │   │   │       │           │   └── tinystr feature "zerovec"
│   │   │       │   │   │   │       │           │       └── tinystr v0.8.4 (*)
│   │   │       │   │   │   │       │           ├── zerotrie feature "yoke"
│   │   │       │   │   │   │       │           │   └── zerotrie v0.2.5 (*)
│   │   │       │   │   │   │       │           └── zerotrie feature "zerofrom"
│   │   │       │   │   │   │       │               └── zerotrie v0.2.5 (*)
│   │   │       │   │   │   │       ├── utf8_iter feature "default"
│   │   │       │   │   │   │       │   └── utf8_iter v1.0.4
│   │   │       │   │   │   │       ├── smallvec feature "const_generics"
│   │   │       │   │   │   │       │   └── smallvec v1.16.0
│   │   │       │   │   │   │       └── smallvec feature "default"
│   │   │       │   │   │   │           └── smallvec v1.16.0
│   │   │       │   │   │   └── idna feature "compiled_data"
│   │   │       │   │   │       ├── idna v1.1.0 (*)
│   │   │       │   │   │       └── idna_adapter feature "compiled_data"
│   │   │       │   │   │           ├── idna_adapter v1.2.2 (*)
│   │   │       │   │   │           ├── icu_normalizer feature "compiled_data"
│   │   │       │   │   │           │   ├── icu_normalizer v2.3.0 (*)
│   │   │       │   │   │           │   └── icu_provider feature "baked"
│   │   │       │   │   │           │       └── icu_provider v2.3.1 (*)
│   │   │       │   │   │           └── icu_properties feature "compiled_data"
│   │   │       │   │   │               ├── icu_properties v2.3.0 (*)
│   │   │       │   │   │               └── icu_provider feature "baked" (*)
│   │   │       │   │   └── url feature "std"
│   │   │       │   │       ├── url v2.5.8 (*)
│   │   │       │   │       ├── serde feature "std" (*)
│   │   │       │   │       ├── form_urlencoded feature "std"
│   │   │       │   │       │   ├── form_urlencoded v1.2.2 (*)
│   │   │       │   │       │   ├── form_urlencoded feature "alloc" (*)
│   │   │       │   │       │   └── percent-encoding feature "std"
│   │   │       │   │       │       ├── percent-encoding v2.3.2
│   │   │       │   │       │       └── percent-encoding feature "alloc" (*)
│   │   │       │   │       ├── percent-encoding feature "std" (*)
│   │   │       │   │       └── idna feature "std"
│   │   │       │   │           ├── idna v1.1.0 (*)
│   │   │       │   │           └── idna feature "alloc" (*)
│   │   │       │   ├── uuid feature "default"
│   │   │       │   │   ├── uuid v1.26.0
│   │   │       │   │   │   ├── serde_core v1.0.229
│   │   │       │   │   │   └── getrandom feature "default"
│   │   │       │   │   │       └── getrandom v0.4.3
│   │   │       │   │   │           ├── libc v0.2.189
│   │   │       │   │   │           └── cfg-if feature "default"
│   │   │       │   │   │               └── cfg-if v1.0.4
│   │   │       │   │   └── uuid feature "std"
│   │   │       │   │       └── uuid v1.26.0 (*)
│   │   │       │   ├── uuid feature "v4"
│   │   │       │   │   ├── uuid v1.26.0 (*)
│   │   │       │   │   └── uuid feature "rng"
│   │   │       │   │       └── uuid v1.26.0 (*)
│   │   │       │   ├── semver feature "default"
│   │   │       │   │   ├── semver v1.0.28
│   │   │       │   │   │   └── serde_core v1.0.229
│   │   │       │   │   └── semver feature "std"
│   │   │       │   │       └── semver v1.0.28 (*)
│   │   │       │   ├── tauri-utils feature "build-2"
│   │   │       │   │   ├── tauri-utils v2.9.3
│   │   │       │   │   │   ├── dom_query v0.27.0
│   │   │       │   │   │   │   ├── bit-set feature "default"
│   │   │       │   │   │   │   │   ├── bit-set v0.8.0
│   │   │       │   │   │   │   │   │   └── bit-vec v0.8.0
│   │   │       │   │   │   │   │   └── bit-set feature "std"
│   │   │       │   │   │   │   │       ├── bit-set v0.8.0 (*)
│   │   │       │   │   │   │   │       └── bit-vec feature "std"
│   │   │       │   │   │   │   │           └── bit-vec v0.8.0
│   │   │       │   │   │   │   ├── cssparser feature "default"
│   │   │       │   │   │   │   │   └── cssparser v0.36.0
│   │   │       │   │   │   │   │       ├── itoa feature "default" (*)
│   │   │       │   │   │   │   │       ├── smallvec feature "default" (*)
│   │   │       │   │   │   │   │       ├── cssparser-macros feature "default"
│   │   │       │   │   │   │   │       │   └── cssparser-macros v0.6.1 (proc-macro)
│   │   │       │   │   │   │   │       │       ├── quote feature "default" (*)
│   │   │       │   │   │   │   │       │       ├── syn feature "default" (*)
│   │   │       │   │   │   │   │       │       ├── syn feature "extra-traits" (*)
│   │   │       │   │   │   │   │       │       └── syn feature "full" (*)
│   │   │       │   │   │   │   │       ├── dtoa-short feature "default"
│   │   │       │   │   │   │   │       │   └── dtoa-short v0.3.5
│   │   │       │   │   │   │   │       │       └── dtoa feature "default"
│   │   │       │   │   │   │   │       │           └── dtoa v1.0.11
│   │   │       │   │   │   │   │       ├── phf feature "default"
│   │   │       │   │   │   │   │       │   ├── phf v0.13.1
│   │   │       │   │   │   │   │       │   │   ├── phf_shared v0.13.1 (*)
│   │   │       │   │   │   │   │       │   │   └── phf_macros feature "default" (*)
│   │   │       │   │   │   │   │       │   └── phf feature "std"
│   │   │       │   │   │   │   │       │       ├── phf v0.13.1 (*)
│   │   │       │   │   │   │   │       │       └── phf_shared feature "std"
│   │   │       │   │   │   │   │       │           └── phf_shared v0.13.1 (*)
│   │   │       │   │   │   │   │       └── phf feature "macros"
│   │   │       │   │   │   │   │           ├── phf v0.13.1 (*)
│   │   │       │   │   │   │   │           └── phf feature "phf_macros"
│   │   │       │   │   │   │   │               └── phf v0.13.1 (*)
│   │   │       │   │   │   │   ├── foldhash feature "default"
│   │   │       │   │   │   │   │   ├── foldhash v0.2.0
│   │   │       │   │   │   │   │   └── foldhash feature "std"
│   │   │       │   │   │   │   │       └── foldhash v0.2.0
│   │   │       │   │   │   │   ├── html5ever feature "default"
│   │   │       │   │   │   │   │   └── html5ever v0.38.0
│   │   │       │   │   │   │   │       ├── log feature "default"
│   │   │       │   │   │   │   │       │   └── log v0.4.34
│   │   │       │   │   │   │   │       └── markup5ever feature "default"
│   │   │       │   │   │   │   │           └── markup5ever v0.38.0
│   │   │       │   │   │   │   │               ├── log feature "default" (*)
│   │   │       │   │   │   │   │               ├── tendril feature "default"
│   │   │       │   │   │   │   │               │   └── tendril v0.5.1
│   │   │       │   │   │   │   │               │       └── new_debug_unreachable feature "default"
│   │   │       │   │   │   │   │               │           └── new_debug_unreachable v1.0.6
│   │   │       │   │   │   │   │               └── web_atoms feature "default"
│   │   │       │   │   │   │   │                   └── web_atoms v0.2.6
│   │   │       │   │   │   │   │                       ├── string_cache v0.9.0
│   │   │       │   │   │   │   │                       │   ├── phf_shared feature "default"
│   │   │       │   │   │   │   │                       │   │   ├── phf_shared v0.13.1 (*)
│   │   │       │   │   │   │   │                       │   │   └── phf_shared feature "std" (*)
│   │   │       │   │   │   │   │                       │   ├── new_debug_unreachable feature "default" (*)
│   │   │       │   │   │   │   │                       │   ├── parking_lot feature "default"
│   │   │       │   │   │   │   │                       │   │   └── parking_lot v0.12.5
│   │   │       │   │   │   │   │                       │   │       ├── lock_api feature "default"
│   │   │       │   │   │   │   │                       │   │       │   ├── lock_api v0.4.14
│   │   │       │   │   │   │   │                       │   │       │   │   └── scopeguard v1.2.0
│   │   │       │   │   │   │   │                       │   │       │   └── lock_api feature "atomic_usize"
│   │   │       │   │   │   │   │                       │   │       │       └── lock_api v0.4.14 (*)
│   │   │       │   │   │   │   │                       │   │       └── parking_lot_core feature "default"
│   │   │       │   │   │   │   │                       │   │           └── parking_lot_core v0.9.12
│   │   │       │   │   │   │   │                       │   │               ├── libc feature "default"
│   │   │       │   │   │   │   │                       │   │               │   ├── libc v0.2.189
│   │   │       │   │   │   │   │                       │   │               │   └── libc feature "std"
│   │   │       │   │   │   │   │                       │   │               │       └── libc v0.2.189
│   │   │       │   │   │   │   │                       │   │               ├── smallvec feature "default" (*)
│   │   │       │   │   │   │   │                       │   │               └── cfg-if feature "default" (*)
│   │   │       │   │   │   │   │                       │   └── precomputed-hash feature "default"
│   │   │       │   │   │   │   │                       │       └── precomputed-hash v0.1.1
│   │   │       │   │   │   │   │                       └── phf feature "default" (*)
│   │   │       │   │   │   │   │                       [build-dependencies]
│   │   │       │   │   │   │   │                       ├── phf_codegen feature "default"
│   │   │       │   │   │   │   │                       │   └── phf_codegen v0.13.1
│   │   │       │   │   │   │   │                       │       ├── phf_generator feature "default" (*)
│   │   │       │   │   │   │   │                       │       └── phf_shared feature "default" (*)
│   │   │       │   │   │   │   │                       └── string_cache_codegen feature "default"
│   │   │       │   │   │   │   │                           └── string_cache_codegen v0.6.1
│   │   │       │   │   │   │   │                               ├── proc-macro2 feature "default" (*)
│   │   │       │   │   │   │   │                               ├── quote feature "default" (*)
│   │   │       │   │   │   │   │                               ├── phf_generator feature "default" (*)
│   │   │       │   │   │   │   │                               └── phf_shared feature "default" (*)
│   │   │       │   │   │   │   ├── tendril feature "default" (*)
│   │   │       │   │   │   │   ├── precomputed-hash feature "default" (*)
│   │   │       │   │   │   │   └── selectors feature "default"
│   │   │       │   │   │   │       └── selectors v0.36.1
│   │   │       │   │   │   │           ├── smallvec feature "default" (*)
│   │   │       │   │   │   │           ├── cssparser feature "default" (*)
│   │   │       │   │   │   │           ├── phf feature "default" (*)
│   │   │       │   │   │   │           ├── log feature "default" (*)
│   │   │       │   │   │   │           ├── new_debug_unreachable feature "default" (*)
│   │   │       │   │   │   │           ├── precomputed-hash feature "default" (*)
│   │   │       │   │   │   │           ├── bitflags feature "default"
│   │   │       │   │   │   │           │   └── bitflags v2.13.1
│   │   │       │   │   │   │           ├── derive_more feature "add"
│   │   │       │   │   │   │           │   ├── derive_more v2.1.1
│   │   │       │   │   │   │           │   │   └── derive_more-impl feature "default"
│   │   │       │   │   │   │           │   │       └── derive_more-impl v2.1.1 (proc-macro)
│   │   │       │   │   │   │           │   │           ├── proc-macro2 feature "default" (*)
│   │   │       │   │   │   │           │   │           ├── quote feature "default" (*)
│   │   │       │   │   │   │           │   │           └── syn feature "default" (*)
│   │   │       │   │   │   │           │   │           [build-dependencies]
│   │   │       │   │   │   │           │   │           └── rustc_version feature "default"
│   │   │       │   │   │   │           │   │               └── rustc_version v0.4.1
│   │   │       │   │   │   │           │   │                   └── semver feature "default" (*)
│   │   │       │   │   │   │           │   └── derive_more-impl feature "add"
│   │   │       │   │   │   │           │       ├── derive_more-impl v2.1.1 (proc-macro) (*)
│   │   │       │   │   │   │           │       ├── syn feature "extra-traits" (*)
│   │   │       │   │   │   │           │       └── syn feature "visit" (*)
│   │   │       │   │   │   │           ├── derive_more feature "add_assign"
│   │   │       │   │   │   │           │   ├── derive_more v2.1.1 (*)
│   │   │       │   │   │   │           │   └── derive_more-impl feature "add_assign"
│   │   │       │   │   │   │           │       ├── derive_more-impl v2.1.1 (proc-macro) (*)
│   │   │       │   │   │   │           │       ├── syn feature "extra-traits" (*)
│   │   │       │   │   │   │           │       └── syn feature "visit" (*)
│   │   │       │   │   │   │           ├── derive_more feature "default"
│   │   │       │   │   │   │           │   ├── derive_more v2.1.1 (*)
│   │   │       │   │   │   │           │   └── derive_more feature "std"
│   │   │       │   │   │   │           │       └── derive_more v2.1.1 (*)
│   │   │       │   │   │   │           ├── rustc-hash feature "default"
│   │   │       │   │   │   │           │   ├── rustc-hash v2.1.3
│   │   │       │   │   │   │           │   └── rustc-hash feature "std"
│   │   │       │   │   │   │           │       └── rustc-hash v2.1.3
│   │   │       │   │   │   │           └── servo_arc feature "default"
│   │   │       │   │   │   │               ├── servo_arc v0.4.3
│   │   │       │   │   │   │               │   └── stable_deref_trait feature "default"
│   │   │       │   │   │   │               │       ├── stable_deref_trait v1.2.1
│   │   │       │   │   │   │               │       └── stable_deref_trait feature "std"
│   │   │       │   │   │   │               │           ├── stable_deref_trait v1.2.1
│   │   │       │   │   │   │               │           └── stable_deref_trait feature "alloc"
│   │   │       │   │   │   │               │               └── stable_deref_trait v1.2.1
│   │   │       │   │   │   │               └── servo_arc feature "track_alloc_size"
│   │   │       │   │   │   │                   └── servo_arc v0.4.3 (*)
│   │   │       │   │   │   │           [build-dependencies]
│   │   │       │   │   │   │           └── phf_codegen feature "default" (*)
│   │   │       │   │   │   ├── proc-macro2 feature "default" (*)
│   │   │       │   │   │   ├── quote feature "default" (*)
│   │   │       │   │   │   ├── glob feature "default"
│   │   │       │   │   │   │   └── glob v0.3.4
│   │   │       │   │   │   ├── anyhow feature "default"
│   │   │       │   │   │   │   ├── anyhow v1.0.104
│   │   │       │   │   │   │   └── anyhow feature "std"
│   │   │       │   │   │   │       └── anyhow v1.0.104
│   │   │       │   │   │   ├── serde feature "default" (*)
│   │   │       │   │   │   ├── serde feature "derive" (*)
│   │   │       │   │   │   ├── json-patch feature "default" (*)
│   │   │       │   │   │   ├── serde_json feature "default" (*)
│   │   │       │   │   │   ├── memchr feature "default"
│   │   │       │   │   │   │   ├── memchr v2.8.3
│   │   │       │   │   │   │   └── memchr feature "std" (*)
│   │   │       │   │   │   ├── schemars feature "default"
│   │   │       │   │   │   │   ├── schemars v0.8.22
│   │   │       │   │   │   │   │   ├── url v2.5.8 (*)
│   │   │       │   │   │   │   │   ├── uuid v1.26.0 (*)
│   │   │       │   │   │   │   │   ├── serde feature "default" (*)
│   │   │       │   │   │   │   │   ├── serde feature "derive" (*)
│   │   │       │   │   │   │   │   ├── serde_json feature "default" (*)
│   │   │       │   │   │   │   │   ├── dyn-clone feature "default"
│   │   │       │   │   │   │   │   │   └── dyn-clone v1.0.20
│   │   │       │   │   │   │   │   ├── indexmap feature "default"
│   │   │       │   │   │   │   │   │   └── indexmap v1.9.3
│   │   │       │   │   │   │   │   │       ├── serde v1.0.229 (*)
│   │   │       │   │   │   │   │   │       └── hashbrown feature "raw"
│   │   │       │   │   │   │   │   │           └── hashbrown v0.12.3
│   │   │       │   │   │   │   │   │       [build-dependencies]
│   │   │       │   │   │   │   │   │       └── autocfg feature "default"
│   │   │       │   │   │   │   │   │           └── autocfg v1.5.1
│   │   │       │   │   │   │   │   ├── indexmap feature "serde-1"
│   │   │       │   │   │   │   │   │   ├── indexmap v1.9.3 (*)
│   │   │       │   │   │   │   │   │   └── indexmap feature "serde"
│   │   │       │   │   │   │   │   │       └── indexmap v1.9.3 (*)
│   │   │       │   │   │   │   │   └── schemars_derive feature "default"
│   │   │       │   │   │   │   │       └── schemars_derive v0.8.22 (proc-macro)
│   │   │       │   │   │   │   │           ├── proc-macro2 feature "default" (*)
│   │   │       │   │   │   │   │           ├── quote feature "default" (*)
│   │   │       │   │   │   │   │           ├── syn feature "default" (*)
│   │   │       │   │   │   │   │           ├── syn feature "extra-traits" (*)
│   │   │       │   │   │   │   │           └── serde_derive_internals feature "default"
│   │   │       │   │   │   │   │               └── serde_derive_internals v0.29.1
│   │   │       │   │   │   │   │                   ├── proc-macro2 v1.0.107 (*)
│   │   │       │   │   │   │   │                   ├── quote v1.0.47 (*)
│   │   │       │   │   │   │   │                   ├── syn feature "clone-impls" (*)
│   │   │       │   │   │   │   │                   ├── syn feature "derive" (*)
│   │   │       │   │   │   │   │                   ├── syn feature "parsing" (*)
│   │   │       │   │   │   │   │                   └── syn feature "printing" (*)
│   │   │       │   │   │   │   └── schemars feature "derive"
│   │   │       │   │   │   │       ├── schemars v0.8.22 (*)
│   │   │       │   │   │   │       └── schemars feature "schemars_derive"
│   │   │       │   │   │   │           └── schemars v0.8.22 (*)
│   │   │       │   │   │   ├── schemars feature "url"
│   │   │       │   │   │   │   └── schemars v0.8.22 (*)
│   │   │       │   │   │   ├── schemars feature "uuid1"
│   │   │       │   │   │   │   └── schemars v0.8.22 (*)
│   │   │       │   │   │   ├── url feature "default" (*)
│   │   │       │   │   │   ├── url feature "serde"
│   │   │       │   │   │   │   └── url v2.5.8 (*)
│   │   │       │   │   │   ├── uuid feature "default" (*)
│   │   │       │   │   │   ├── uuid feature "serde"
│   │   │       │   │   │   │   └── uuid v1.26.0 (*)
│   │   │       │   │   │   ├── semver feature "default" (*)
│   │   │       │   │   │   ├── brotli feature "std"
│   │   │       │   │   │   │   ├── brotli v8.0.4
│   │   │       │   │   │   │   │   ├── brotli-decompressor v5.0.3
│   │   │       │   │   │   │   │   │   ├── alloc-no-stdlib feature "default"
│   │   │       │   │   │   │   │   │   │   └── alloc-no-stdlib v2.0.4
│   │   │       │   │   │   │   │   │   └── alloc-stdlib feature "default"
│   │   │       │   │   │   │   │   │       └── alloc-stdlib v0.2.4
│   │   │       │   │   │   │   │   │           └── alloc-no-stdlib feature "default" (*)
│   │   │       │   │   │   │   │   ├── alloc-no-stdlib feature "default" (*)
│   │   │       │   │   │   │   │   └── alloc-stdlib feature "default" (*)
│   │   │       │   │   │   │   ├── brotli feature "alloc-stdlib"
│   │   │       │   │   │   │   │   └── brotli v8.0.4 (*)
│   │   │       │   │   │   │   └── brotli-decompressor feature "std"
│   │   │       │   │   │   │       ├── brotli-decompressor v5.0.3 (*)
│   │   │       │   │   │   │       └── brotli-decompressor feature "alloc-stdlib"
│   │   │       │   │   │   │           └── brotli-decompressor v5.0.3 (*)
│   │   │       │   │   │   ├── cargo_metadata feature "default"
│   │   │       │   │   │   │   └── cargo_metadata v0.19.2
│   │   │       │   │   │   │       ├── serde feature "default" (*)
│   │   │       │   │   │   │       ├── serde feature "derive" (*)
│   │   │       │   │   │   │       ├── serde_json feature "default" (*)
│   │   │       │   │   │   │       ├── serde_json feature "unbounded_depth"
│   │   │       │   │   │   │       │   └── serde_json v1.0.151 (*)
│   │   │       │   │   │   │       ├── semver feature "default" (*)
│   │   │       │   │   │   │       ├── semver feature "serde"
│   │   │       │   │   │   │       │   └── semver v1.0.28 (*)
│   │   │       │   │   │   │       ├── camino feature "default"
│   │   │       │   │   │   │       │   └── camino v1.2.5
│   │   │       │   │   │   │       │       └── serde_core feature "default"
│   │   │       │   │   │   │       │           ├── serde_core v1.0.229
│   │   │       │   │   │   │       │           ├── serde_core feature "result" (*)
│   │   │       │   │   │   │       │           └── serde_core feature "std" (*)
│   │   │       │   │   │   │       ├── camino feature "serde1"
│   │   │       │   │   │   │       │   └── camino v1.2.5 (*)
│   │   │       │   │   │   │       ├── cargo-platform feature "default"
│   │   │       │   │   │   │       │   └── cargo-platform v0.1.9
│   │   │       │   │   │   │       │       └── serde feature "default" (*)
│   │   │       │   │   │   │       └── thiserror feature "default"
│   │   │       │   │   │   │           ├── thiserror v2.0.20
│   │   │       │   │   │   │           │   └── thiserror-impl feature "default" (*)
│   │   │       │   │   │   │           └── thiserror feature "std"
│   │   │       │   │   │   │               └── thiserror v2.0.20 (*)
│   │   │       │   │   │   ├── thiserror feature "default" (*)
│   │   │       │   │   │   ├── ctor feature "proc_macro"
│   │   │       │   │   │   │   └── ctor v0.8.0
│   │   │       │   │   │   │       └── ctor-proc-macro feature "default" (*)
│   │   │       │   │   │   ├── ctor feature "std"
│   │   │       │   │   │   │   └── ctor v0.8.0 (*)
│   │   │       │   │   │   ├── phf feature "default" (*)
│   │   │       │   │   │   ├── phf feature "macros" (*)
│   │   │       │   │   │   ├── log feature "default" (*)
│   │   │       │   │   │   ├── dunce feature "default"
│   │   │       │   │   │   │   └── dunce v1.0.5
│   │   │       │   │   │   ├── http feature "default"
│   │   │       │   │   │   │   ├── http v1.5.0
│   │   │       │   │   │   │   │   ├── itoa feature "default" (*)
│   │   │       │   │   │   │   │   └── bytes feature "default"
│   │   │       │   │   │   │   │       ├── bytes v1.12.1
│   │   │       │   │   │   │   │       └── bytes feature "std"
│   │   │       │   │   │   │   │           └── bytes v1.12.1
│   │   │       │   │   │   │   └── http feature "std"
│   │   │       │   │   │   │       └── http v1.5.0 (*)
│   │   │       │   │   │   ├── infer feature "default"
│   │   │       │   │   │   │   ├── infer v0.19.0
│   │   │       │   │   │   │   │   └── cfb feature "default"
│   │   │       │   │   │   │   │       └── cfb v0.7.3
│   │   │       │   │   │   │   │           ├── uuid feature "default" (*)
│   │   │       │   │   │   │   │           ├── byteorder feature "default"
│   │   │       │   │   │   │   │           │   ├── byteorder v1.5.0
│   │   │       │   │   │   │   │           │   └── byteorder feature "std"
│   │   │       │   │   │   │   │           │       └── byteorder v1.5.0
│   │   │       │   │   │   │   │           └── fnv feature "default"
│   │   │       │   │   │   │   │               ├── fnv v1.0.7
│   │   │       │   │   │   │   │               └── fnv feature "std"
│   │   │       │   │   │   │   │                   └── fnv v1.0.7
│   │   │       │   │   │   │   └── infer feature "std"
│   │   │       │   │   │   │       ├── infer v0.19.0 (*)
│   │   │       │   │   │   │       ├── infer feature "alloc"
│   │   │       │   │   │   │       │   └── infer v0.19.0 (*)
│   │   │       │   │   │   │       └── infer feature "cfb"
│   │   │       │   │   │   │           └── infer v0.19.0 (*)
│   │   │       │   │   │   ├── plist feature "default"
│   │   │       │   │   │   │   ├── plist v1.10.0
│   │   │       │   │   │   │   │   ├── serde feature "default" (*)
│   │   │       │   │   │   │   │   ├── base64 feature "default"
│   │   │       │   │   │   │   │   │   ├── base64 v0.22.1
│   │   │       │   │   │   │   │   │   └── base64 feature "std"
│   │   │       │   │   │   │   │   │       ├── base64 v0.22.1
│   │   │       │   │   │   │   │   │       └── base64 feature "alloc"
│   │   │       │   │   │   │   │   │           └── base64 v0.22.1
│   │   │       │   │   │   │   │   ├── indexmap feature "default"
│   │   │       │   │   │   │   │   │   ├── indexmap v2.14.1
│   │   │       │   │   │   │   │   │   │   ├── equivalent v1.0.2
│   │   │       │   │   │   │   │   │   │   └── hashbrown v0.17.1
│   │   │       │   │   │   │   │   │   └── indexmap feature "std"
│   │   │       │   │   │   │   │   │       └── indexmap v2.14.1 (*)
│   │   │       │   │   │   │   │   ├── quick-xml feature "default"
│   │   │       │   │   │   │   │   │   └── quick-xml v0.41.0
│   │   │       │   │   │   │   │   │       └── memchr feature "default" (*)
│   │   │       │   │   │   │   │   ├── time feature "default"
│   │   │       │   │   │   │   │   │   ├── time v0.3.55
│   │   │       │   │   │   │   │   │   │   ├── powerfmt v0.2.0
│   │   │       │   │   │   │   │   │   │   ├── num-conv feature "default" (*)
│   │   │       │   │   │   │   │   │   │   ├── time-core feature "default" (*)
│   │   │       │   │   │   │   │   │   │   └── deranged feature "default"
│   │   │       │   │   │   │   │   │   │       └── deranged v0.5.8
│   │   │       │   │   │   │   │   │   └── time feature "std"
│   │   │       │   │   │   │   │   │       ├── time v0.3.55 (*)
│   │   │       │   │   │   │   │   │       └── time feature "alloc"
│   │   │       │   │   │   │   │   │           └── time v0.3.55 (*)
│   │   │       │   │   │   │   │   ├── time feature "formatting"
│   │   │       │   │   │   │   │   │   ├── time v0.3.55 (*)
│   │   │       │   │   │   │   │   │   └── time feature "std" (*)
│   │   │       │   │   │   │   │   └── time feature "parsing"
│   │   │       │   │   │   │   │       └── time v0.3.55 (*)
│   │   │       │   │   │   │   └── plist feature "serde"
│   │   │       │   │   │   │       └── plist v1.10.0 (*)
│   │   │       │   │   │   ├── regex feature "default"
│   │   │       │   │   │   │   ├── regex v1.13.1
│   │   │       │   │   │   │   │   ├── aho-corasick v1.1.5
│   │   │       │   │   │   │   │   │   └── memchr v2.8.3
│   │   │       │   │   │   │   │   ├── memchr v2.8.3
│   │   │       │   │   │   │   │   ├── regex-syntax v0.8.11
│   │   │       │   │   │   │   │   ├── regex-automata feature "alloc"
│   │   │       │   │   │   │   │   │   └── regex-automata v0.4.18
│   │   │       │   │   │   │   │   │       ├── aho-corasick v1.1.5 (*)
│   │   │       │   │   │   │   │   │       ├── memchr v2.8.3
│   │   │       │   │   │   │   │   │       └── regex-syntax v0.8.11
│   │   │       │   │   │   │   │   ├── regex-automata feature "meta"
│   │   │       │   │   │   │   │   │   ├── regex-automata v0.4.18 (*)
│   │   │       │   │   │   │   │   │   ├── regex-automata feature "nfa-pikevm"
│   │   │       │   │   │   │   │   │   │   ├── regex-automata v0.4.18 (*)
│   │   │       │   │   │   │   │   │   │   └── regex-automata feature "nfa-thompson"
│   │   │       │   │   │   │   │   │   │       ├── regex-automata v0.4.18 (*)
│   │   │       │   │   │   │   │   │   │       └── regex-automata feature "alloc" (*)
│   │   │       │   │   │   │   │   │   └── regex-automata feature "syntax"
│   │   │       │   │   │   │   │   │       ├── regex-automata v0.4.18 (*)
│   │   │       │   │   │   │   │   │       └── regex-automata feature "alloc" (*)
│   │   │       │   │   │   │   │   ├── regex-automata feature "nfa-pikevm" (*)
│   │   │       │   │   │   │   │   └── regex-automata feature "syntax" (*)
│   │   │       │   │   │   │   ├── regex feature "perf"
│   │   │       │   │   │   │   │   ├── regex v1.13.1 (*)
│   │   │       │   │   │   │   │   ├── regex feature "perf-backtrack"
│   │   │       │   │   │   │   │   │   ├── regex v1.13.1 (*)
│   │   │       │   │   │   │   │   │   └── regex-automata feature "nfa-backtrack"
│   │   │       │   │   │   │   │   │       ├── regex-automata v0.4.18 (*)
│   │   │       │   │   │   │   │   │       └── regex-automata feature "nfa-thompson" (*)
│   │   │       │   │   │   │   │   ├── regex feature "perf-cache"
│   │   │       │   │   │   │   │   │   └── regex v1.13.1 (*)
│   │   │       │   │   │   │   │   ├── regex feature "perf-dfa"
│   │   │       │   │   │   │   │   │   ├── regex v1.13.1 (*)
│   │   │       │   │   │   │   │   │   └── regex-automata feature "hybrid"
│   │   │       │   │   │   │   │   │       ├── regex-automata v0.4.18 (*)
│   │   │       │   │   │   │   │   │       ├── regex-automata feature "alloc" (*)
│   │   │       │   │   │   │   │   │       └── regex-automata feature "nfa-thompson" (*)
│   │   │       │   │   │   │   │   ├── regex feature "perf-inline"
│   │   │       │   │   │   │   │   │   ├── regex v1.13.1 (*)
│   │   │       │   │   │   │   │   │   └── regex-automata feature "perf-inline"
│   │   │       │   │   │   │   │   │       └── regex-automata v0.4.18 (*)
│   │   │       │   │   │   │   │   ├── regex feature "perf-literal"
│   │   │       │   │   │   │   │   │   ├── regex v1.13.1 (*)
│   │   │       │   │   │   │   │   │   └── regex-automata feature "perf-literal"
│   │   │       │   │   │   │   │   │       ├── regex-automata v0.4.18 (*)
│   │   │       │   │   │   │   │   │       ├── regex-automata feature "perf-literal-multisubstring"
│   │   │       │   │   │   │   │   │       │   └── regex-automata v0.4.18 (*)
│   │   │       │   │   │   │   │   │       └── regex-automata feature "perf-literal-substring"
│   │   │       │   │   │   │   │   │           ├── regex-automata v0.4.18 (*)
│   │   │       │   │   │   │   │   │           └── aho-corasick feature "perf-literal"
│   │   │       │   │   │   │   │   │               └── aho-corasick v1.1.5 (*)
│   │   │       │   │   │   │   │   └── regex feature "perf-onepass"
│   │   │       │   │   │   │   │       ├── regex v1.13.1 (*)
│   │   │       │   │   │   │   │       └── regex-automata feature "dfa-onepass"
│   │   │       │   │   │   │   │           ├── regex-automata v0.4.18 (*)
│   │   │       │   │   │   │   │           └── regex-automata feature "nfa-thompson" (*)
│   │   │       │   │   │   │   ├── regex feature "std"
│   │   │       │   │   │   │   │   ├── regex v1.13.1 (*)
│   │   │       │   │   │   │   │   ├── memchr feature "std" (*)
│   │   │       │   │   │   │   │   ├── aho-corasick feature "std"
│   │   │       │   │   │   │   │   │   ├── aho-corasick v1.1.5 (*)
│   │   │       │   │   │   │   │   │   └── memchr feature "std" (*)
│   │   │       │   │   │   │   │   ├── regex-automata feature "std"
│   │   │       │   │   │   │   │   │   ├── regex-automata v0.4.18 (*)
│   │   │       │   │   │   │   │   │   ├── memchr feature "std" (*)
│   │   │       │   │   │   │   │   │   ├── aho-corasick feature "std" (*)
│   │   │       │   │   │   │   │   │   ├── regex-automata feature "alloc" (*)
│   │   │       │   │   │   │   │   │   └── regex-syntax feature "std"
│   │   │       │   │   │   │   │   │       └── regex-syntax v0.8.11
│   │   │       │   │   │   │   │   └── regex-syntax feature "std" (*)
│   │   │       │   │   │   │   ├── regex feature "unicode"
│   │   │       │   │   │   │   │   ├── regex v1.13.1 (*)
│   │   │       │   │   │   │   │   ├── regex feature "unicode-age"
│   │   │       │   │   │   │   │   │   ├── regex v1.13.1 (*)
│   │   │       │   │   │   │   │   │   ├── regex-automata feature "unicode-age"
│   │   │       │   │   │   │   │   │   │   ├── regex-automata v0.4.18 (*)
│   │   │       │   │   │   │   │   │   │   └── regex-syntax feature "unicode-age"
│   │   │       │   │   │   │   │   │   │       └── regex-syntax v0.8.11
│   │   │       │   │   │   │   │   │   └── regex-syntax feature "unicode-age" (*)
│   │   │       │   │   │   │   │   ├── regex feature "unicode-bool"
│   │   │       │   │   │   │   │   │   ├── regex v1.13.1 (*)
│   │   │       │   │   │   │   │   │   ├── regex-automata feature "unicode-bool"
│   │   │       │   │   │   │   │   │   │   ├── regex-automata v0.4.18 (*)
│   │   │       │   │   │   │   │   │   │   └── regex-syntax feature "unicode-bool"
│   │   │       │   │   │   │   │   │   │       └── regex-syntax v0.8.11
│   │   │       │   │   │   │   │   │   └── regex-syntax feature "unicode-bool" (*)
│   │   │       │   │   │   │   │   ├── regex feature "unicode-case"
│   │   │       │   │   │   │   │   │   ├── regex v1.13.1 (*)
│   │   │       │   │   │   │   │   │   ├── regex-automata feature "unicode-case"
│   │   │       │   │   │   │   │   │   │   ├── regex-automata v0.4.18 (*)
│   │   │       │   │   │   │   │   │   │   └── regex-syntax feature "unicode-case"
│   │   │       │   │   │   │   │   │   │       └── regex-syntax v0.8.11
│   │   │       │   │   │   │   │   │   └── regex-syntax feature "unicode-case" (*)
│   │   │       │   │   │   │   │   ├── regex feature "unicode-gencat"
│   │   │       │   │   │   │   │   │   ├── regex v1.13.1 (*)
│   │   │       │   │   │   │   │   │   ├── regex-automata feature "unicode-gencat"
│   │   │       │   │   │   │   │   │   │   ├── regex-automata v0.4.18 (*)
│   │   │       │   │   │   │   │   │   │   └── regex-syntax feature "unicode-gencat"
│   │   │       │   │   │   │   │   │   │       └── regex-syntax v0.8.11
│   │   │       │   │   │   │   │   │   └── regex-syntax feature "unicode-gencat" (*)
│   │   │       │   │   │   │   │   ├── regex feature "unicode-perl"
│   │   │       │   │   │   │   │   │   ├── regex v1.13.1 (*)
│   │   │       │   │   │   │   │   │   ├── regex-automata feature "unicode-perl"
│   │   │       │   │   │   │   │   │   │   ├── regex-automata v0.4.18 (*)
│   │   │       │   │   │   │   │   │   │   └── regex-syntax feature "unicode-perl"
│   │   │       │   │   │   │   │   │   │       └── regex-syntax v0.8.11
│   │   │       │   │   │   │   │   │   ├── regex-automata feature "unicode-word-boundary"
│   │   │       │   │   │   │   │   │   │   └── regex-automata v0.4.18 (*)
│   │   │       │   │   │   │   │   │   └── regex-syntax feature "unicode-perl" (*)
│   │   │       │   │   │   │   │   ├── regex feature "unicode-script"
│   │   │       │   │   │   │   │   │   ├── regex v1.13.1 (*)
│   │   │       │   │   │   │   │   │   ├── regex-automata feature "unicode-script"
│   │   │       │   │   │   │   │   │   │   ├── regex-automata v0.4.18 (*)
│   │   │       │   │   │   │   │   │   │   └── regex-syntax feature "unicode-script"
│   │   │       │   │   │   │   │   │   │       └── regex-syntax v0.8.11
│   │   │       │   │   │   │   │   │   └── regex-syntax feature "unicode-script" (*)
│   │   │       │   │   │   │   │   ├── regex feature "unicode-segment"
│   │   │       │   │   │   │   │   │   ├── regex v1.13.1 (*)
│   │   │       │   │   │   │   │   │   ├── regex-automata feature "unicode-segment"
│   │   │       │   │   │   │   │   │   │   ├── regex-automata v0.4.18 (*)
│   │   │       │   │   │   │   │   │   │   └── regex-syntax feature "unicode-segment"
│   │   │       │   │   │   │   │   │   │       └── regex-syntax v0.8.11
│   │   │       │   │   │   │   │   │   └── regex-syntax feature "unicode-segment" (*)
│   │   │       │   │   │   │   │   ├── regex-automata feature "unicode"
│   │   │       │   │   │   │   │   │   ├── regex-automata v0.4.18 (*)
│   │   │       │   │   │   │   │   │   ├── regex-automata feature "unicode-age" (*)
│   │   │       │   │   │   │   │   │   ├── regex-automata feature "unicode-bool" (*)
│   │   │       │   │   │   │   │   │   ├── regex-automata feature "unicode-case" (*)
│   │   │       │   │   │   │   │   │   ├── regex-automata feature "unicode-gencat" (*)
│   │   │       │   │   │   │   │   │   ├── regex-automata feature "unicode-perl" (*)
│   │   │       │   │   │   │   │   │   ├── regex-automata feature "unicode-script" (*)
│   │   │       │   │   │   │   │   │   ├── regex-automata feature "unicode-segment" (*)
│   │   │       │   │   │   │   │   │   ├── regex-automata feature "unicode-word-boundary" (*)
│   │   │       │   │   │   │   │   │   └── regex-syntax feature "unicode"
│   │   │       │   │   │   │   │   │       ├── regex-syntax v0.8.11
│   │   │       │   │   │   │   │   │       ├── regex-syntax feature "unicode-age" (*)
│   │   │       │   │   │   │   │   │       ├── regex-syntax feature "unicode-bool" (*)
│   │   │       │   │   │   │   │   │       ├── regex-syntax feature "unicode-case" (*)
│   │   │       │   │   │   │   │   │       ├── regex-syntax feature "unicode-gencat" (*)
│   │   │       │   │   │   │   │   │       ├── regex-syntax feature "unicode-perl" (*)
│   │   │       │   │   │   │   │   │       ├── regex-syntax feature "unicode-script" (*)
│   │   │       │   │   │   │   │   │       └── regex-syntax feature "unicode-segment" (*)
│   │   │       │   │   │   │   │   └── regex-syntax feature "unicode" (*)
│   │   │       │   │   │   │   └── regex-syntax feature "default"
│   │   │       │   │   │   │       ├── regex-syntax v0.8.11
│   │   │       │   │   │   │       ├── regex-syntax feature "std" (*)
│   │   │       │   │   │   │       └── regex-syntax feature "unicode" (*)
│   │   │       │   │   │   ├── serde-untagged feature "default"
│   │   │       │   │   │   │   └── serde-untagged v0.1.9
│   │   │       │   │   │   │       ├── serde_core feature "alloc" (*)
│   │   │       │   │   │   │       ├── erased-serde feature "alloc"
│   │   │       │   │   │   │       │   ├── erased-serde v0.4.10
│   │   │       │   │   │   │       │   │   ├── serde_core v1.0.229
│   │   │       │   │   │   │       │   │   └── typeid feature "default"
│   │   │       │   │   │   │       │   │       └── typeid v1.0.3
│   │   │       │   │   │   │       │   └── serde_core feature "alloc" (*)
│   │   │       │   │   │   │       └── typeid feature "default" (*)
│   │   │       │   │   │   ├── serde_with feature "default"
│   │   │       │   │   │   │   ├── serde_with v3.22.0
│   │   │       │   │   │   │   │   ├── serde_core feature "result" (*)
│   │   │       │   │   │   │   │   └── serde_with_macros feature "default" (*)
│   │   │       │   │   │   │   ├── serde_with feature "macros"
│   │   │       │   │   │   │   │   └── serde_with v3.22.0 (*)
│   │   │       │   │   │   │   └── serde_with feature "std"
│   │   │       │   │   │   │       ├── serde_with v3.22.0 (*)
│   │   │       │   │   │   │       ├── serde_core feature "std" (*)
│   │   │       │   │   │   │       └── serde_with feature "alloc"
│   │   │       │   │   │   │           ├── serde_with v3.22.0 (*)
│   │   │       │   │   │   │           └── serde_core feature "alloc" (*)
│   │   │       │   │   │   ├── swift-rs feature "build"
│   │   │       │   │   │   │   ├── swift-rs v1.0.8
│   │   │       │   │   │   │   │   ├── serde feature "default" (*)
│   │   │       │   │   │   │   │   ├── serde feature "derive" (*)
│   │   │       │   │   │   │   │   ├── serde_json feature "default" (*)
│   │   │       │   │   │   │   │   └── base64 feature "default"
│   │   │       │   │   │   │   │       ├── base64 v0.21.7
│   │   │       │   │   │   │   │       └── base64 feature "std"
│   │   │       │   │   │   │   │           ├── base64 v0.21.7
│   │   │       │   │   │   │   │           └── base64 feature "alloc"
│   │   │       │   │   │   │   │               └── base64 v0.21.7
│   │   │       │   │   │   │   │   [build-dependencies]
│   │   │       │   │   │   │   │   ├── serde feature "default" (*)
│   │   │       │   │   │   │   │   ├── serde feature "derive" (*)
│   │   │       │   │   │   │   │   └── serde_json feature "default" (*)
│   │   │       │   │   │   │   ├── swift-rs feature "serde"
│   │   │       │   │   │   │   │   └── swift-rs v1.0.8 (*)
│   │   │       │   │   │   │   └── swift-rs feature "serde_json"
│   │   │       │   │   │   │       └── swift-rs v1.0.8 (*)
│   │   │       │   │   │   ├── swift-rs feature "default"
│   │   │       │   │   │   │   └── swift-rs v1.0.8 (*)
│   │   │       │   │   │   ├── toml feature "default"
│   │   │       │   │   │   │   ├── toml v1.1.5+spec-1.1.0
│   │   │       │   │   │   │   │   ├── winnow v1.0.4
│   │   │       │   │   │   │   │   ├── serde_core feature "alloc" (*)
│   │   │       │   │   │   │   │   ├── serde_spanned feature "alloc"
│   │   │       │   │   │   │   │   │   ├── serde_spanned v1.1.1
│   │   │       │   │   │   │   │   │   │   └── serde_core v1.0.229
│   │   │       │   │   │   │   │   │   └── serde_core feature "alloc" (*)
│   │   │       │   │   │   │   │   ├── toml_parser feature "alloc"
│   │   │       │   │   │   │   │   │   └── toml_parser v1.1.3+spec-1.1.0
│   │   │       │   │   │   │   │   │       └── winnow v1.0.4
│   │   │       │   │   │   │   │   ├── toml_writer feature "alloc"
│   │   │       │   │   │   │   │   │   └── toml_writer v1.1.2+spec-1.1.0
│   │   │       │   │   │   │   │   └── toml_datetime feature "alloc"
│   │   │       │   │   │   │   │       ├── toml_datetime v1.1.1+spec-1.1.0
│   │   │       │   │   │   │   │       │   └── serde_core v1.0.229
│   │   │       │   │   │   │   │       └── serde_core feature "alloc" (*)
│   │   │       │   │   │   │   ├── toml feature "display"
│   │   │       │   │   │   │   │   └── toml v1.1.5+spec-1.1.0 (*)
│   │   │       │   │   │   │   ├── toml feature "parse"
│   │   │       │   │   │   │   │   └── toml v1.1.5+spec-1.1.0 (*)
│   │   │       │   │   │   │   ├── toml feature "serde"
│   │   │       │   │   │   │   │   ├── toml v1.1.5+spec-1.1.0 (*)
│   │   │       │   │   │   │   │   ├── serde_spanned feature "serde"
│   │   │       │   │   │   │   │   │   └── serde_spanned v1.1.1 (*)
│   │   │       │   │   │   │   │   └── toml_datetime feature "serde"
│   │   │       │   │   │   │   │       └── toml_datetime v1.1.1+spec-1.1.0 (*)
│   │   │       │   │   │   │   └── toml feature "std"
│   │   │       │   │   │   │       ├── toml v1.1.5+spec-1.1.0 (*)
│   │   │       │   │   │   │       ├── serde_core feature "std" (*)
│   │   │       │   │   │   │       ├── serde_spanned feature "std"
│   │   │       │   │   │   │       │   ├── serde_spanned v1.1.1 (*)
│   │   │       │   │   │   │       │   ├── serde_core feature "std" (*)
│   │   │       │   │   │   │       │   └── serde_spanned feature "alloc" (*)
│   │   │       │   │   │   │       ├── toml_parser feature "std"
│   │   │       │   │   │   │       │   ├── toml_parser v1.1.3+spec-1.1.0 (*)
│   │   │       │   │   │   │       │   └── toml_parser feature "alloc" (*)
│   │   │       │   │   │   │       ├── toml_writer feature "std"
│   │   │       │   │   │   │       │   ├── toml_writer v1.1.2+spec-1.1.0
│   │   │       │   │   │   │       │   └── toml_writer feature "alloc" (*)
│   │   │       │   │   │   │       └── toml_datetime feature "std"
│   │   │       │   │   │   │           ├── toml_datetime v1.1.1+spec-1.1.0 (*)
│   │   │       │   │   │   │           ├── serde_core feature "std" (*)
│   │   │       │   │   │   │           └── toml_datetime feature "alloc" (*)
│   │   │       │   │   │   ├── toml feature "parse" (*)
│   │   │       │   │   │   ├── urlpattern feature "default"
│   │   │       │   │   │   │   └── urlpattern v0.3.0
│   │   │       │   │   │   │       ├── serde feature "default" (*)
│   │   │       │   │   │   │       ├── serde feature "derive" (*)
│   │   │       │   │   │   │       ├── url feature "default" (*)
│   │   │       │   │   │   │       ├── regex feature "default" (*)
│   │   │       │   │   │   │       ├── unic-ucd-ident feature "default"
│   │   │       │   │   │   │       │   ├── unic-ucd-ident v0.9.0
│   │   │       │   │   │   │       │   │   ├── unic-char-property feature "default"
│   │   │       │   │   │   │       │   │   │   └── unic-char-property v0.9.0
│   │   │       │   │   │   │       │   │   │       └── unic-char-range feature "default"
│   │   │       │   │   │   │       │   │   │           └── unic-char-range v0.9.0
│   │   │       │   │   │   │       │   │   ├── unic-char-range feature "default" (*)
│   │   │       │   │   │   │       │   │   └── unic-ucd-version feature "default"
│   │   │       │   │   │   │       │   │       └── unic-ucd-version v0.9.0
│   │   │       │   │   │   │       │   │           └── unic-common feature "default"
│   │   │       │   │   │   │       │   │               └── unic-common v0.9.0
│   │   │       │   │   │   │       │   └── unic-ucd-ident feature "xid"
│   │   │       │   │   │   │       │       └── unic-ucd-ident v0.9.0 (*)
│   │   │       │   │   │   │       └── unic-ucd-ident feature "id"
│   │   │       │   │   │   │           └── unic-ucd-ident v0.9.0 (*)
│   │   │       │   │   │   └── walkdir feature "default"
│   │   │       │   │   │       └── walkdir v2.5.0
│   │   │       │   │   │           └── same-file feature "default"
│   │   │       │   │   │               └── same-file v1.0.6
│   │   │       │   │   ├── tauri-utils feature "cargo_metadata"
│   │   │       │   │   │   └── tauri-utils v2.9.3 (*)
│   │   │       │   │   ├── tauri-utils feature "html-manipulation-2"
│   │   │       │   │   │   └── tauri-utils v2.9.3 (*)
│   │   │       │   │   ├── tauri-utils feature "proc-macro2"
│   │   │       │   │   │   └── tauri-utils v2.9.3 (*)
│   │   │       │   │   ├── tauri-utils feature "quote"
│   │   │       │   │   │   └── tauri-utils v2.9.3 (*)
│   │   │       │   │   ├── tauri-utils feature "schema"
│   │   │       │   │   │   ├── tauri-utils v2.9.3 (*)
│   │   │       │   │   │   └── tauri-utils feature "schemars"
│   │   │       │   │   │       └── tauri-utils v2.9.3 (*)
│   │   │       │   │   └── tauri-utils feature "swift-rs"
│   │   │       │   │       └── tauri-utils v2.9.3 (*)
│   │   │       │   ├── tauri-utils feature "default"
│   │   │       │   │   └── tauri-utils v2.9.3 (*)
│   │   │       │   ├── brotli feature "std" (*)
│   │   │       │   ├── thiserror feature "default" (*)
│   │   │       │   ├── plist feature "default" (*)
│   │   │       │   ├── base64 feature "default" (*)
│   │   │       │   ├── time feature "default" (*)
│   │   │       │   ├── time feature "formatting" (*)
│   │   │       │   ├── time feature "parsing" (*)
│   │   │       │   ├── walkdir feature "default" (*)
│   │   │       │   ├── ico feature "default"
│   │   │       │   │   └── ico v0.5.0
│   │   │       │   │       ├── byteorder feature "default" (*)
│   │   │       │   │       └── png feature "default"
│   │   │       │   │           └── png v0.17.16
│   │   │       │   │               ├── bitflags feature "default"
│   │   │       │   │               │   └── bitflags v1.3.2
│   │   │       │   │               ├── crc32fast feature "default"
│   │   │       │   │               │   ├── crc32fast v1.5.1
│   │   │       │   │               │   │   └── cfg-if feature "default" (*)
│   │   │       │   │               │   └── crc32fast feature "std"
│   │   │       │   │               │       └── crc32fast v1.5.1 (*)
│   │   │       │   │               ├── fdeflate feature "default"
│   │   │       │   │               │   └── fdeflate v0.3.7
│   │   │       │   │               │       └── simd-adler32 feature "default"
│   │   │       │   │               │           ├── simd-adler32 v0.3.10
│   │   │       │   │               │           ├── simd-adler32 feature "const-generics"
│   │   │       │   │               │           │   └── simd-adler32 v0.3.10
│   │   │       │   │               │           └── simd-adler32 feature "std"
│   │   │       │   │               │               └── simd-adler32 v0.3.10
│   │   │       │   │               ├── flate2 feature "default"
│   │   │       │   │               │   ├── flate2 v1.1.10
│   │   │       │   │               │   │   ├── crc32fast v1.5.1 (*)
│   │   │       │   │               │   │   ├── miniz_oxide feature "default"
│   │   │       │   │               │   │   │   ├── miniz_oxide v0.9.1
│   │   │       │   │               │   │   │   │   ├── adler2 v2.0.1
│   │   │       │   │               │   │   │   │   └── simd-adler32 v0.3.10
│   │   │       │   │               │   │   │   └── miniz_oxide feature "with-alloc"
│   │   │       │   │               │   │   │       └── miniz_oxide v0.9.1 (*)
│   │   │       │   │               │   │   └── miniz_oxide feature "simd"
│   │   │       │   │               │   │       ├── miniz_oxide v0.9.1 (*)
│   │   │       │   │               │   │       └── miniz_oxide feature "simd-adler32"
│   │   │       │   │               │   │           └── miniz_oxide v0.9.1 (*)
│   │   │       │   │               │   ├── flate2 feature "runtime_detection"
│   │   │       │   │               │   │   ├── flate2 v1.1.10 (*)
│   │   │       │   │               │   │   └── crc32fast feature "std" (*)
│   │   │       │   │               │   └── flate2 feature "rust_backend"
│   │   │       │   │               │       ├── flate2 v1.1.10 (*)
│   │   │       │   │               │       ├── flate2 feature "any_impl"
│   │   │       │   │               │       │   └── flate2 v1.1.10 (*)
│   │   │       │   │               │       └── flate2 feature "miniz_oxide"
│   │   │       │   │               │           ├── flate2 v1.1.10 (*)
│   │   │       │   │               │           └── flate2 feature "any_impl" (*)
│   │   │       │   │               ├── miniz_oxide feature "default"
│   │   │       │   │               │   ├── miniz_oxide v0.8.9
│   │   │       │   │               │   │   ├── adler2 v2.0.1
│   │   │       │   │               │   │   └── simd-adler32 v0.3.10
│   │   │       │   │               │   └── miniz_oxide feature "with-alloc"
│   │   │       │   │               │       └── miniz_oxide v0.8.9 (*)
│   │   │       │   │               └── miniz_oxide feature "simd"
│   │   │       │   │                   ├── miniz_oxide v0.8.9 (*)
│   │   │       │   │                   └── miniz_oxide feature "simd-adler32"
│   │   │       │   │                       └── miniz_oxide v0.8.9 (*)
│   │   │       │   ├── png feature "default" (*)
│   │   │       │   └── sha2 feature "default"
│   │   │       │       ├── sha2 v0.10.9
│   │   │       │       │   ├── cfg-if feature "default" (*)
│   │   │       │       │   ├── cpufeatures feature "default"
│   │   │       │       │   │   └── cpufeatures v0.2.17
│   │   │       │       │   │       └── libc v0.2.189
│   │   │       │       │   └── digest feature "default"
│   │   │       │       │       ├── digest v0.10.7
│   │   │       │       │       │   ├── block-buffer feature "default"
│   │   │       │       │       │   │   └── block-buffer v0.10.4
│   │   │       │       │       │   │       └── generic-array feature "default"
│   │   │       │       │       │   │           └── generic-array v0.14.7
│   │   │       │       │       │   │               └── typenum feature "default"
│   │   │       │       │       │   │                   └── typenum v1.20.1
│   │   │       │       │       │   │               [build-dependencies]
│   │   │       │       │       │   │               └── version_check feature "default" (*)
│   │   │       │       │       │   └── crypto-common feature "default"
│   │   │       │       │       │       └── crypto-common v0.1.7
│   │   │       │       │       │           ├── generic-array feature "default" (*)
│   │   │       │       │       │           ├── generic-array feature "more_lengths"
│   │   │       │       │       │           │   └── generic-array v0.14.7 (*)
│   │   │       │       │       │           └── typenum feature "default" (*)
│   │   │       │       │       └── digest feature "core-api"
│   │   │       │       │           ├── digest v0.10.7 (*)
│   │   │       │       │           └── digest feature "block-buffer"
│   │   │       │       │               └── digest v0.10.7 (*)
│   │   │       │       └── sha2 feature "std"
│   │   │       │           ├── sha2 v0.10.9 (*)
│   │   │       │           └── digest feature "std"
│   │   │       │               ├── digest v0.10.7 (*)
│   │   │       │               ├── digest feature "alloc"
│   │   │       │               │   └── digest v0.10.7 (*)
│   │   │       │               └── crypto-common feature "std"
│   │   │       │                   └── crypto-common v0.1.7 (*)
│   │   │       ├── proc-macro2 feature "default" (*)
│   │   │       ├── proc-macro2 feature "span-locations"
│   │   │       │   └── proc-macro2 v1.0.107 (*)
│   │   │       ├── quote feature "default" (*)
│   │   │       ├── syn feature "default" (*)
│   │   │       ├── syn feature "full" (*)
│   │   │       ├── heck feature "default"
│   │   │       │   └── heck v0.5.0
│   │   │       └── tauri-utils feature "default" (*)
│   │   ├── tauri-runtime feature "default" (*)
│   │   ├── tauri-utils feature "default" (*)
│   │   ├── tauri-utils feature "resources"
│   │   │   ├── tauri-utils v2.9.3 (*)
│   │   │   └── tauri-utils feature "walkdir"
│   │   │       └── tauri-utils v2.9.3 (*)
│   │   ├── tray-icon feature "gtk"
│   │   │   ├── tray-icon v0.24.2
│   │   │   │   ├── muda v0.19.3 (*)
│   │   │   │   ├── once_cell feature "default" (*)
│   │   │   │   ├── serde feature "default" (*)
│   │   │   │   ├── crossbeam-channel feature "default" (*)
│   │   │   │   ├── objc2 feature "default" (*)
│   │   │   │   ├── objc2-app-kit feature "NSButton" (*)
│   │   │   │   ├── objc2-app-kit feature "NSCell" (*)
│   │   │   │   ├── objc2-app-kit feature "NSControl" (*)
│   │   │   │   ├── objc2-app-kit feature "NSEvent" (*)
│   │   │   │   ├── objc2-app-kit feature "NSImage" (*)
│   │   │   │   ├── objc2-app-kit feature "NSMenu" (*)
│   │   │   │   ├── objc2-app-kit feature "NSResponder" (*)
│   │   │   │   ├── objc2-app-kit feature "NSStatusBar"
│   │   │   │   │   └── objc2-app-kit v0.3.2 (*)
│   │   │   │   ├── objc2-app-kit feature "NSStatusBarButton"
│   │   │   │   │   ├── objc2-app-kit v0.3.2 (*)
│   │   │   │   │   ├── objc2-foundation feature "NSCoder" (*)
│   │   │   │   │   ├── objc2-foundation feature "NSGeometry" (*)
│   │   │   │   │   ├── objc2-foundation feature "NSObject" (*)
│   │   │   │   │   ├── objc2-foundation feature "NSString" (*)
│   │   │   │   │   └── objc2-foundation feature "objc2-core-foundation" (*)
│   │   │   │   ├── objc2-app-kit feature "NSStatusItem"
│   │   │   │   │   ├── objc2-app-kit v0.3.2 (*)
│   │   │   │   │   ├── objc2-app-kit feature "bitflags" (*)
│   │   │   │   │   ├── objc2-foundation feature "NSAttributedString" (*)
│   │   │   │   │   ├── objc2-foundation feature "NSGeometry" (*)
│   │   │   │   │   ├── objc2-foundation feature "NSString" (*)
│   │   │   │   │   └── objc2-foundation feature "objc2-core-foundation" (*)
│   │   │   │   ├── objc2-app-kit feature "NSTrackingArea"
│   │   │   │   │   ├── objc2-app-kit v0.3.2 (*)
│   │   │   │   │   ├── objc2-app-kit feature "bitflags" (*)
│   │   │   │   │   ├── objc2-foundation feature "NSDictionary" (*)
│   │   │   │   │   ├── objc2-foundation feature "NSGeometry" (*)
│   │   │   │   │   ├── objc2-foundation feature "NSObject" (*)
│   │   │   │   │   └── objc2-foundation feature "objc2-core-foundation" (*)
│   │   │   │   ├── objc2-app-kit feature "NSView" (*)
│   │   │   │   ├── objc2-app-kit feature "NSWindow" (*)
│   │   │   │   ├── objc2-app-kit feature "objc2-core-foundation" (*)
│   │   │   │   ├── objc2-app-kit feature "std" (*)
│   │   │   │   ├── objc2-core-foundation feature "CFCGTypes" (*)
│   │   │   │   ├── objc2-core-foundation feature "CFRunLoop" (*)
│   │   │   │   ├── objc2-core-foundation feature "std" (*)
│   │   │   │   ├── objc2-foundation feature "NSArray" (*)
│   │   │   │   ├── objc2-foundation feature "NSData" (*)
│   │   │   │   ├── objc2-foundation feature "NSEnumerator" (*)
│   │   │   │   ├── objc2-foundation feature "NSGeometry" (*)
│   │   │   │   ├── objc2-foundation feature "NSString" (*)
│   │   │   │   ├── objc2-foundation feature "NSThread" (*)
│   │   │   │   ├── objc2-foundation feature "block2"
│   │   │   │   │   └── objc2-foundation v0.3.2 (*)
│   │   │   │   ├── objc2-foundation feature "objc2-core-foundation" (*)
│   │   │   │   ├── objc2-foundation feature "std" (*)
│   │   │   │   ├── png feature "default" (*)
│   │   │   │   ├── thiserror feature "default" (*)
│   │   │   │   ├── objc2-core-graphics feature "CGDirectDisplay"
│   │   │   │   │   ├── objc2-core-graphics v0.3.2
│   │   │   │   │   │   ├── objc2-core-foundation v0.3.2 (*)
│   │   │   │   │   │   └── bitflags feature "std" (*)
│   │   │   │   │   ├── objc2-core-foundation feature "CFArray" (*)
│   │   │   │   │   ├── objc2-core-foundation feature "CFCGTypes" (*)
│   │   │   │   │   ├── objc2-core-foundation feature "CFDictionary" (*)
│   │   │   │   │   └── objc2-core-graphics feature "bitflags"
│   │   │   │   │       └── objc2-core-graphics v0.3.2 (*)
│   │   │   │   └── objc2-core-graphics feature "std"
│   │   │   │       ├── objc2-core-graphics v0.3.2 (*)
│   │   │   │       └── objc2-core-graphics feature "alloc"
│   │   │   │           └── objc2-core-graphics v0.3.2 (*)
│   │   │   └── muda feature "gtk" (*)
│   │   ├── tray-icon feature "serde"
│   │   │   ├── tray-icon v0.24.2 (*)
│   │   │   └── muda feature "serde" (*)
│   │   └── window-vibrancy feature "default"
│   │       └── window-vibrancy v0.6.0
│   │           ├── objc2 feature "default" (*)
│   │           ├── objc2-app-kit feature "NSApplication" (*)
│   │           ├── objc2-app-kit feature "NSGraphics" (*)
│   │           ├── objc2-app-kit feature "NSResponder" (*)
│   │           ├── objc2-app-kit feature "NSView" (*)
│   │           ├── objc2-app-kit feature "NSVisualEffectView"
│   │           │   ├── objc2-app-kit v0.3.2 (*)
│   │           │   ├── objc2-foundation feature "NSCoder" (*)
│   │           │   ├── objc2-foundation feature "NSGeometry" (*)
│   │           │   ├── objc2-foundation feature "NSObject" (*)
│   │           │   └── objc2-foundation feature "objc2-core-foundation" (*)
│   │           ├── objc2-app-kit feature "std" (*)
│   │           ├── objc2-core-foundation feature "std" (*)
│   │           ├── objc2-foundation feature "NSGeometry" (*)
│   │           ├── objc2-foundation feature "NSThread" (*)
│   │           ├── objc2-foundation feature "std" (*)
│   │           └── raw-window-handle feature "default" (*)
│   │   [build-dependencies]
│   │   ├── tauri-build v2.6.3
│   │   │   ├── glob feature "default" (*)
│   │   │   ├── heck feature "default" (*)
│   │   │   ├── anyhow feature "default" (*)
│   │   │   ├── cargo_toml feature "default"
│   │   │   │   └── cargo_toml v0.22.3
│   │   │   │       ├── serde feature "default" (*)
│   │   │   │       ├── serde feature "derive" (*)
│   │   │   │       └── toml feature "default"
│   │   │   │           ├── toml v0.9.12+spec-1.1.0
│   │   │   │           │   ├── winnow v0.7.15
│   │   │   │           │   ├── serde_core feature "alloc" (*)
│   │   │   │           │   ├── serde_spanned feature "alloc" (*)
│   │   │   │           │   ├── toml_datetime feature "alloc"
│   │   │   │           │   │   ├── toml_datetime v0.7.5+spec-1.1.0
│   │   │   │           │   │   │   └── serde_core v1.0.229
│   │   │   │           │   │   └── serde_core feature "alloc" (*)
│   │   │   │           │   ├── toml_parser feature "alloc" (*)
│   │   │   │           │   └── toml_writer feature "alloc" (*)
│   │   │   │           ├── toml feature "display"
│   │   │   │           │   └── toml v0.9.12+spec-1.1.0 (*)
│   │   │   │           ├── toml feature "parse"
│   │   │   │           │   └── toml v0.9.12+spec-1.1.0 (*)
│   │   │   │           ├── toml feature "serde"
│   │   │   │           │   ├── toml v0.9.12+spec-1.1.0 (*)
│   │   │   │           │   ├── serde_spanned feature "serde" (*)
│   │   │   │           │   └── toml_datetime feature "serde"
│   │   │   │           │       └── toml_datetime v0.7.5+spec-1.1.0 (*)
│   │   │   │           └── toml feature "std"
│   │   │   │               ├── toml v0.9.12+spec-1.1.0 (*)
│   │   │   │               ├── serde_core feature "std" (*)
│   │   │   │               ├── serde_spanned feature "std" (*)
│   │   │   │               ├── toml_datetime feature "std"
│   │   │   │               │   ├── toml_datetime v0.7.5+spec-1.1.0 (*)
│   │   │   │               │   ├── serde_core feature "std" (*)
│   │   │   │               │   └── toml_datetime feature "alloc" (*)
│   │   │   │               ├── toml_parser feature "std" (*)
│   │   │   │               └── toml_writer feature "std" (*)
│   │   │   ├── serde feature "default" (*)
│   │   │   ├── dirs feature "default"
│   │   │   │   └── dirs v6.0.0
│   │   │   │       └── dirs-sys feature "default"
│   │   │   │           └── dirs-sys v0.5.0
│   │   │   │               ├── libc feature "default" (*)
│   │   │   │               └── option-ext feature "default"
│   │   │   │                   └── option-ext v0.2.0
│   │   │   ├── json-patch feature "default" (*)
│   │   │   ├── serde_json feature "default" (*)
│   │   │   ├── schemars feature "default" (*)
│   │   │   ├── schemars feature "preserve_order"
│   │   │   │   ├── schemars v0.8.22 (*)
│   │   │   │   └── schemars feature "indexmap"
│   │   │   │       └── schemars v0.8.22 (*)
│   │   │   ├── semver feature "default" (*)
│   │   │   ├── tauri-utils feature "build-2" (*)
│   │   │   ├── tauri-utils feature "default" (*)
│   │   │   ├── tauri-utils feature "resources"
│   │   │   │   ├── tauri-utils v2.9.3 (*)
│   │   │   │   └── tauri-utils feature "walkdir"
│   │   │   │       └── tauri-utils v2.9.3 (*)
│   │   │   ├── walkdir feature "default" (*)
│   │   │   └── tauri-winres feature "default"
│   │   │       └── tauri-winres v0.3.6
│   │   │           ├── dunce feature "default" (*)
│   │   │           ├── toml feature "default" (*)
│   │   │           └── embed-resource feature "default"
│   │   │               └── embed-resource v3.0.11
│   │   │                   ├── cc feature "default" (*)
│   │   │                   ├── memchr feature "default" (*)
│   │   │                   ├── rustc_version feature "default" (*)
│   │   │                   └── toml feature "default" (*)
│   │   ├── glob feature "default" (*)
│   │   ├── heck feature "default" (*)
│   │   ├── tauri-utils feature "build-2" (*)
│   │   └── tauri-utils feature "default" (*)
│   ├── tauri feature "common-controls-v6"
│   │   ├── tauri v2.11.5 (*)
│   │   ├── muda feature "common-controls-v6"
│   │   │   └── muda v0.19.3 (*)
│   │   ├── tauri-runtime-wry feature "common-controls-v6"
│   │   │   └── tauri-runtime-wry v2.11.4 (*)
│   │   └── tray-icon feature "common-controls-v6"
│   │       ├── tray-icon v0.24.2 (*)
│   │       └── muda feature "common-controls-v6" (*)
│   ├── tauri feature "compression"
│   │   ├── tauri v2.11.5 (*)
│   │   ├── tauri-utils feature "compression"
│   │   │   ├── tauri-utils v2.9.3 (*)
│   │   │   └── tauri-utils feature "brotli"
│   │   │       └── tauri-utils v2.9.3 (*)
│   │   ├── tauri-macros feature "compression"
│   │   │   ├── tauri-macros v2.6.3 (proc-macro) (*)
│   │   │   └── tauri-codegen feature "compression"
│   │   │       ├── tauri-codegen v2.6.3 (*)
│   │   │       ├── tauri-utils feature "compression" (*)
│   │   │       └── tauri-codegen feature "brotli"
│   │   │           └── tauri-codegen v2.6.3 (*)
│   │   └── tauri-utils feature "compression"
│   │       ├── tauri-utils v2.9.3 (*)
│   │       └── tauri-utils feature "brotli"
│   │           └── tauri-utils v2.9.3 (*)
│   ├── tauri feature "dbus"
│   │   ├── tauri v2.11.5 (*)
│   │   └── tauri-runtime-wry feature "dbus"
│   │       ├── tauri-runtime-wry v2.11.4 (*)
│   │       └── tao feature "dbus"
│   │           └── tao v0.35.3 (*)
│   ├── tauri feature "dynamic-acl"
│   │   └── tauri v2.11.5 (*)
│   ├── tauri feature "wry"
│   │   ├── tauri v2.11.5 (*)
│   │   ├── tauri feature "tauri-runtime-wry"
│   │   │   └── tauri v2.11.5 (*)
│   │   ├── tauri feature "webkit2gtk"
│   │   │   └── tauri v2.11.5 (*)
│   │   └── tauri feature "webview2-com"
│   │       └── tauri v2.11.5 (*)
│   └── tauri feature "x11"
│       ├── tauri v2.11.5 (*)
│       └── tauri-runtime-wry feature "x11"
│           ├── tauri-runtime-wry v2.11.4 (*)
│           ├── tao feature "x11"
│           │   └── tao v0.35.3 (*)
│           └── wry feature "x11"
│               ├── wry v0.55.1 (*)
│               ├── wry feature "gdkx11"
│               │   └── wry v0.55.1 (*)
│               └── wry feature "x11-dl"
│                   └── wry v0.55.1 (*)
├── tauri feature "tray-icon"
│   └── tauri v2.11.5 (*)
├── thiserror feature "default" (*)
└── veyra-core feature "default"
    └── veyra-core v0.1.0 (/Users/lifeilin/wx_lifeilin/github.com/lifei6671/veyra/crates/veyra-core)
        ├── sha2 v0.10.9 (*)
        ├── getrandom feature "default" (*)
        ├── reqwest feature "json" (*)
        ├── reqwest feature "rustls-tls" (*)
        ├── tokio feature "default" (*)
        ├── tokio feature "rt-multi-thread" (*)
        ├── tokio feature "sync" (*)
        ├── tokio feature "time" (*)
        ├── futures-util feature "async-await"
        │   └── futures-util v0.3.34 (*)
        ├── futures-util feature "sink"
        │   ├── futures-util v0.3.34 (*)
        │   └── futures-util feature "futures-sink"
        │       └── futures-util v0.3.34 (*)
        ├── futures-util feature "std"
        │   ├── futures-util v0.3.34 (*)
        │   ├── futures-core feature "std" (*)
        │   ├── futures-util feature "alloc" (*)
        │   ├── futures-util feature "slab" (*)
        │   ├── futures-task feature "std"
        │   │   ├── futures-task v0.3.34
        │   │   └── futures-task feature "alloc" (*)
        │   └── slab feature "std"
        │       └── slab v0.4.12
        ├── tracing feature "default" (*)
        ├── serde feature "default" (*)
        ├── serde feature "derive" (*)
        ├── serde_json feature "default" (*)
        ├── thiserror feature "default" (*)
        ├── serde_yaml_ng feature "default"
        │   └── serde_yaml_ng v0.10.0
        │       ├── itoa feature "default" (*)
        │       ├── serde feature "default" (*)
        │       ├── ryu feature "default" (*)
        │       ├── indexmap feature "default" (*)
        │       └── unsafe-libyaml feature "default"
        │           └── unsafe-libyaml v0.2.11
        └── tokio-tungstenite feature "connect"
            ├── tokio-tungstenite v0.30.0
            │   ├── tungstenite v0.30.0
            │   │   ├── bytes feature "default" (*)
            │   │   ├── http feature "default" (*)
            │   │   ├── httparse feature "default" (*)
            │   │   ├── log feature "default" (*)
            │   │   ├── thiserror feature "default" (*)
            │   │   ├── data-encoding feature "default"
            │   │   │   ├── data-encoding v2.11.1
            │   │   │   └── data-encoding feature "std"
            │   │   │       ├── data-encoding v2.11.1
            │   │   │       └── data-encoding feature "alloc"
            │   │   │           └── data-encoding v2.11.1
            │   │   ├── rand feature "default"
            │   │   │   ├── rand v0.10.2
            │   │   │   │   ├── rand_core v0.10.1
            │   │   │   │   ├── getrandom feature "default" (*)
            │   │   │   │   └── chacha20 feature "rng"
            │   │   │   │       └── chacha20 v0.10.2
            │   │   │   │           ├── rand_core v0.10.1
            │   │   │   │           └── cfg-if feature "default" (*)
            │   │   │   ├── rand feature "std"
            │   │   │   │   ├── rand v0.10.2 (*)
            │   │   │   │   ├── getrandom feature "std"
            │   │   │   │   │   └── getrandom v0.4.3 (*)
            │   │   │   │   └── rand feature "alloc"
            │   │   │   │       └── rand v0.10.2 (*)
            │   │   │   ├── rand feature "std_rng"
            │   │   │   │   └── rand v0.10.2 (*)
            │   │   │   ├── rand feature "sys_rng"
            │   │   │   │   ├── rand v0.10.2 (*)
            │   │   │   │   ├── getrandom feature "sys_rng"
            │   │   │   │   │   └── getrandom v0.4.3 (*)
            │   │   │   │   └── rand feature "getrandom"
            │   │   │   │       └── rand v0.10.2 (*)
            │   │   │   └── rand feature "thread_rng"
            │   │   │       ├── rand v0.10.2 (*)
            │   │   │       ├── rand feature "std" (*)
            │   │   │       ├── rand feature "std_rng" (*)
            │   │   │       └── rand feature "sys_rng" (*)
            │   │   └── sha1 feature "default"
            │   │       ├── sha1 v0.11.0
            │   │       │   ├── cfg-if feature "default" (*)
            │   │       │   ├── cpufeatures feature "default"
            │   │       │   │   └── cpufeatures v0.3.1
            │   │       │   │       └── libc v0.2.189
            │   │       │   └── digest feature "default"
            │   │       │       ├── digest v0.11.3
            │   │       │       │   ├── block-buffer feature "default"
            │   │       │       │   │   └── block-buffer v0.12.1
            │   │       │       │   │       └── hybrid-array feature "default"
            │   │       │       │   │           └── hybrid-array v0.4.14
            │   │       │       │   │               ├── typenum feature "const-generics"
            │   │       │       │   │               │   └── typenum v1.20.1
            │   │       │       │   │               └── typenum feature "default" (*)
            │   │       │       │   ├── const-oid feature "default"
            │   │       │       │   │   └── const-oid v0.10.2
            │   │       │       │   └── crypto-common feature "default"
            │   │       │       │       └── crypto-common v0.2.2
            │   │       │       │           └── hybrid-array feature "default" (*)
            │   │       │       └── digest feature "block-api"
            │   │       │           └── digest v0.11.3 (*)
            │   │       ├── sha1 feature "alloc"
            │   │       │   ├── sha1 v0.11.0 (*)
            │   │       │   └── digest feature "alloc"
            │   │       │       └── digest v0.11.3 (*)
            │   │       └── sha1 feature "oid"
            │   │           ├── sha1 v0.11.0 (*)
            │   │           └── digest feature "oid"
            │   │               └── digest v0.11.3 (*)
            │   ├── tokio feature "io-util" (*)
            │   ├── futures-util feature "sink" (*)
            │   ├── futures-util feature "std" (*)
            │   └── log feature "default" (*)
            ├── tokio feature "net" (*)
            ├── tokio-tungstenite feature "handshake"
            │   ├── tokio-tungstenite v0.30.0 (*)
            │   └── tungstenite feature "handshake"
            │       ├── tungstenite v0.30.0 (*)
            │       ├── tungstenite feature "data-encoding"
            │       │   └── tungstenite v0.30.0 (*)
            │       ├── tungstenite feature "http"
            │       │   └── tungstenite v0.30.0 (*)
            │       ├── tungstenite feature "httparse"
            │       │   └── tungstenite v0.30.0 (*)
            │       └── tungstenite feature "sha1"
            │           └── tungstenite v0.30.0 (*)
            └── tokio-tungstenite feature "stream"
                └── tokio-tungstenite v0.30.0 (*)
[build-dependencies]
└── tauri-build feature "default"
    ├── tauri-build v2.6.3 (*)
    └── tauri-build feature "config-json"
        └── tauri-build v2.6.3 (*)
